,0,1
0,1,53
1,1,54
2,1,55
3,1,56
4,1,57
5,1,58
6,1,59
7,1,60
8,1,61
9,1,62
10,1,63
11,1,64
12,1,65
13,1,66
14,1,67
15,1,68
16,1,69
17,1,70
18,1,71
19,1,72
20,1,73
21,1,74
22,1,75
23,2,49
24,2,50
25,2,51
26,2,52
27,2,53
28,2,54
29,2,55
30,2,56
31,2,57
32,2,58
33,2,59
34,2,60
35,2,61
36,2,62
37,2,63
38,2,64
39,2,65
40,2,66
41,2,67
42,2,68
43,2,69
44,2,70
45,2,71
46,2,72
47,2,73
48,2,74
49,2,75
50,2,76
51,2,77
52,2,78
53,2,79
54,3,45
55,3,46
56,3,47
57,3,48
58,3,49
59,3,50
60,3,51
61,3,52
62,3,53
63,3,54
64,3,55
65,3,56
66,3,57
67,3,58
68,3,59
69,3,60
70,3,61
71,3,62
72,3,63
73,3,64
74,3,65
75,3,66
76,3,67
77,3,68
78,3,69
79,3,70
80,3,71
81,3,72
82,3,73
83,3,74
84,3,75
85,3,76
86,3,77
87,3,78
88,3,79
89,3,80
90,3,81
91,3,82
92,3,83
93,4,42
94,4,43
95,4,44
96,4,45
97,4,46
98,4,47
99,4,48
100,4,49
101,4,50
102,4,51
103,4,52
104,4,53
105,4,54
106,4,55
107,4,56
108,4,57
109,4,58
110,4,59
111,4,60
112,4,61
113,4,62
114,4,63
115,4,64
116,4,65
117,4,66
118,4,67
119,4,68
120,4,69
121,4,70
122,4,71
123,4,72
124,4,73
125,4,74
126,4,75
127,4,76
128,4,77
129,4,78
130,4,79
131,4,80
132,4,81
133,4,82
134,4,83
135,4,84
136,4,85
137,4,86
138,5,40
139,5,41
140,5,42
141,5,43
142,5,44
143,5,45
144,5,46
145,5,47
146,5,48
147,5,49
148,5,50
149,5,51
150,5,52
151,5,53
152,5,54
153,5,55
154,5,56
155,5,57
156,5,58
157,5,59
158,5,60
159,5,61
160,5,62
161,5,63
162,5,64
163,5,65
164,5,66
165,5,67
166,5,68
167,5,69
168,5,70
169,5,71
170,5,72
171,5,73
172,5,74
173,5,75
174,5,76
175,5,77
176,5,78
177,5,79
178,5,80
179,5,81
180,5,82
181,5,83
182,5,84
183,5,85
184,5,86
185,5,87
186,5,88
187,6,37
188,6,38
189,6,39
190,6,40
191,6,41
192,6,42
193,6,43
194,6,44
195,6,45
196,6,46
197,6,47
198,6,48
199,6,49
200,6,50
201,6,51
202,6,52
203,6,53
204,6,54
205,6,55
206,6,56
207,6,57
208,6,58
209,6,59
210,6,60
211,6,61
212,6,62
213,6,63
214,6,64
215,6,65
216,6,66
217,6,67
218,6,68
219,6,69
220,6,70
221,6,71
222,6,72
223,6,73
224,6,74
225,6,75
226,6,76
227,6,77
228,6,78
229,6,79
230,6,80
231,6,81
232,6,82
233,6,83
234,6,84
235,6,85
236,6,86
237,6,87
238,6,88
239,6,89
240,6,90
241,6,91
242,7,35
243,7,36
244,7,37
245,7,38
246,7,39
247,7,40
248,7,41
249,7,42
250,7,43
251,7,44
252,7,45
253,7,46
254,7,47
255,7,48
256,7,49
257,7,50
258,7,51
259,7,52
260,7,53
261,7,54
262,7,55
263,7,56
264,7,57
265,7,58
266,7,59
267,7,60
268,7,61
269,7,62
270,7,63
271,7,64
272,7,65
273,7,66
274,7,67
275,7,68
276,7,69
277,7,70
278,7,71
279,7,72
280,7,73
281,7,74
282,7,75
283,7,76
284,7,77
285,7,78
286,7,79
287,7,80
288,7,81
289,7,82
290,7,83
291,7,84
292,7,85
293,7,86
294,7,87
295,7,88
296,7,89
297,7,90
298,7,91
299,7,92
300,7,93
301,8,34
302,8,35
303,8,36
304,8,37
305,8,38
306,8,39
307,8,40
308,8,41
309,8,42
310,8,43
311,8,44
312,8,45
313,8,46
314,8,47
315,8,48
316,8,49
317,8,50
318,8,51
319,8,52
320,8,53
321,8,54
322,8,55
323,8,56
324,8,57
325,8,58
326,8,59
327,8,60
328,8,61
329,8,62
330,8,63
331,8,64
332,8,65
333,8,66
334,8,67
335,8,68
336,8,69
337,8,70
338,8,71
339,8,72
340,8,73
341,8,74
342,8,75
343,8,76
344,8,77
345,8,78
346,8,79
347,8,80
348,8,81
349,8,82
350,8,83
351,8,84
352,8,85
353,8,86
354,8,87
355,8,88
356,8,89
357,8,90
358,8,91
359,8,92
360,8,93
361,8,94
362,9,32
363,9,33
364,9,34
365,9,35
366,9,36
367,9,37
368,9,38
369,9,39
370,9,40
371,9,41
372,9,42
373,9,43
374,9,44
375,9,45
376,9,46
377,9,47
378,9,48
379,9,49
380,9,50
381,9,51
382,9,52
383,9,53
384,9,54
385,9,55
386,9,56
387,9,57
388,9,58
389,9,59
390,9,60
391,9,61
392,9,62
393,9,63
394,9,64
395,9,65
396,9,66
397,9,67
398,9,68
399,9,69
400,9,70
401,9,71
402,9,72
403,9,73
404,9,74
405,9,75
406,9,76
407,9,77
408,9,78
409,9,79
410,9,80
411,9,81
412,9,82
413,9,83
414,9,84
415,9,85
416,9,86
417,9,87
418,9,88
419,9,89
420,9,90
421,9,91
422,9,92
423,9,93
424,9,94
425,9,95
426,9,96
427,10,30
428,10,31
429,10,32
430,10,33
431,10,34
432,10,35
433,10,36
434,10,37
435,10,38
436,10,39
437,10,40
438,10,41
439,10,42
440,10,43
441,10,44
442,10,45
443,10,46
444,10,47
445,10,48
446,10,49
447,10,50
448,10,51
449,10,52
450,10,53
451,10,54
452,10,55
453,10,56
454,10,57
455,10,58
456,10,59
457,10,60
458,10,61
459,10,62
460,10,63
461,10,64
462,10,65
463,10,66
464,10,67
465,10,68
466,10,69
467,10,70
468,10,71
469,10,72
470,10,73
471,10,74
472,10,75
473,10,76
474,10,77
475,10,78
476,10,79
477,10,80
478,10,81
479,10,82
480,10,83
481,10,84
482,10,85
483,10,86
484,10,87
485,10,88
486,10,89
487,10,90
488,10,91
489,10,92
490,10,93
491,10,94
492,10,95
493,10,96
494,10,97
495,10,98
496,11,29
497,11,30
498,11,31
499,11,32
500,11,33
501,11,34
502,11,35
503,11,36
504,11,37
505,11,38
506,11,39
507,11,40
508,11,41
509,11,42
510,11,43
511,11,44
512,11,45
513,11,46
514,11,47
515,11,48
516,11,49
517,11,50
518,11,51
519,11,52
520,11,53
521,11,54
522,11,55
523,11,56
524,11,57
525,11,58
526,11,59
527,11,60
528,11,61
529,11,62
530,11,63
531,11,64
532,11,65
533,11,66
534,11,67
535,11,68
536,11,69
537,11,70
538,11,71
539,11,72
540,11,73
541,11,74
542,11,75
543,11,76
544,11,77
545,11,78
546,11,79
547,11,80
548,11,81
549,11,82
550,11,83
551,11,84
552,11,85
553,11,86
554,11,87
555,11,88
556,11,89
557,11,90
558,11,91
559,11,92
560,11,93
561,11,94
562,11,95
563,11,96
564,11,97
565,11,98
566,11,99
567,12,27
568,12,28
569,12,29
570,12,30
571,12,31
572,12,32
573,12,33
574,12,34
575,12,35
576,12,36
577,12,37
578,12,38
579,12,39
580,12,40
581,12,41
582,12,42
583,12,43
584,12,44
585,12,45
586,12,46
587,12,47
588,12,48
589,12,49
590,12,50
591,12,51
592,12,52
593,12,53
594,12,54
595,12,55
596,12,56
597,12,57
598,12,58
599,12,59
600,12,60
601,12,61
602,12,62
603,12,63
604,12,64
605,12,65
606,12,66
607,12,67
608,12,68
609,12,69
610,12,70
611,12,71
612,12,72
613,12,73
614,12,74
615,12,75
616,12,76
617,12,77
618,12,78
619,12,79
620,12,80
621,12,81
622,12,82
623,12,83
624,12,84
625,12,85
626,12,86
627,12,87
628,12,88
629,12,89
630,12,90
631,12,91
632,12,92
633,12,93
634,12,94
635,12,95
636,12,96
637,12,97
638,12,98
639,12,99
640,12,100
641,12,101
642,13,26
643,13,27
644,13,28
645,13,29
646,13,30
647,13,31
648,13,32
649,13,33
650,13,34
651,13,35
652,13,36
653,13,37
654,13,38
655,13,39
656,13,40
657,13,41
658,13,42
659,13,43
660,13,44
661,13,45
662,13,46
663,13,47
664,13,48
665,13,49
666,13,50
667,13,51
668,13,52
669,13,53
670,13,54
671,13,55
672,13,56
673,13,57
674,13,58
675,13,59
676,13,60
677,13,61
678,13,62
679,13,63
680,13,64
681,13,65
682,13,66
683,13,67
684,13,68
685,13,69
686,13,70
687,13,71
688,13,72
689,13,73
690,13,74
691,13,75
692,13,76
693,13,77
694,13,78
695,13,79
696,13,80
697,13,81
698,13,82
699,13,83
700,13,84
701,13,85
702,13,86
703,13,87
704,13,88
705,13,89
706,13,90
707,13,91
708,13,92
709,13,93
710,13,94
711,13,95
712,13,96
713,13,97
714,13,98
715,13,99
716,13,100
717,13,101
718,13,102
719,14,25
720,14,26
721,14,27
722,14,28
723,14,29
724,14,30
725,14,31
726,14,32
727,14,33
728,14,34
729,14,35
730,14,36
731,14,37
732,14,38
733,14,39
734,14,40
735,14,41
736,14,42
737,14,43
738,14,44
739,14,45
740,14,46
741,14,47
742,14,48
743,14,49
744,14,50
745,14,51
746,14,52
747,14,53
748,14,54
749,14,55
750,14,56
751,14,57
752,14,58
753,14,59
754,14,60
755,14,61
756,14,62
757,14,63
758,14,64
759,14,65
760,14,66
761,14,67
762,14,68
763,14,69
764,14,70
765,14,71
766,14,72
767,14,73
768,14,74
769,14,75
770,14,76
771,14,77
772,14,78
773,14,79
774,14,80
775,14,81
776,14,82
777,14,83
778,14,84
779,14,85
780,14,86
781,14,87
782,14,88
783,14,89
784,14,90
785,14,91
786,14,92
787,14,93
788,14,94
789,14,95
790,14,96
791,14,97
792,14,98
793,14,99
794,14,100
795,14,101
796,14,102
797,14,103
798,15,23
799,15,24
800,15,25
801,15,26
802,15,27
803,15,28
804,15,29
805,15,30
806,15,31
807,15,32
808,15,33
809,15,34
810,15,35
811,15,36
812,15,37
813,15,38
814,15,39
815,15,40
816,15,41
817,15,42
818,15,43
819,15,44
820,15,45
821,15,46
822,15,47
823,15,48
824,15,49
825,15,50
826,15,51
827,15,52
828,15,53
829,15,54
830,15,55
831,15,56
832,15,57
833,15,58
834,15,59
835,15,60
836,15,61
837,15,62
838,15,63
839,15,64
840,15,65
841,15,66
842,15,67
843,15,68
844,15,69
845,15,70
846,15,71
847,15,72
848,15,73
849,15,74
850,15,75
851,15,76
852,15,77
853,15,78
854,15,79
855,15,80
856,15,81
857,15,82
858,15,83
859,15,84
860,15,85
861,15,86
862,15,87
863,15,88
864,15,89
865,15,90
866,15,91
867,15,92
868,15,93
869,15,94
870,15,95
871,15,96
872,15,97
873,15,98
874,15,99
875,15,100
876,15,101
877,15,102
878,15,103
879,15,104
880,15,105
881,16,22
882,16,23
883,16,24
884,16,25
885,16,26
886,16,27
887,16,28
888,16,29
889,16,30
890,16,31
891,16,32
892,16,33
893,16,34
894,16,35
895,16,36
896,16,37
897,16,38
898,16,39
899,16,40
900,16,41
901,16,42
902,16,43
903,16,44
904,16,45
905,16,46
906,16,47
907,16,48
908,16,49
909,16,50
910,16,51
911,16,52
912,16,53
913,16,54
914,16,55
915,16,56
916,16,57
917,16,58
918,16,59
919,16,60
920,16,61
921,16,62
922,16,63
923,16,64
924,16,65
925,16,66
926,16,67
927,16,68
928,16,69
929,16,70
930,16,71
931,16,72
932,16,73
933,16,74
934,16,75
935,16,76
936,16,77
937,16,78
938,16,79
939,16,80
940,16,81
941,16,82
942,16,83
943,16,84
944,16,85
945,16,86
946,16,87
947,16,88
948,16,89
949,16,90
950,16,91
951,16,92
952,16,93
953,16,94
954,16,95
955,16,96
956,16,97
957,16,98
958,16,99
959,16,100
960,16,101
961,16,102
962,16,103
963,16,104
964,16,105
965,16,106
966,17,21
967,17,22
968,17,23
969,17,24
970,17,25
971,17,26
972,17,27
973,17,28
974,17,29
975,17,30
976,17,31
977,17,32
978,17,33
979,17,34
980,17,35
981,17,36
982,17,37
983,17,38
984,17,39
985,17,40
986,17,41
987,17,42
988,17,43
989,17,44
990,17,45
991,17,46
992,17,47
993,17,48
994,17,49
995,17,50
996,17,51
997,17,52
998,17,53
999,17,54
1000,17,55
1001,17,56
1002,17,57
1003,17,58
1004,17,59
1005,17,60
1006,17,61
1007,17,62
1008,17,63
1009,17,64
1010,17,65
1011,17,66
1012,17,67
1013,17,68
1014,17,69
1015,17,70
1016,17,71
1017,17,72
1018,17,73
1019,17,74
1020,17,75
1021,17,76
1022,17,77
1023,17,78
1024,17,79
1025,17,80
1026,17,81
1027,17,82
1028,17,83
1029,17,84
1030,17,85
1031,17,86
1032,17,87
1033,17,88
1034,17,89
1035,17,90
1036,17,91
1037,17,92
1038,17,93
1039,17,94
1040,17,95
1041,17,96
1042,17,97
1043,17,98
1044,17,99
1045,17,100
1046,17,101
1047,17,102
1048,17,103
1049,17,104
1050,17,105
1051,17,106
1052,17,107
1053,18,20
1054,18,21
1055,18,22
1056,18,23
1057,18,24
1058,18,25
1059,18,26
1060,18,27
1061,18,28
1062,18,29
1063,18,30
1064,18,31
1065,18,32
1066,18,33
1067,18,34
1068,18,35
1069,18,36
1070,18,37
1071,18,38
1072,18,39
1073,18,40
1074,18,41
1075,18,42
1076,18,43
1077,18,44
1078,18,45
1079,18,46
1080,18,47
1081,18,48
1082,18,49
1083,18,50
1084,18,51
1085,18,52
1086,18,53
1087,18,54
1088,18,55
1089,18,56
1090,18,57
1091,18,58
1092,18,59
1093,18,60
1094,18,61
1095,18,62
1096,18,63
1097,18,64
1098,18,65
1099,18,66
1100,18,67
1101,18,68
1102,18,69
1103,18,70
1104,18,71
1105,18,72
1106,18,73
1107,18,74
1108,18,75
1109,18,76
1110,18,77
1111,18,78
1112,18,79
1113,18,80
1114,18,81
1115,18,82
1116,18,83
1117,18,84
1118,18,85
1119,18,86
1120,18,87
1121,18,88
1122,18,89
1123,18,90
1124,18,91
1125,18,92
1126,18,93
1127,18,94
1128,18,95
1129,18,96
1130,18,97
1131,18,98
1132,18,99
1133,18,100
1134,18,101
1135,18,102
1136,18,103
1137,18,104
1138,18,105
1139,18,106
1140,18,107
1141,18,108
1142,19,19
1143,19,20
1144,19,21
1145,19,22
1146,19,23
1147,19,24
1148,19,25
1149,19,26
1150,19,27
1151,19,28
1152,19,29
1153,19,30
1154,19,31
1155,19,32
1156,19,33
1157,19,34
1158,19,35
1159,19,36
1160,19,37
1161,19,38
1162,19,39
1163,19,40
1164,19,41
1165,19,42
1166,19,43
1167,19,44
1168,19,45
1169,19,46
1170,19,47
1171,19,48
1172,19,49
1173,19,50
1174,19,51
1175,19,52
1176,19,53
1177,19,54
1178,19,55
1179,19,56
1180,19,57
1181,19,58
1182,19,59
1183,19,60
1184,19,61
1185,19,62
1186,19,63
1187,19,64
1188,19,65
1189,19,66
1190,19,67
1191,19,68
1192,19,69
1193,19,70
1194,19,71
1195,19,72
1196,19,73
1197,19,74
1198,19,75
1199,19,76
1200,19,77
1201,19,78
1202,19,79
1203,19,80
1204,19,81
1205,19,82
1206,19,83
1207,19,84
1208,19,85
1209,19,86
1210,19,87
1211,19,88
1212,19,89
1213,19,90
1214,19,91
1215,19,92
1216,19,93
1217,19,94
1218,19,95
1219,19,96
1220,19,97
1221,19,98
1222,19,99
1223,19,100
1224,19,101
1225,19,102
1226,19,103
1227,19,104
1228,19,105
1229,19,106
1230,19,107
1231,19,108
1232,19,109
1233,20,18
1234,20,19
1235,20,20
1236,20,21
1237,20,22
1238,20,23
1239,20,24
1240,20,25
1241,20,26
1242,20,27
1243,20,28
1244,20,29
1245,20,30
1246,20,31
1247,20,32
1248,20,33
1249,20,34
1250,20,35
1251,20,36
1252,20,37
1253,20,38
1254,20,39
1255,20,40
1256,20,41
1257,20,42
1258,20,43
1259,20,44
1260,20,45
1261,20,46
1262,20,47
1263,20,48
1264,20,49
1265,20,50
1266,20,51
1267,20,52
1268,20,53
1269,20,54
1270,20,55
1271,20,56
1272,20,57
1273,20,58
1274,20,59
1275,20,60
1276,20,61
1277,20,62
1278,20,63
1279,20,64
1280,20,65
1281,20,66
1282,20,67
1283,20,68
1284,20,69
1285,20,70
1286,20,71
1287,20,72
1288,20,73
1289,20,74
1290,20,75
1291,20,76
1292,20,77
1293,20,78
1294,20,79
1295,20,80
1296,20,81
1297,20,82
1298,20,83
1299,20,84
1300,20,85
1301,20,86
1302,20,87
1303,20,88
1304,20,89
1305,20,90
1306,20,91
1307,20,92
1308,20,93
1309,20,94
1310,20,95
1311,20,96
1312,20,97
1313,20,98
1314,20,99
1315,20,100
1316,20,101
1317,20,102
1318,20,103
1319,20,104
1320,20,105
1321,20,106
1322,20,107
1323,20,108
1324,20,109
1325,20,110
1326,21,17
1327,21,18
1328,21,19
1329,21,20
1330,21,21
1331,21,22
1332,21,23
1333,21,24
1334,21,25
1335,21,26
1336,21,27
1337,21,28
1338,21,29
1339,21,30
1340,21,31
1341,21,32
1342,21,33
1343,21,34
1344,21,35
1345,21,36
1346,21,37
1347,21,38
1348,21,39
1349,21,40
1350,21,41
1351,21,42
1352,21,43
1353,21,44
1354,21,45
1355,21,46
1356,21,47
1357,21,48
1358,21,49
1359,21,50
1360,21,51
1361,21,52
1362,21,53
1363,21,54
1364,21,55
1365,21,56
1366,21,57
1367,21,58
1368,21,59
1369,21,60
1370,21,61
1371,21,62
1372,21,63
1373,21,64
1374,21,65
1375,21,66
1376,21,67
1377,21,68
1378,21,69
1379,21,70
1380,21,71
1381,21,72
1382,21,73
1383,21,74
1384,21,75
1385,21,76
1386,21,77
1387,21,78
1388,21,79
1389,21,80
1390,21,81
1391,21,82
1392,21,83
1393,21,84
1394,21,85
1395,21,86
1396,21,87
1397,21,88
1398,21,89
1399,21,90
1400,21,91
1401,21,92
1402,21,93
1403,21,94
1404,21,95
1405,21,96
1406,21,97
1407,21,98
1408,21,99
1409,21,100
1410,21,101
1411,21,102
1412,21,103
1413,21,104
1414,21,105
1415,21,106
1416,21,107
1417,21,108
1418,21,109
1419,21,110
1420,21,111
1421,22,16
1422,22,17
1423,22,18
1424,22,19
1425,22,20
1426,22,21
1427,22,22
1428,22,23
1429,22,24
1430,22,25
1431,22,26
1432,22,27
1433,22,28
1434,22,29
1435,22,30
1436,22,31
1437,22,32
1438,22,33
1439,22,34
1440,22,35
1441,22,36
1442,22,37
1443,22,38
1444,22,39
1445,22,40
1446,22,41
1447,22,42
1448,22,43
1449,22,44
1450,22,45
1451,22,46
1452,22,47
1453,22,48
1454,22,49
1455,22,50
1456,22,51
1457,22,52
1458,22,53
1459,22,54
1460,22,55
1461,22,56
1462,22,57
1463,22,58
1464,22,59
1465,22,60
1466,22,61
1467,22,62
1468,22,63
1469,22,64
1470,22,65
1471,22,66
1472,22,67
1473,22,68
1474,22,69
1475,22,70
1476,22,71
1477,22,72
1478,22,73
1479,22,74
1480,22,75
1481,22,76
1482,22,77
1483,22,78
1484,22,79
1485,22,80
1486,22,81
1487,22,82
1488,22,83
1489,22,84
1490,22,85
1491,22,86
1492,22,87
1493,22,88
1494,22,89
1495,22,90
1496,22,91
1497,22,92
1498,22,93
1499,22,94
1500,22,95
1501,22,96
1502,22,97
1503,22,98
1504,22,99
1505,22,100
1506,22,101
1507,22,102
1508,22,103
1509,22,104
1510,22,105
1511,22,106
1512,22,107
1513,22,108
1514,22,109
1515,22,110
1516,22,111
1517,22,112
1518,23,15
1519,23,16
1520,23,17
1521,23,18
1522,23,19
1523,23,20
1524,23,21
1525,23,22
1526,23,23
1527,23,24
1528,23,25
1529,23,26
1530,23,27
1531,23,28
1532,23,29
1533,23,30
1534,23,31
1535,23,32
1536,23,33
1537,23,34
1538,23,35
1539,23,36
1540,23,37
1541,23,38
1542,23,39
1543,23,40
1544,23,41
1545,23,42
1546,23,43
1547,23,44
1548,23,45
1549,23,46
1550,23,47
1551,23,48
1552,23,49
1553,23,50
1554,23,51
1555,23,52
1556,23,53
1557,23,54
1558,23,55
1559,23,56
1560,23,57
1561,23,58
1562,23,59
1563,23,60
1564,23,61
1565,23,62
1566,23,63
1567,23,64
1568,23,65
1569,23,66
1570,23,67
1571,23,68
1572,23,69
1573,23,70
1574,23,71
1575,23,72
1576,23,73
1577,23,74
1578,23,75
1579,23,76
1580,23,77
1581,23,78
1582,23,79
1583,23,80
1584,23,81
1585,23,82
1586,23,83
1587,23,84
1588,23,85
1589,23,86
1590,23,87
1591,23,88
1592,23,89
1593,23,90
1594,23,91
1595,23,92
1596,23,93
1597,23,94
1598,23,95
1599,23,96
1600,23,97
1601,23,98
1602,23,99
1603,23,100
1604,23,101
1605,23,102
1606,23,103
1607,23,104
1608,23,105
1609,23,106
1610,23,107
1611,23,108
1612,23,109
1613,23,110
1614,23,111
1615,23,112
1616,23,113
1617,24,15
1618,24,16
1619,24,17
1620,24,18
1621,24,19
1622,24,20
1623,24,21
1624,24,22
1625,24,23
1626,24,24
1627,24,25
1628,24,26
1629,24,27
1630,24,28
1631,24,29
1632,24,30
1633,24,31
1634,24,32
1635,24,33
1636,24,34
1637,24,35
1638,24,36
1639,24,37
1640,24,38
1641,24,39
1642,24,40
1643,24,41
1644,24,42
1645,24,43
1646,24,44
1647,24,45
1648,24,46
1649,24,47
1650,24,48
1651,24,49
1652,24,50
1653,24,51
1654,24,52
1655,24,53
1656,24,54
1657,24,55
1658,24,56
1659,24,57
1660,24,58
1661,24,59
1662,24,60
1663,24,61
1664,24,62
1665,24,63
1666,24,64
1667,24,65
1668,24,66
1669,24,67
1670,24,68
1671,24,69
1672,24,70
1673,24,71
1674,24,72
1675,24,73
1676,24,74
1677,24,75
1678,24,76
1679,24,77
1680,24,78
1681,24,79
1682,24,80
1683,24,81
1684,24,82
1685,24,83
1686,24,84
1687,24,85
1688,24,86
1689,24,87
1690,24,88
1691,24,89
1692,24,90
1693,24,91
1694,24,92
1695,24,93
1696,24,94
1697,24,95
1698,24,96
1699,24,97
1700,24,98
1701,24,99
1702,24,100
1703,24,101
1704,24,102
1705,24,103
1706,24,104
1707,24,105
1708,24,106
1709,24,107
1710,24,108
1711,24,109
1712,24,110
1713,24,111
1714,24,112
1715,24,113
1716,25,14
1717,25,15
1718,25,16
1719,25,17
1720,25,18
1721,25,19
1722,25,20
1723,25,21
1724,25,22
1725,25,23
1726,25,24
1727,25,25
1728,25,26
1729,25,27
1730,25,28
1731,25,29
1732,25,30
1733,25,31
1734,25,32
1735,25,33
1736,25,34
1737,25,35
1738,25,36
1739,25,37
1740,25,38
1741,25,39
1742,25,40
1743,25,41
1744,25,42
1745,25,43
1746,25,44
1747,25,45
1748,25,46
1749,25,47
1750,25,48
1751,25,49
1752,25,50
1753,25,51
1754,25,52
1755,25,53
1756,25,54
1757,25,55
1758,25,56
1759,25,57
1760,25,58
1761,25,59
1762,25,60
1763,25,61
1764,25,62
1765,25,63
1766,25,64
1767,25,65
1768,25,66
1769,25,67
1770,25,68
1771,25,69
1772,25,70
1773,25,71
1774,25,72
1775,25,73
1776,25,74
1777,25,75
1778,25,76
1779,25,77
1780,25,78
1781,25,79
1782,25,80
1783,25,81
1784,25,82
1785,25,83
1786,25,84
1787,25,85
1788,25,86
1789,25,87
1790,25,88
1791,25,89
1792,25,90
1793,25,91
1794,25,92
1795,25,93
1796,25,94
1797,25,95
1798,25,96
1799,25,97
1800,25,98
1801,25,99
1802,25,100
1803,25,101
1804,25,102
1805,25,103
1806,25,104
1807,25,105
1808,25,106
1809,25,107
1810,25,108
1811,25,109
1812,25,110
1813,25,111
1814,25,112
1815,25,113
1816,25,114
1817,26,13
1818,26,14
1819,26,15
1820,26,16
1821,26,17
1822,26,18
1823,26,19
1824,26,20
1825,26,21
1826,26,22
1827,26,23
1828,26,24
1829,26,25
1830,26,26
1831,26,27
1832,26,28
1833,26,29
1834,26,30
1835,26,31
1836,26,32
1837,26,33
1838,26,34
1839,26,35
1840,26,36
1841,26,37
1842,26,38
1843,26,39
1844,26,40
1845,26,41
1846,26,42
1847,26,43
1848,26,44
1849,26,45
1850,26,46
1851,26,47
1852,26,48
1853,26,49
1854,26,50
1855,26,51
1856,26,52
1857,26,53
1858,26,54
1859,26,55
1860,26,56
1861,26,57
1862,26,58
1863,26,59
1864,26,60
1865,26,61
1866,26,62
1867,26,63
1868,26,64
1869,26,65
1870,26,66
1871,26,67
1872,26,68
1873,26,69
1874,26,70
1875,26,71
1876,26,72
1877,26,73
1878,26,74
1879,26,75
1880,26,76
1881,26,77
1882,26,78
1883,26,79
1884,26,80
1885,26,81
1886,26,82
1887,26,83
1888,26,84
1889,26,85
1890,26,86
1891,26,87
1892,26,88
1893,26,89
1894,26,90
1895,26,91
1896,26,92
1897,26,93
1898,26,94
1899,26,95
1900,26,96
1901,26,97
1902,26,98
1903,26,99
1904,26,100
1905,26,101
1906,26,102
1907,26,103
1908,26,104
1909,26,105
1910,26,106
1911,26,107
1912,26,108
1913,26,109
1914,26,110
1915,26,111
1916,26,112
1917,26,113
1918,26,114
1919,26,115
1920,27,12
1921,27,13
1922,27,14
1923,27,15
1924,27,16
1925,27,17
1926,27,18
1927,27,19
1928,27,20
1929,27,21
1930,27,22
1931,27,23
1932,27,24
1933,27,25
1934,27,26
1935,27,27
1936,27,28
1937,27,29
1938,27,30
1939,27,31
1940,27,32
1941,27,33
1942,27,34
1943,27,35
1944,27,36
1945,27,37
1946,27,38
1947,27,39
1948,27,40
1949,27,41
1950,27,42
1951,27,43
1952,27,44
1953,27,45
1954,27,46
1955,27,47
1956,27,48
1957,27,49
1958,27,50
1959,27,51
1960,27,52
1961,27,53
1962,27,54
1963,27,55
1964,27,56
1965,27,57
1966,27,58
1967,27,59
1968,27,60
1969,27,61
1970,27,62
1971,27,63
1972,27,64
1973,27,65
1974,27,66
1975,27,67
1976,27,68
1977,27,69
1978,27,70
1979,27,71
1980,27,72
1981,27,73
1982,27,74
1983,27,75
1984,27,76
1985,27,77
1986,27,78
1987,27,79
1988,27,80
1989,27,81
1990,27,82
1991,27,83
1992,27,84
1993,27,85
1994,27,86
1995,27,87
1996,27,88
1997,27,89
1998,27,90
1999,27,91
2000,27,92
2001,27,93
2002,27,94
2003,27,95
2004,27,96
2005,27,97
2006,27,98
2007,27,99
2008,27,100
2009,27,101
2010,27,102
2011,27,103
2012,27,104
2013,27,105
2014,27,106
2015,27,107
2016,27,108
2017,27,109
2018,27,110
2019,27,111
2020,27,112
2021,27,113
2022,27,114
2023,27,115
2024,27,116
2025,28,12
2026,28,13
2027,28,14
2028,28,15
2029,28,16
2030,28,17
2031,28,18
2032,28,19
2033,28,20
2034,28,21
2035,28,22
2036,28,23
2037,28,24
2038,28,25
2039,28,26
2040,28,27
2041,28,28
2042,28,29
2043,28,30
2044,28,31
2045,28,32
2046,28,33
2047,28,34
2048,28,35
2049,28,36
2050,28,37
2051,28,38
2052,28,39
2053,28,40
2054,28,41
2055,28,42
2056,28,43
2057,28,44
2058,28,45
2059,28,46
2060,28,47
2061,28,48
2062,28,49
2063,28,50
2064,28,51
2065,28,52
2066,28,53
2067,28,54
2068,28,55
2069,28,56
2070,28,57
2071,28,58
2072,28,59
2073,28,60
2074,28,61
2075,28,62
2076,28,63
2077,28,64
2078,28,65
2079,28,66
2080,28,67
2081,28,68
2082,28,69
2083,28,70
2084,28,71
2085,28,72
2086,28,73
2087,28,74
2088,28,75
2089,28,76
2090,28,77
2091,28,78
2092,28,79
2093,28,80
2094,28,81
2095,28,82
2096,28,83
2097,28,84
2098,28,85
2099,28,86
2100,28,87
2101,28,88
2102,28,89
2103,28,90
2104,28,91
2105,28,92
2106,28,93
2107,28,94
2108,28,95
2109,28,96
2110,28,97
2111,28,98
2112,28,99
2113,28,100
2114,28,101
2115,28,102
2116,28,103
2117,28,104
2118,28,105
2119,28,106
2120,28,107
2121,28,108
2122,28,109
2123,28,110
2124,28,111
2125,28,112
2126,28,113
2127,28,114
2128,28,115
2129,28,116
2130,29,11
2131,29,12
2132,29,13
2133,29,14
2134,29,15
2135,29,16
2136,29,17
2137,29,18
2138,29,19
2139,29,20
2140,29,21
2141,29,22
2142,29,23
2143,29,24
2144,29,25
2145,29,26
2146,29,27
2147,29,28
2148,29,29
2149,29,30
2150,29,31
2151,29,32
2152,29,33
2153,29,34
2154,29,35
2155,29,36
2156,29,37
2157,29,38
2158,29,39
2159,29,40
2160,29,41
2161,29,42
2162,29,43
2163,29,44
2164,29,45
2165,29,46
2166,29,47
2167,29,48
2168,29,49
2169,29,50
2170,29,51
2171,29,52
2172,29,53
2173,29,54
2174,29,55
2175,29,56
2176,29,57
2177,29,58
2178,29,59
2179,29,60
2180,29,61
2181,29,62
2182,29,63
2183,29,64
2184,29,65
2185,29,66
2186,29,67
2187,29,68
2188,29,69
2189,29,70
2190,29,71
2191,29,72
2192,29,73
2193,29,74
2194,29,75
2195,29,76
2196,29,77
2197,29,78
2198,29,79
2199,29,80
2200,29,81
2201,29,82
2202,29,83
2203,29,84
2204,29,85
2205,29,86
2206,29,87
2207,29,88
2208,29,89
2209,29,90
2210,29,91
2211,29,92
2212,29,93
2213,29,94
2214,29,95
2215,29,96
2216,29,97
2217,29,98
2218,29,99
2219,29,100
2220,29,101
2221,29,102
2222,29,103
2223,29,104
2224,29,105
2225,29,106
2226,29,107
2227,29,108
2228,29,109
2229,29,110
2230,29,111
2231,29,112
2232,29,113
2233,29,114
2234,29,115
2235,29,116
2236,29,117
2237,30,10
2238,30,11
2239,30,12
2240,30,13
2241,30,14
2242,30,15
2243,30,16
2244,30,17
2245,30,18
2246,30,19
2247,30,20
2248,30,21
2249,30,22
2250,30,23
2251,30,24
2252,30,25
2253,30,26
2254,30,27
2255,30,28
2256,30,29
2257,30,30
2258,30,31
2259,30,32
2260,30,33
2261,30,34
2262,30,35
2263,30,36
2264,30,37
2265,30,38
2266,30,39
2267,30,40
2268,30,41
2269,30,42
2270,30,43
2271,30,44
2272,30,45
2273,30,46
2274,30,47
2275,30,48
2276,30,49
2277,30,50
2278,30,51
2279,30,52
2280,30,53
2281,30,54
2282,30,55
2283,30,56
2284,30,57
2285,30,58
2286,30,59
2287,30,60
2288,30,61
2289,30,62
2290,30,63
2291,30,64
2292,30,65
2293,30,66
2294,30,67
2295,30,68
2296,30,69
2297,30,70
2298,30,71
2299,30,72
2300,30,73
2301,30,74
2302,30,75
2303,30,76
2304,30,77
2305,30,78
2306,30,79
2307,30,80
2308,30,81
2309,30,82
2310,30,83
2311,30,84
2312,30,85
2313,30,86
2314,30,87
2315,30,88
2316,30,89
2317,30,90
2318,30,91
2319,30,92
2320,30,93
2321,30,94
2322,30,95
2323,30,96
2324,30,97
2325,30,98
2326,30,99
2327,30,100
2328,30,101
2329,30,102
2330,30,103
2331,30,104
2332,30,105
2333,30,106
2334,30,107
2335,30,108
2336,30,109
2337,30,110
2338,30,111
2339,30,112
2340,30,113
2341,30,114
2342,30,115
2343,30,116
2344,30,117
2345,30,118
2346,31,10
2347,31,11
2348,31,12
2349,31,13
2350,31,14
2351,31,15
2352,31,16
2353,31,17
2354,31,18
2355,31,19
2356,31,20
2357,31,21
2358,31,22
2359,31,23
2360,31,24
2361,31,25
2362,31,26
2363,31,27
2364,31,28
2365,31,29
2366,31,30
2367,31,31
2368,31,32
2369,31,33
2370,31,34
2371,31,35
2372,31,36
2373,31,37
2374,31,38
2375,31,39
2376,31,40
2377,31,41
2378,31,42
2379,31,43
2380,31,44
2381,31,45
2382,31,46
2383,31,47
2384,31,48
2385,31,49
2386,31,50
2387,31,51
2388,31,52
2389,31,53
2390,31,54
2391,31,55
2392,31,56
2393,31,57
2394,31,58
2395,31,59
2396,31,60
2397,31,61
2398,31,62
2399,31,63
2400,31,64
2401,31,65
2402,31,66
2403,31,67
2404,31,68
2405,31,69
2406,31,70
2407,31,71
2408,31,72
2409,31,73
2410,31,74
2411,31,75
2412,31,76
2413,31,77
2414,31,78
2415,31,79
2416,31,80
2417,31,81
2418,31,82
2419,31,83
2420,31,84
2421,31,85
2422,31,86
2423,31,87
2424,31,88
2425,31,89
2426,31,90
2427,31,91
2428,31,92
2429,31,93
2430,31,94
2431,31,95
2432,31,96
2433,31,97
2434,31,98
2435,31,99
2436,31,100
2437,31,101
2438,31,102
2439,31,103
2440,31,104
2441,31,105
2442,31,106
2443,31,107
2444,31,108
2445,31,109
2446,31,110
2447,31,111
2448,31,112
2449,31,113
2450,31,114
2451,31,115
2452,31,116
2453,31,117
2454,31,118
2455,32,9
2456,32,10
2457,32,11
2458,32,12
2459,32,13
2460,32,14
2461,32,15
2462,32,16
2463,32,17
2464,32,18
2465,32,19
2466,32,20
2467,32,21
2468,32,22
2469,32,23
2470,32,24
2471,32,25
2472,32,26
2473,32,27
2474,32,28
2475,32,29
2476,32,30
2477,32,31
2478,32,32
2479,32,33
2480,32,34
2481,32,35
2482,32,36
2483,32,37
2484,32,38
2485,32,39
2486,32,40
2487,32,41
2488,32,42
2489,32,43
2490,32,44
2491,32,45
2492,32,46
2493,32,47
2494,32,48
2495,32,49
2496,32,50
2497,32,51
2498,32,52
2499,32,53
2500,32,54
2501,32,55
2502,32,56
2503,32,57
2504,32,58
2505,32,59
2506,32,60
2507,32,61
2508,32,62
2509,32,63
2510,32,64
2511,32,65
2512,32,66
2513,32,67
2514,32,68
2515,32,69
2516,32,70
2517,32,71
2518,32,72
2519,32,73
2520,32,74
2521,32,75
2522,32,76
2523,32,77
2524,32,78
2525,32,79
2526,32,80
2527,32,81
2528,32,82
2529,32,83
2530,32,84
2531,32,85
2532,32,86
2533,32,87
2534,32,88
2535,32,89
2536,32,90
2537,32,91
2538,32,92
2539,32,93
2540,32,94
2541,32,95
2542,32,96
2543,32,97
2544,32,98
2545,32,99
2546,32,100
2547,32,101
2548,32,102
2549,32,103
2550,32,104
2551,32,105
2552,32,106
2553,32,107
2554,32,108
2555,32,109
2556,32,110
2557,32,111
2558,32,112
2559,32,113
2560,32,114
2561,32,115
2562,32,116
2563,32,117
2564,32,118
2565,32,119
2566,33,9
2567,33,10
2568,33,11
2569,33,12
2570,33,13
2571,33,14
2572,33,15
2573,33,16
2574,33,17
2575,33,18
2576,33,19
2577,33,20
2578,33,21
2579,33,22
2580,33,23
2581,33,24
2582,33,25
2583,33,26
2584,33,27
2585,33,28
2586,33,29
2587,33,30
2588,33,31
2589,33,32
2590,33,33
2591,33,34
2592,33,35
2593,33,36
2594,33,37
2595,33,38
2596,33,39
2597,33,40
2598,33,41
2599,33,42
2600,33,43
2601,33,44
2602,33,45
2603,33,46
2604,33,47
2605,33,48
2606,33,49
2607,33,50
2608,33,51
2609,33,52
2610,33,53
2611,33,54
2612,33,55
2613,33,56
2614,33,57
2615,33,58
2616,33,59
2617,33,60
2618,33,61
2619,33,62
2620,33,63
2621,33,64
2622,33,65
2623,33,66
2624,33,67
2625,33,68
2626,33,69
2627,33,70
2628,33,71
2629,33,72
2630,33,73
2631,33,74
2632,33,75
2633,33,76
2634,33,77
2635,33,78
2636,33,79
2637,33,80
2638,33,81
2639,33,82
2640,33,83
2641,33,84
2642,33,85
2643,33,86
2644,33,87
2645,33,88
2646,33,89
2647,33,90
2648,33,91
2649,33,92
2650,33,93
2651,33,94
2652,33,95
2653,33,96
2654,33,97
2655,33,98
2656,33,99
2657,33,100
2658,33,101
2659,33,102
2660,33,103
2661,33,104
2662,33,105
2663,33,106
2664,33,107
2665,33,108
2666,33,109
2667,33,110
2668,33,111
2669,33,112
2670,33,113
2671,33,114
2672,33,115
2673,33,116
2674,33,117
2675,33,118
2676,33,119
2677,34,8
2678,34,9
2679,34,10
2680,34,11
2681,34,12
2682,34,13
2683,34,14
2684,34,15
2685,34,16
2686,34,17
2687,34,18
2688,34,19
2689,34,20
2690,34,21
2691,34,22
2692,34,23
2693,34,24
2694,34,25
2695,34,26
2696,34,27
2697,34,28
2698,34,29
2699,34,30
2700,34,31
2701,34,32
2702,34,33
2703,34,34
2704,34,35
2705,34,36
2706,34,37
2707,34,38
2708,34,39
2709,34,40
2710,34,41
2711,34,42
2712,34,43
2713,34,44
2714,34,45
2715,34,46
2716,34,47
2717,34,48
2718,34,49
2719,34,50
2720,34,51
2721,34,52
2722,34,53
2723,34,54
2724,34,55
2725,34,56
2726,34,57
2727,34,58
2728,34,59
2729,34,60
2730,34,61
2731,34,62
2732,34,63
2733,34,64
2734,34,65
2735,34,66
2736,34,67
2737,34,68
2738,34,69
2739,34,70
2740,34,71
2741,34,72
2742,34,73
2743,34,74
2744,34,75
2745,34,76
2746,34,77
2747,34,78
2748,34,79
2749,34,80
2750,34,81
2751,34,82
2752,34,83
2753,34,84
2754,34,85
2755,34,86
2756,34,87
2757,34,88
2758,34,89
2759,34,90
2760,34,91
2761,34,92
2762,34,93
2763,34,94
2764,34,95
2765,34,96
2766,34,97
2767,34,98
2768,34,99
2769,34,100
2770,34,101
2771,34,102
2772,34,103
2773,34,104
2774,34,105
2775,34,106
2776,34,107
2777,34,108
2778,34,109
2779,34,110
2780,34,111
2781,34,112
2782,34,113
2783,34,114
2784,34,115
2785,34,116
2786,34,117
2787,34,118
2788,34,119
2789,34,120
2790,35,7
2791,35,8
2792,35,9
2793,35,10
2794,35,11
2795,35,12
2796,35,13
2797,35,14
2798,35,15
2799,35,16
2800,35,17
2801,35,18
2802,35,19
2803,35,20
2804,35,21
2805,35,22
2806,35,23
2807,35,24
2808,35,25
2809,35,26
2810,35,27
2811,35,28
2812,35,29
2813,35,30
2814,35,31
2815,35,32
2816,35,33
2817,35,34
2818,35,35
2819,35,36
2820,35,37
2821,35,38
2822,35,39
2823,35,40
2824,35,41
2825,35,42
2826,35,43
2827,35,44
2828,35,45
2829,35,46
2830,35,47
2831,35,48
2832,35,49
2833,35,50
2834,35,51
2835,35,52
2836,35,53
2837,35,54
2838,35,55
2839,35,56
2840,35,57
2841,35,58
2842,35,59
2843,35,60
2844,35,61
2845,35,62
2846,35,63
2847,35,64
2848,35,65
2849,35,66
2850,35,67
2851,35,68
2852,35,69
2853,35,70
2854,35,71
2855,35,72
2856,35,73
2857,35,74
2858,35,75
2859,35,76
2860,35,77
2861,35,78
2862,35,79
2863,35,80
2864,35,81
2865,35,82
2866,35,83
2867,35,84
2868,35,85
2869,35,86
2870,35,87
2871,35,88
2872,35,89
2873,35,90
2874,35,91
2875,35,92
2876,35,93
2877,35,94
2878,35,95
2879,35,96
2880,35,97
2881,35,98
2882,35,99
2883,35,100
2884,35,101
2885,35,102
2886,35,103
2887,35,104
2888,35,105
2889,35,106
2890,35,107
2891,35,108
2892,35,109
2893,35,110
2894,35,111
2895,35,112
2896,35,113
2897,35,114
2898,35,115
2899,35,116
2900,35,117
2901,35,118
2902,35,119
2903,35,120
2904,35,121
2905,36,7
2906,36,8
2907,36,9
2908,36,10
2909,36,11
2910,36,12
2911,36,13
2912,36,14
2913,36,15
2914,36,16
2915,36,17
2916,36,18
2917,36,19
2918,36,20
2919,36,21
2920,36,22
2921,36,23
2922,36,24
2923,36,25
2924,36,26
2925,36,27
2926,36,28
2927,36,29
2928,36,30
2929,36,31
2930,36,32
2931,36,33
2932,36,34
2933,36,35
2934,36,36
2935,36,37
2936,36,38
2937,36,39
2938,36,40
2939,36,41
2940,36,42
2941,36,43
2942,36,44
2943,36,45
2944,36,46
2945,36,47
2946,36,48
2947,36,49
2948,36,50
2949,36,51
2950,36,52
2951,36,53
2952,36,54
2953,36,55
2954,36,56
2955,36,57
2956,36,58
2957,36,59
2958,36,60
2959,36,61
2960,36,62
2961,36,63
2962,36,64
2963,36,65
2964,36,66
2965,36,67
2966,36,68
2967,36,69
2968,36,70
2969,36,71
2970,36,72
2971,36,73
2972,36,74
2973,36,75
2974,36,76
2975,36,77
2976,36,78
2977,36,79
2978,36,80
2979,36,81
2980,36,82
2981,36,83
2982,36,84
2983,36,85
2984,36,86
2985,36,87
2986,36,88
2987,36,89
2988,36,90
2989,36,91
2990,36,92
2991,36,93
2992,36,94
2993,36,95
2994,36,96
2995,36,97
2996,36,98
2997,36,99
2998,36,100
2999,36,101
3000,36,102
3001,36,103
3002,36,104
3003,36,105
3004,36,106
3005,36,107
3006,36,108
3007,36,109
3008,36,110
3009,36,111
3010,36,112
3011,36,113
3012,36,114
3013,36,115
3014,36,116
3015,36,117
3016,36,118
3017,36,119
3018,36,120
3019,36,121
3020,37,6
3021,37,7
3022,37,8
3023,37,9
3024,37,10
3025,37,11
3026,37,12
3027,37,13
3028,37,14
3029,37,15
3030,37,16
3031,37,17
3032,37,18
3033,37,19
3034,37,20
3035,37,21
3036,37,22
3037,37,23
3038,37,24
3039,37,25
3040,37,26
3041,37,27
3042,37,28
3043,37,29
3044,37,30
3045,37,31
3046,37,32
3047,37,33
3048,37,34
3049,37,35
3050,37,36
3051,37,37
3052,37,38
3053,37,39
3054,37,40
3055,37,41
3056,37,42
3057,37,43
3058,37,44
3059,37,45
3060,37,46
3061,37,47
3062,37,48
3063,37,49
3064,37,50
3065,37,51
3066,37,52
3067,37,53
3068,37,54
3069,37,55
3070,37,56
3071,37,57
3072,37,58
3073,37,59
3074,37,60
3075,37,61
3076,37,62
3077,37,63
3078,37,64
3079,37,65
3080,37,66
3081,37,67
3082,37,68
3083,37,69
3084,37,70
3085,37,71
3086,37,72
3087,37,73
3088,37,74
3089,37,75
3090,37,76
3091,37,77
3092,37,78
3093,37,79
3094,37,80
3095,37,81
3096,37,82
3097,37,83
3098,37,84
3099,37,85
3100,37,86
3101,37,87
3102,37,88
3103,37,89
3104,37,90
3105,37,91
3106,37,92
3107,37,93
3108,37,94
3109,37,95
3110,37,96
3111,37,97
3112,37,98
3113,37,99
3114,37,100
3115,37,101
3116,37,102
3117,37,103
3118,37,104
3119,37,105
3120,37,106
3121,37,107
3122,37,108
3123,37,109
3124,37,110
3125,37,111
3126,37,112
3127,37,113
3128,37,114
3129,37,115
3130,37,116
3131,37,117
3132,37,118
3133,37,119
3134,37,120
3135,37,121
3136,37,122
3137,38,6
3138,38,7
3139,38,8
3140,38,9
3141,38,10
3142,38,11
3143,38,12
3144,38,13
3145,38,14
3146,38,15
3147,38,16
3148,38,17
3149,38,18
3150,38,19
3151,38,20
3152,38,21
3153,38,22
3154,38,23
3155,38,24
3156,38,25
3157,38,26
3158,38,27
3159,38,28
3160,38,29
3161,38,30
3162,38,31
3163,38,32
3164,38,33
3165,38,34
3166,38,35
3167,38,36
3168,38,37
3169,38,38
3170,38,39
3171,38,40
3172,38,41
3173,38,42
3174,38,43
3175,38,44
3176,38,45
3177,38,46
3178,38,47
3179,38,48
3180,38,49
3181,38,50
3182,38,51
3183,38,52
3184,38,53
3185,38,54
3186,38,55
3187,38,56
3188,38,57
3189,38,58
3190,38,59
3191,38,60
3192,38,61
3193,38,62
3194,38,63
3195,38,64
3196,38,65
3197,38,66
3198,38,67
3199,38,68
3200,38,69
3201,38,70
3202,38,71
3203,38,72
3204,38,73
3205,38,74
3206,38,75
3207,38,76
3208,38,77
3209,38,78
3210,38,79
3211,38,80
3212,38,81
3213,38,82
3214,38,83
3215,38,84
3216,38,85
3217,38,86
3218,38,87
3219,38,88
3220,38,89
3221,38,90
3222,38,91
3223,38,92
3224,38,93
3225,38,94
3226,38,95
3227,38,96
3228,38,97
3229,38,98
3230,38,99
3231,38,100
3232,38,101
3233,38,102
3234,38,103
3235,38,104
3236,38,105
3237,38,106
3238,38,107
3239,38,108
3240,38,109
3241,38,110
3242,38,111
3243,38,112
3244,38,113
3245,38,114
3246,38,115
3247,38,116
3248,38,117
3249,38,118
3250,38,119
3251,38,120
3252,38,121
3253,38,122
3254,39,6
3255,39,7
3256,39,8
3257,39,9
3258,39,10
3259,39,11
3260,39,12
3261,39,13
3262,39,14
3263,39,15
3264,39,16
3265,39,17
3266,39,18
3267,39,19
3268,39,20
3269,39,21
3270,39,22
3271,39,23
3272,39,24
3273,39,25
3274,39,26
3275,39,27
3276,39,28
3277,39,29
3278,39,30
3279,39,31
3280,39,32
3281,39,33
3282,39,34
3283,39,35
3284,39,36
3285,39,37
3286,39,38
3287,39,39
3288,39,40
3289,39,41
3290,39,42
3291,39,43
3292,39,44
3293,39,45
3294,39,46
3295,39,47
3296,39,48
3297,39,49
3298,39,50
3299,39,51
3300,39,52
3301,39,53
3302,39,54
3303,39,55
3304,39,56
3305,39,57
3306,39,58
3307,39,59
3308,39,60
3309,39,61
3310,39,62
3311,39,63
3312,39,64
3313,39,65
3314,39,66
3315,39,67
3316,39,68
3317,39,69
3318,39,70
3319,39,71
3320,39,72
3321,39,73
3322,39,74
3323,39,75
3324,39,76
3325,39,77
3326,39,78
3327,39,79
3328,39,80
3329,39,81
3330,39,82
3331,39,83
3332,39,84
3333,39,85
3334,39,86
3335,39,87
3336,39,88
3337,39,89
3338,39,90
3339,39,91
3340,39,92
3341,39,93
3342,39,94
3343,39,95
3344,39,96
3345,39,97
3346,39,98
3347,39,99
3348,39,100
3349,39,101
3350,39,102
3351,39,103
3352,39,104
3353,39,105
3354,39,106
3355,39,107
3356,39,108
3357,39,109
3358,39,110
3359,39,111
3360,39,112
3361,39,113
3362,39,114
3363,39,115
3364,39,116
3365,39,117
3366,39,118
3367,39,119
3368,39,120
3369,39,121
3370,39,122
3371,40,5
3372,40,6
3373,40,7
3374,40,8
3375,40,9
3376,40,10
3377,40,11
3378,40,12
3379,40,13
3380,40,14
3381,40,15
3382,40,16
3383,40,17
3384,40,18
3385,40,19
3386,40,20
3387,40,21
3388,40,22
3389,40,23
3390,40,24
3391,40,25
3392,40,26
3393,40,27
3394,40,28
3395,40,29
3396,40,30
3397,40,31
3398,40,32
3399,40,33
3400,40,34
3401,40,35
3402,40,36
3403,40,37
3404,40,38
3405,40,39
3406,40,40
3407,40,41
3408,40,42
3409,40,43
3410,40,44
3411,40,45
3412,40,46
3413,40,47
3414,40,48
3415,40,49
3416,40,50
3417,40,51
3418,40,52
3419,40,53
3420,40,54
3421,40,55
3422,40,56
3423,40,57
3424,40,58
3425,40,59
3426,40,60
3427,40,61
3428,40,62
3429,40,63
3430,40,64
3431,40,65
3432,40,66
3433,40,67
3434,40,68
3435,40,69
3436,40,70
3437,40,71
3438,40,72
3439,40,73
3440,40,74
3441,40,75
3442,40,76
3443,40,77
3444,40,78
3445,40,79
3446,40,80
3447,40,81
3448,40,82
3449,40,83
3450,40,84
3451,40,85
3452,40,86
3453,40,87
3454,40,88
3455,40,89
3456,40,90
3457,40,91
3458,40,92
3459,40,93
3460,40,94
3461,40,95
3462,40,96
3463,40,97
3464,40,98
3465,40,99
3466,40,100
3467,40,101
3468,40,102
3469,40,103
3470,40,104
3471,40,105
3472,40,106
3473,40,107
3474,40,108
3475,40,109
3476,40,110
3477,40,111
3478,40,112
3479,40,113
3480,40,114
3481,40,115
3482,40,116
3483,40,117
3484,40,118
3485,40,119
3486,40,120
3487,40,121
3488,40,122
3489,40,123
3490,41,5
3491,41,6
3492,41,7
3493,41,8
3494,41,9
3495,41,10
3496,41,11
3497,41,12
3498,41,13
3499,41,14
3500,41,15
3501,41,16
3502,41,17
3503,41,18
3504,41,19
3505,41,20
3506,41,21
3507,41,22
3508,41,23
3509,41,24
3510,41,25
3511,41,26
3512,41,27
3513,41,28
3514,41,29
3515,41,30
3516,41,31
3517,41,32
3518,41,33
3519,41,34
3520,41,35
3521,41,36
3522,41,37
3523,41,38
3524,41,39
3525,41,40
3526,41,41
3527,41,42
3528,41,43
3529,41,44
3530,41,45
3531,41,46
3532,41,47
3533,41,48
3534,41,49
3535,41,50
3536,41,51
3537,41,52
3538,41,53
3539,41,54
3540,41,55
3541,41,56
3542,41,57
3543,41,58
3544,41,59
3545,41,60
3546,41,61
3547,41,62
3548,41,63
3549,41,64
3550,41,65
3551,41,66
3552,41,67
3553,41,68
3554,41,69
3555,41,70
3556,41,71
3557,41,72
3558,41,73
3559,41,74
3560,41,75
3561,41,76
3562,41,77
3563,41,78
3564,41,79
3565,41,80
3566,41,81
3567,41,82
3568,41,83
3569,41,84
3570,41,85
3571,41,86
3572,41,87
3573,41,88
3574,41,89
3575,41,90
3576,41,91
3577,41,92
3578,41,93
3579,41,94
3580,41,95
3581,41,96
3582,41,97
3583,41,98
3584,41,99
3585,41,100
3586,41,101
3587,41,102
3588,41,103
3589,41,104
3590,41,105
3591,41,106
3592,41,107
3593,41,108
3594,41,109
3595,41,110
3596,41,111
3597,41,112
3598,41,113
3599,41,114
3600,41,115
3601,41,116
3602,41,117
3603,41,118
3604,41,119
3605,41,120
3606,41,121
3607,41,122
3608,41,123
3609,42,4
3610,42,5
3611,42,6
3612,42,7
3613,42,8
3614,42,9
3615,42,10
3616,42,11
3617,42,12
3618,42,13
3619,42,14
3620,42,15
3621,42,16
3622,42,17
3623,42,18
3624,42,19
3625,42,20
3626,42,21
3627,42,22
3628,42,23
3629,42,24
3630,42,25
3631,42,26
3632,42,27
3633,42,28
3634,42,29
3635,42,30
3636,42,31
3637,42,32
3638,42,33
3639,42,34
3640,42,35
3641,42,36
3642,42,37
3643,42,38
3644,42,39
3645,42,40
3646,42,41
3647,42,42
3648,42,43
3649,42,44
3650,42,45
3651,42,46
3652,42,47
3653,42,48
3654,42,49
3655,42,50
3656,42,51
3657,42,52
3658,42,53
3659,42,54
3660,42,55
3661,42,56
3662,42,57
3663,42,58
3664,42,59
3665,42,60
3666,42,61
3667,42,62
3668,42,63
3669,42,64
3670,42,65
3671,42,66
3672,42,67
3673,42,68
3674,42,69
3675,42,70
3676,42,71
3677,42,72
3678,42,73
3679,42,74
3680,42,75
3681,42,76
3682,42,77
3683,42,78
3684,42,79
3685,42,80
3686,42,81
3687,42,82
3688,42,83
3689,42,84
3690,42,85
3691,42,86
3692,42,87
3693,42,88
3694,42,89
3695,42,90
3696,42,91
3697,42,92
3698,42,93
3699,42,94
3700,42,95
3701,42,96
3702,42,97
3703,42,98
3704,42,99
3705,42,100
3706,42,101
3707,42,102
3708,42,103
3709,42,104
3710,42,105
3711,42,106
3712,42,107
3713,42,108
3714,42,109
3715,42,110
3716,42,111
3717,42,112
3718,42,113
3719,42,114
3720,42,115
3721,42,116
3722,42,117
3723,42,118
3724,42,119
3725,42,120
3726,42,121
3727,42,122
3728,42,123
3729,42,124
3730,43,4
3731,43,5
3732,43,6
3733,43,7
3734,43,8
3735,43,9
3736,43,10
3737,43,11
3738,43,12
3739,43,13
3740,43,14
3741,43,15
3742,43,16
3743,43,17
3744,43,18
3745,43,19
3746,43,20
3747,43,21
3748,43,22
3749,43,23
3750,43,24
3751,43,25
3752,43,26
3753,43,27
3754,43,28
3755,43,29
3756,43,30
3757,43,31
3758,43,32
3759,43,33
3760,43,34
3761,43,35
3762,43,36
3763,43,37
3764,43,38
3765,43,39
3766,43,40
3767,43,41
3768,43,42
3769,43,43
3770,43,44
3771,43,45
3772,43,46
3773,43,47
3774,43,48
3775,43,49
3776,43,50
3777,43,51
3778,43,52
3779,43,53
3780,43,54
3781,43,55
3782,43,56
3783,43,57
3784,43,58
3785,43,59
3786,43,60
3787,43,61
3788,43,62
3789,43,63
3790,43,64
3791,43,65
3792,43,66
3793,43,67
3794,43,68
3795,43,69
3796,43,70
3797,43,71
3798,43,72
3799,43,73
3800,43,74
3801,43,75
3802,43,76
3803,43,77
3804,43,78
3805,43,79
3806,43,80
3807,43,81
3808,43,82
3809,43,83
3810,43,84
3811,43,85
3812,43,86
3813,43,87
3814,43,88
3815,43,89
3816,43,90
3817,43,91
3818,43,92
3819,43,93
3820,43,94
3821,43,95
3822,43,96
3823,43,97
3824,43,98
3825,43,99
3826,43,100
3827,43,101
3828,43,102
3829,43,103
3830,43,104
3831,43,105
3832,43,106
3833,43,107
3834,43,108
3835,43,109
3836,43,110
3837,43,111
3838,43,112
3839,43,113
3840,43,114
3841,43,115
3842,43,116
3843,43,117
3844,43,118
3845,43,119
3846,43,120
3847,43,121
3848,43,122
3849,43,123
3850,43,124
3851,44,4
3852,44,5
3853,44,6
3854,44,7
3855,44,8
3856,44,9
3857,44,10
3858,44,11
3859,44,12
3860,44,13
3861,44,14
3862,44,15
3863,44,16
3864,44,17
3865,44,18
3866,44,19
3867,44,20
3868,44,21
3869,44,22
3870,44,23
3871,44,24
3872,44,25
3873,44,26
3874,44,27
3875,44,28
3876,44,29
3877,44,30
3878,44,31
3879,44,32
3880,44,33
3881,44,34
3882,44,35
3883,44,36
3884,44,37
3885,44,38
3886,44,39
3887,44,40
3888,44,41
3889,44,42
3890,44,43
3891,44,44
3892,44,45
3893,44,46
3894,44,47
3895,44,48
3896,44,49
3897,44,50
3898,44,51
3899,44,52
3900,44,53
3901,44,54
3902,44,55
3903,44,56
3904,44,57
3905,44,58
3906,44,59
3907,44,60
3908,44,61
3909,44,62
3910,44,63
3911,44,64
3912,44,65
3913,44,66
3914,44,67
3915,44,68
3916,44,69
3917,44,70
3918,44,71
3919,44,72
3920,44,73
3921,44,74
3922,44,75
3923,44,76
3924,44,77
3925,44,78
3926,44,79
3927,44,80
3928,44,81
3929,44,82
3930,44,83
3931,44,84
3932,44,85
3933,44,86
3934,44,87
3935,44,88
3936,44,89
3937,44,90
3938,44,91
3939,44,92
3940,44,93
3941,44,94
3942,44,95
3943,44,96
3944,44,97
3945,44,98
3946,44,99
3947,44,100
3948,44,101
3949,44,102
3950,44,103
3951,44,104
3952,44,105
3953,44,106
3954,44,107
3955,44,108
3956,44,109
3957,44,110
3958,44,111
3959,44,112
3960,44,113
3961,44,114
3962,44,115
3963,44,116
3964,44,117
3965,44,118
3966,44,119
3967,44,120
3968,44,121
3969,44,122
3970,44,123
3971,44,124
3972,45,3
3973,45,4
3974,45,5
3975,45,6
3976,45,7
3977,45,8
3978,45,9
3979,45,10
3980,45,11
3981,45,12
3982,45,13
3983,45,14
3984,45,15
3985,45,16
3986,45,17
3987,45,18
3988,45,19
3989,45,20
3990,45,21
3991,45,22
3992,45,23
3993,45,24
3994,45,25
3995,45,26
3996,45,27
3997,45,28
3998,45,29
3999,45,30
4000,45,31
4001,45,32
4002,45,33
4003,45,34
4004,45,35
4005,45,36
4006,45,37
4007,45,38
4008,45,39
4009,45,40
4010,45,41
4011,45,42
4012,45,43
4013,45,44
4014,45,45
4015,45,46
4016,45,47
4017,45,48
4018,45,49
4019,45,50
4020,45,51
4021,45,52
4022,45,53
4023,45,54
4024,45,55
4025,45,56
4026,45,57
4027,45,58
4028,45,59
4029,45,60
4030,45,61
4031,45,62
4032,45,63
4033,45,64
4034,45,65
4035,45,66
4036,45,67
4037,45,68
4038,45,69
4039,45,70
4040,45,71
4041,45,72
4042,45,73
4043,45,74
4044,45,75
4045,45,76
4046,45,77
4047,45,78
4048,45,79
4049,45,80
4050,45,81
4051,45,82
4052,45,83
4053,45,84
4054,45,85
4055,45,86
4056,45,87
4057,45,88
4058,45,89
4059,45,90
4060,45,91
4061,45,92
4062,45,93
4063,45,94
4064,45,95
4065,45,96
4066,45,97
4067,45,98
4068,45,99
4069,45,100
4070,45,101
4071,45,102
4072,45,103
4073,45,104
4074,45,105
4075,45,106
4076,45,107
4077,45,108
4078,45,109
4079,45,110
4080,45,111
4081,45,112
4082,45,113
4083,45,114
4084,45,115
4085,45,116
4086,45,117
4087,45,118
4088,45,119
4089,45,120
4090,45,121
4091,45,122
4092,45,123
4093,45,124
4094,45,125
4095,46,3
4096,46,4
4097,46,5
4098,46,6
4099,46,7
4100,46,8
4101,46,9
4102,46,10
4103,46,11
4104,46,12
4105,46,13
4106,46,14
4107,46,15
4108,46,16
4109,46,17
4110,46,18
4111,46,19
4112,46,20
4113,46,21
4114,46,22
4115,46,23
4116,46,24
4117,46,25
4118,46,26
4119,46,27
4120,46,28
4121,46,29
4122,46,30
4123,46,31
4124,46,32
4125,46,33
4126,46,34
4127,46,35
4128,46,36
4129,46,37
4130,46,38
4131,46,39
4132,46,40
4133,46,41
4134,46,42
4135,46,43
4136,46,44
4137,46,45
4138,46,46
4139,46,47
4140,46,48
4141,46,49
4142,46,50
4143,46,51
4144,46,52
4145,46,53
4146,46,54
4147,46,55
4148,46,56
4149,46,57
4150,46,58
4151,46,59
4152,46,60
4153,46,61
4154,46,62
4155,46,63
4156,46,64
4157,46,65
4158,46,66
4159,46,67
4160,46,68
4161,46,69
4162,46,70
4163,46,71
4164,46,72
4165,46,73
4166,46,74
4167,46,75
4168,46,76
4169,46,77
4170,46,78
4171,46,79
4172,46,80
4173,46,81
4174,46,82
4175,46,83
4176,46,84
4177,46,85
4178,46,86
4179,46,87
4180,46,88
4181,46,89
4182,46,90
4183,46,91
4184,46,92
4185,46,93
4186,46,94
4187,46,95
4188,46,96
4189,46,97
4190,46,98
4191,46,99
4192,46,100
4193,46,101
4194,46,102
4195,46,103
4196,46,104
4197,46,105
4198,46,106
4199,46,107
4200,46,108
4201,46,109
4202,46,110
4203,46,111
4204,46,112
4205,46,113
4206,46,114
4207,46,115
4208,46,116
4209,46,117
4210,46,118
4211,46,119
4212,46,120
4213,46,121
4214,46,122
4215,46,123
4216,46,124
4217,46,125
4218,47,3
4219,47,4
4220,47,5
4221,47,6
4222,47,7
4223,47,8
4224,47,9
4225,47,10
4226,47,11
4227,47,12
4228,47,13
4229,47,14
4230,47,15
4231,47,16
4232,47,17
4233,47,18
4234,47,19
4235,47,20
4236,47,21
4237,47,22
4238,47,23
4239,47,24
4240,47,25
4241,47,26
4242,47,27
4243,47,28
4244,47,29
4245,47,30
4246,47,31
4247,47,32
4248,47,33
4249,47,34
4250,47,35
4251,47,36
4252,47,37
4253,47,38
4254,47,39
4255,47,40
4256,47,41
4257,47,42
4258,47,43
4259,47,44
4260,47,45
4261,47,46
4262,47,47
4263,47,48
4264,47,49
4265,47,50
4266,47,51
4267,47,52
4268,47,53
4269,47,54
4270,47,55
4271,47,56
4272,47,57
4273,47,58
4274,47,59
4275,47,60
4276,47,61
4277,47,62
4278,47,63
4279,47,64
4280,47,65
4281,47,66
4282,47,67
4283,47,68
4284,47,69
4285,47,70
4286,47,71
4287,47,72
4288,47,73
4289,47,74
4290,47,75
4291,47,76
4292,47,77
4293,47,78
4294,47,79
4295,47,80
4296,47,81
4297,47,82
4298,47,83
4299,47,84
4300,47,85
4301,47,86
4302,47,87
4303,47,88
4304,47,89
4305,47,90
4306,47,91
4307,47,92
4308,47,93
4309,47,94
4310,47,95
4311,47,96
4312,47,97
4313,47,98
4314,47,99
4315,47,100
4316,47,101
4317,47,102
4318,47,103
4319,47,104
4320,47,105
4321,47,106
4322,47,107
4323,47,108
4324,47,109
4325,47,110
4326,47,111
4327,47,112
4328,47,113
4329,47,114
4330,47,115
4331,47,116
4332,47,117
4333,47,118
4334,47,119
4335,47,120
4336,47,121
4337,47,122
4338,47,123
4339,47,124
4340,47,125
4341,48,3
4342,48,4
4343,48,5
4344,48,6
4345,48,7
4346,48,8
4347,48,9
4348,48,10
4349,48,11
4350,48,12
4351,48,13
4352,48,14
4353,48,15
4354,48,16
4355,48,17
4356,48,18
4357,48,19
4358,48,20
4359,48,21
4360,48,22
4361,48,23
4362,48,24
4363,48,25
4364,48,26
4365,48,27
4366,48,28
4367,48,29
4368,48,30
4369,48,31
4370,48,32
4371,48,33
4372,48,34
4373,48,35
4374,48,36
4375,48,37
4376,48,38
4377,48,39
4378,48,40
4379,48,41
4380,48,42
4381,48,43
4382,48,44
4383,48,45
4384,48,46
4385,48,47
4386,48,48
4387,48,49
4388,48,50
4389,48,51
4390,48,52
4391,48,53
4392,48,54
4393,48,55
4394,48,56
4395,48,57
4396,48,58
4397,48,59
4398,48,60
4399,48,61
4400,48,62
4401,48,63
4402,48,64
4403,48,65
4404,48,66
4405,48,67
4406,48,68
4407,48,69
4408,48,70
4409,48,71
4410,48,72
4411,48,73
4412,48,74
4413,48,75
4414,48,76
4415,48,77
4416,48,78
4417,48,79
4418,48,80
4419,48,81
4420,48,82
4421,48,83
4422,48,84
4423,48,85
4424,48,86
4425,48,87
4426,48,88
4427,48,89
4428,48,90
4429,48,91
4430,48,92
4431,48,93
4432,48,94
4433,48,95
4434,48,96
4435,48,97
4436,48,98
4437,48,99
4438,48,100
4439,48,101
4440,48,102
4441,48,103
4442,48,104
4443,48,105
4444,48,106
4445,48,107
4446,48,108
4447,48,109
4448,48,110
4449,48,111
4450,48,112
4451,48,113
4452,48,114
4453,48,115
4454,48,116
4455,48,117
4456,48,118
4457,48,119
4458,48,120
4459,48,121
4460,48,122
4461,48,123
4462,48,124
4463,48,125
4464,49,2
4465,49,3
4466,49,4
4467,49,5
4468,49,6
4469,49,7
4470,49,8
4471,49,9
4472,49,10
4473,49,11
4474,49,12
4475,49,13
4476,49,14
4477,49,15
4478,49,16
4479,49,17
4480,49,18
4481,49,19
4482,49,20
4483,49,21
4484,49,22
4485,49,23
4486,49,24
4487,49,25
4488,49,26
4489,49,27
4490,49,28
4491,49,29
4492,49,30
4493,49,31
4494,49,32
4495,49,33
4496,49,34
4497,49,35
4498,49,36
4499,49,37
4500,49,38
4501,49,39
4502,49,40
4503,49,41
4504,49,42
4505,49,43
4506,49,44
4507,49,45
4508,49,46
4509,49,47
4510,49,48
4511,49,49
4512,49,50
4513,49,51
4514,49,52
4515,49,53
4516,49,54
4517,49,55
4518,49,56
4519,49,57
4520,49,58
4521,49,59
4522,49,60
4523,49,61
4524,49,62
4525,49,63
4526,49,64
4527,49,65
4528,49,66
4529,49,67
4530,49,68
4531,49,69
4532,49,70
4533,49,71
4534,49,72
4535,49,73
4536,49,74
4537,49,75
4538,49,76
4539,49,77
4540,49,78
4541,49,79
4542,49,80
4543,49,81
4544,49,82
4545,49,83
4546,49,84
4547,49,85
4548,49,86
4549,49,87
4550,49,88
4551,49,89
4552,49,90
4553,49,91
4554,49,92
4555,49,93
4556,49,94
4557,49,95
4558,49,96
4559,49,97
4560,49,98
4561,49,99
4562,49,100
4563,49,101
4564,49,102
4565,49,103
4566,49,104
4567,49,105
4568,49,106
4569,49,107
4570,49,108
4571,49,109
4572,49,110
4573,49,111
4574,49,112
4575,49,113
4576,49,114
4577,49,115
4578,49,116
4579,49,117
4580,49,118
4581,49,119
4582,49,120
4583,49,121
4584,49,122
4585,49,123
4586,49,124
4587,49,125
4588,49,126
4589,50,2
4590,50,3
4591,50,4
4592,50,5
4593,50,6
4594,50,7
4595,50,8
4596,50,9
4597,50,10
4598,50,11
4599,50,12
4600,50,13
4601,50,14
4602,50,15
4603,50,16
4604,50,17
4605,50,18
4606,50,19
4607,50,20
4608,50,21
4609,50,22
4610,50,23
4611,50,24
4612,50,25
4613,50,26
4614,50,27
4615,50,28
4616,50,29
4617,50,30
4618,50,31
4619,50,32
4620,50,33
4621,50,34
4622,50,35
4623,50,36
4624,50,37
4625,50,38
4626,50,39
4627,50,40
4628,50,41
4629,50,42
4630,50,43
4631,50,44
4632,50,45
4633,50,46
4634,50,47
4635,50,48
4636,50,49
4637,50,50
4638,50,51
4639,50,52
4640,50,53
4641,50,54
4642,50,55
4643,50,56
4644,50,57
4645,50,58
4646,50,59
4647,50,60
4648,50,61
4649,50,62
4650,50,63
4651,50,64
4652,50,65
4653,50,66
4654,50,67
4655,50,68
4656,50,69
4657,50,70
4658,50,71
4659,50,72
4660,50,73
4661,50,74
4662,50,75
4663,50,76
4664,50,77
4665,50,78
4666,50,79
4667,50,80
4668,50,81
4669,50,82
4670,50,83
4671,50,84
4672,50,85
4673,50,86
4674,50,87
4675,50,88
4676,50,89
4677,50,90
4678,50,91
4679,50,92
4680,50,93
4681,50,94
4682,50,95
4683,50,96
4684,50,97
4685,50,98
4686,50,99
4687,50,100
4688,50,101
4689,50,102
4690,50,103
4691,50,104
4692,50,105
4693,50,106
4694,50,107
4695,50,108
4696,50,109
4697,50,110
4698,50,111
4699,50,112
4700,50,113
4701,50,114
4702,50,115
4703,50,116
4704,50,117
4705,50,118
4706,50,119
4707,50,120
4708,50,121
4709,50,122
4710,50,123
4711,50,124
4712,50,125
4713,50,126
4714,51,2
4715,51,3
4716,51,4
4717,51,5
4718,51,6
4719,51,7
4720,51,8
4721,51,9
4722,51,10
4723,51,11
4724,51,12
4725,51,13
4726,51,14
4727,51,15
4728,51,16
4729,51,17
4730,51,18
4731,51,19
4732,51,20
4733,51,21
4734,51,22
4735,51,23
4736,51,24
4737,51,25
4738,51,26
4739,51,27
4740,51,28
4741,51,29
4742,51,30
4743,51,31
4744,51,32
4745,51,33
4746,51,34
4747,51,35
4748,51,36
4749,51,37
4750,51,38
4751,51,39
4752,51,40
4753,51,41
4754,51,42
4755,51,43
4756,51,44
4757,51,45
4758,51,46
4759,51,47
4760,51,48
4761,51,49
4762,51,50
4763,51,51
4764,51,52
4765,51,53
4766,51,54
4767,51,55
4768,51,56
4769,51,57
4770,51,58
4771,51,59
4772,51,60
4773,51,61
4774,51,62
4775,51,63
4776,51,64
4777,51,65
4778,51,66
4779,51,67
4780,51,68
4781,51,69
4782,51,70
4783,51,71
4784,51,72
4785,51,73
4786,51,74
4787,51,75
4788,51,76
4789,51,77
4790,51,78
4791,51,79
4792,51,80
4793,51,81
4794,51,82
4795,51,83
4796,51,84
4797,51,85
4798,51,86
4799,51,87
4800,51,88
4801,51,89
4802,51,90
4803,51,91
4804,51,92
4805,51,93
4806,51,94
4807,51,95
4808,51,96
4809,51,97
4810,51,98
4811,51,99
4812,51,100
4813,51,101
4814,51,102
4815,51,103
4816,51,104
4817,51,105
4818,51,106
4819,51,107
4820,51,108
4821,51,109
4822,51,110
4823,51,111
4824,51,112
4825,51,113
4826,51,114
4827,51,115
4828,51,116
4829,51,117
4830,51,118
4831,51,119
4832,51,120
4833,51,121
4834,51,122
4835,51,123
4836,51,124
4837,51,125
4838,51,126
4839,52,2
4840,52,3
4841,52,4
4842,52,5
4843,52,6
4844,52,7
4845,52,8
4846,52,9
4847,52,10
4848,52,11
4849,52,12
4850,52,13
4851,52,14
4852,52,15
4853,52,16
4854,52,17
4855,52,18
4856,52,19
4857,52,20
4858,52,21
4859,52,22
4860,52,23
4861,52,24
4862,52,25
4863,52,26
4864,52,27
4865,52,28
4866,52,29
4867,52,30
4868,52,31
4869,52,32
4870,52,33
4871,52,34
4872,52,35
4873,52,36
4874,52,37
4875,52,38
4876,52,39
4877,52,40
4878,52,41
4879,52,42
4880,52,43
4881,52,44
4882,52,45
4883,52,46
4884,52,47
4885,52,48
4886,52,49
4887,52,50
4888,52,51
4889,52,52
4890,52,53
4891,52,54
4892,52,55
4893,52,56
4894,52,57
4895,52,58
4896,52,59
4897,52,60
4898,52,61
4899,52,62
4900,52,63
4901,52,64
4902,52,65
4903,52,66
4904,52,67
4905,52,68
4906,52,69
4907,52,70
4908,52,71
4909,52,72
4910,52,73
4911,52,74
4912,52,75
4913,52,76
4914,52,77
4915,52,78
4916,52,79
4917,52,80
4918,52,81
4919,52,82
4920,52,83
4921,52,84
4922,52,85
4923,52,86
4924,52,87
4925,52,88
4926,52,89
4927,52,90
4928,52,91
4929,52,92
4930,52,93
4931,52,94
4932,52,95
4933,52,96
4934,52,97
4935,52,98
4936,52,99
4937,52,100
4938,52,101
4939,52,102
4940,52,103
4941,52,104
4942,52,105
4943,52,106
4944,52,107
4945,52,108
4946,52,109
4947,52,110
4948,52,111
4949,52,112
4950,52,113
4951,52,114
4952,52,115
4953,52,116
4954,52,117
4955,52,118
4956,52,119
4957,52,120
4958,52,121
4959,52,122
4960,52,123
4961,52,124
4962,52,125
4963,52,126
4964,53,1
4965,53,2
4966,53,3
4967,53,4
4968,53,5
4969,53,6
4970,53,7
4971,53,8
4972,53,9
4973,53,10
4974,53,11
4975,53,12
4976,53,13
4977,53,14
4978,53,15
4979,53,16
4980,53,17
4981,53,18
4982,53,19
4983,53,20
4984,53,21
4985,53,22
4986,53,23
4987,53,24
4988,53,25
4989,53,26
4990,53,27
4991,53,28
4992,53,29
4993,53,30
4994,53,31
4995,53,32
4996,53,33
4997,53,34
4998,53,35
4999,53,36
5000,53,37
5001,53,38
5002,53,39
5003,53,40
5004,53,41
5005,53,42
5006,53,43
5007,53,44
5008,53,45
5009,53,46
5010,53,47
5011,53,48
5012,53,49
5013,53,50
5014,53,51
5015,53,52
5016,53,53
5017,53,54
5018,53,55
5019,53,56
5020,53,57
5021,53,58
5022,53,59
5023,53,60
5024,53,61
5025,53,62
5026,53,63
5027,53,64
5028,53,65
5029,53,66
5030,53,67
5031,53,68
5032,53,69
5033,53,70
5034,53,71
5035,53,72
5036,53,73
5037,53,74
5038,53,75
5039,53,76
5040,53,77
5041,53,78
5042,53,79
5043,53,80
5044,53,81
5045,53,82
5046,53,83
5047,53,84
5048,53,85
5049,53,86
5050,53,87
5051,53,88
5052,53,89
5053,53,90
5054,53,91
5055,53,92
5056,53,93
5057,53,94
5058,53,95
5059,53,96
5060,53,97
5061,53,98
5062,53,99
5063,53,100
5064,53,101
5065,53,102
5066,53,103
5067,53,104
5068,53,105
5069,53,106
5070,53,107
5071,53,108
5072,53,109
5073,53,110
5074,53,111
5075,53,112
5076,53,113
5077,53,114
5078,53,115
5079,53,116
5080,53,117
5081,53,118
5082,53,119
5083,53,120
5084,53,121
5085,53,122
5086,53,123
5087,53,124
5088,53,125
5089,53,126
5090,53,127
5091,54,1
5092,54,2
5093,54,3
5094,54,4
5095,54,5
5096,54,6
5097,54,7
5098,54,8
5099,54,9
5100,54,10
5101,54,11
5102,54,12
5103,54,13
5104,54,14
5105,54,15
5106,54,16
5107,54,17
5108,54,18
5109,54,19
5110,54,20
5111,54,21
5112,54,22
5113,54,23
5114,54,24
5115,54,25
5116,54,26
5117,54,27
5118,54,28
5119,54,29
5120,54,30
5121,54,31
5122,54,32
5123,54,33
5124,54,34
5125,54,35
5126,54,36
5127,54,37
5128,54,38
5129,54,39
5130,54,40
5131,54,41
5132,54,42
5133,54,43
5134,54,44
5135,54,45
5136,54,46
5137,54,47
5138,54,48
5139,54,49
5140,54,50
5141,54,51
5142,54,52
5143,54,53
5144,54,54
5145,54,55
5146,54,56
5147,54,57
5148,54,58
5149,54,59
5150,54,60
5151,54,61
5152,54,62
5153,54,63
5154,54,64
5155,54,65
5156,54,66
5157,54,67
5158,54,68
5159,54,69
5160,54,70
5161,54,71
5162,54,72
5163,54,73
5164,54,74
5165,54,75
5166,54,76
5167,54,77
5168,54,78
5169,54,79
5170,54,80
5171,54,81
5172,54,82
5173,54,83
5174,54,84
5175,54,85
5176,54,86
5177,54,87
5178,54,88
5179,54,89
5180,54,90
5181,54,91
5182,54,92
5183,54,93
5184,54,94
5185,54,95
5186,54,96
5187,54,97
5188,54,98
5189,54,99
5190,54,100
5191,54,101
5192,54,102
5193,54,103
5194,54,104
5195,54,105
5196,54,106
5197,54,107
5198,54,108
5199,54,109
5200,54,110
5201,54,111
5202,54,112
5203,54,113
5204,54,114
5205,54,115
5206,54,116
5207,54,117
5208,54,118
5209,54,119
5210,54,120
5211,54,121
5212,54,122
5213,54,123
5214,54,124
5215,54,125
5216,54,126
5217,54,127
5218,55,1
5219,55,2
5220,55,3
5221,55,4
5222,55,5
5223,55,6
5224,55,7
5225,55,8
5226,55,9
5227,55,10
5228,55,11
5229,55,12
5230,55,13
5231,55,14
5232,55,15
5233,55,16
5234,55,17
5235,55,18
5236,55,19
5237,55,20
5238,55,21
5239,55,22
5240,55,23
5241,55,24
5242,55,25
5243,55,26
5244,55,27
5245,55,28
5246,55,29
5247,55,30
5248,55,31
5249,55,32
5250,55,33
5251,55,34
5252,55,35
5253,55,36
5254,55,37
5255,55,38
5256,55,39
5257,55,40
5258,55,41
5259,55,42
5260,55,43
5261,55,44
5262,55,45
5263,55,46
5264,55,47
5265,55,48
5266,55,49
5267,55,50
5268,55,51
5269,55,52
5270,55,53
5271,55,54
5272,55,55
5273,55,56
5274,55,57
5275,55,58
5276,55,59
5277,55,60
5278,55,61
5279,55,62
5280,55,63
5281,55,64
5282,55,65
5283,55,66
5284,55,67
5285,55,68
5286,55,69
5287,55,70
5288,55,71
5289,55,72
5290,55,73
5291,55,74
5292,55,75
5293,55,76
5294,55,77
5295,55,78
5296,55,79
5297,55,80
5298,55,81
5299,55,82
5300,55,83
5301,55,84
5302,55,85
5303,55,86
5304,55,87
5305,55,88
5306,55,89
5307,55,90
5308,55,91
5309,55,92
5310,55,93
5311,55,94
5312,55,95
5313,55,96
5314,55,97
5315,55,98
5316,55,99
5317,55,100
5318,55,101
5319,55,102
5320,55,103
5321,55,104
5322,55,105
5323,55,106
5324,55,107
5325,55,108
5326,55,109
5327,55,110
5328,55,111
5329,55,112
5330,55,113
5331,55,114
5332,55,115
5333,55,116
5334,55,117
5335,55,118
5336,55,119
5337,55,120
5338,55,121
5339,55,122
5340,55,123
5341,55,124
5342,55,125
5343,55,126
5344,55,127
5345,56,1
5346,56,2
5347,56,3
5348,56,4
5349,56,5
5350,56,6
5351,56,7
5352,56,8
5353,56,9
5354,56,10
5355,56,11
5356,56,12
5357,56,13
5358,56,14
5359,56,15
5360,56,16
5361,56,17
5362,56,18
5363,56,19
5364,56,20
5365,56,21
5366,56,22
5367,56,23
5368,56,24
5369,56,25
5370,56,26
5371,56,27
5372,56,28
5373,56,29
5374,56,30
5375,56,31
5376,56,32
5377,56,33
5378,56,34
5379,56,35
5380,56,36
5381,56,37
5382,56,38
5383,56,39
5384,56,40
5385,56,41
5386,56,42
5387,56,43
5388,56,44
5389,56,45
5390,56,46
5391,56,47
5392,56,48
5393,56,49
5394,56,50
5395,56,51
5396,56,52
5397,56,53
5398,56,54
5399,56,55
5400,56,56
5401,56,57
5402,56,58
5403,56,59
5404,56,60
5405,56,61
5406,56,62
5407,56,63
5408,56,64
5409,56,65
5410,56,66
5411,56,67
5412,56,68
5413,56,69
5414,56,70
5415,56,71
5416,56,72
5417,56,73
5418,56,74
5419,56,75
5420,56,76
5421,56,77
5422,56,78
5423,56,79
5424,56,80
5425,56,81
5426,56,82
5427,56,83
5428,56,84
5429,56,85
5430,56,86
5431,56,87
5432,56,88
5433,56,89
5434,56,90
5435,56,91
5436,56,92
5437,56,93
5438,56,94
5439,56,95
5440,56,96
5441,56,97
5442,56,98
5443,56,99
5444,56,100
5445,56,101
5446,56,102
5447,56,103
5448,56,104
5449,56,105
5450,56,106
5451,56,107
5452,56,108
5453,56,109
5454,56,110
5455,56,111
5456,56,112
5457,56,113
5458,56,114
5459,56,115
5460,56,116
5461,56,117
5462,56,118
5463,56,119
5464,56,120
5465,56,121
5466,56,122
5467,56,123
5468,56,124
5469,56,125
5470,56,126
5471,56,127
5472,57,1
5473,57,2
5474,57,3
5475,57,4
5476,57,5
5477,57,6
5478,57,7
5479,57,8
5480,57,9
5481,57,10
5482,57,11
5483,57,12
5484,57,13
5485,57,14
5486,57,15
5487,57,16
5488,57,17
5489,57,18
5490,57,19
5491,57,20
5492,57,21
5493,57,22
5494,57,23
5495,57,24
5496,57,25
5497,57,26
5498,57,27
5499,57,28
5500,57,29
5501,57,30
5502,57,31
5503,57,32
5504,57,33
5505,57,34
5506,57,35
5507,57,36
5508,57,37
5509,57,38
5510,57,39
5511,57,40
5512,57,41
5513,57,42
5514,57,43
5515,57,44
5516,57,45
5517,57,46
5518,57,47
5519,57,48
5520,57,49
5521,57,50
5522,57,51
5523,57,52
5524,57,53
5525,57,54
5526,57,55
5527,57,56
5528,57,57
5529,57,58
5530,57,59
5531,57,60
5532,57,61
5533,57,62
5534,57,63
5535,57,64
5536,57,65
5537,57,66
5538,57,67
5539,57,68
5540,57,69
5541,57,70
5542,57,71
5543,57,72
5544,57,73
5545,57,74
5546,57,75
5547,57,76
5548,57,77
5549,57,78
5550,57,79
5551,57,80
5552,57,81
5553,57,82
5554,57,83
5555,57,84
5556,57,85
5557,57,86
5558,57,87
5559,57,88
5560,57,89
5561,57,90
5562,57,91
5563,57,92
5564,57,93
5565,57,94
5566,57,95
5567,57,96
5568,57,97
5569,57,98
5570,57,99
5571,57,100
5572,57,101
5573,57,102
5574,57,103
5575,57,104
5576,57,105
5577,57,106
5578,57,107
5579,57,108
5580,57,109
5581,57,110
5582,57,111
5583,57,112
5584,57,113
5585,57,114
5586,57,115
5587,57,116
5588,57,117
5589,57,118
5590,57,119
5591,57,120
5592,57,121
5593,57,122
5594,57,123
5595,57,124
5596,57,125
5597,57,126
5598,57,127
5599,58,1
5600,58,2
5601,58,3
5602,58,4
5603,58,5
5604,58,6
5605,58,7
5606,58,8
5607,58,9
5608,58,10
5609,58,11
5610,58,12
5611,58,13
5612,58,14
5613,58,15
5614,58,16
5615,58,17
5616,58,18
5617,58,19
5618,58,20
5619,58,21
5620,58,22
5621,58,23
5622,58,24
5623,58,25
5624,58,26
5625,58,27
5626,58,28
5627,58,29
5628,58,30
5629,58,31
5630,58,32
5631,58,33
5632,58,34
5633,58,35
5634,58,36
5635,58,37
5636,58,38
5637,58,39
5638,58,40
5639,58,41
5640,58,42
5641,58,43
5642,58,44
5643,58,45
5644,58,46
5645,58,47
5646,58,48
5647,58,49
5648,58,50
5649,58,51
5650,58,52
5651,58,53
5652,58,54
5653,58,55
5654,58,56
5655,58,57
5656,58,58
5657,58,59
5658,58,60
5659,58,61
5660,58,62
5661,58,63
5662,58,64
5663,58,65
5664,58,66
5665,58,67
5666,58,68
5667,58,69
5668,58,70
5669,58,71
5670,58,72
5671,58,73
5672,58,74
5673,58,75
5674,58,76
5675,58,77
5676,58,78
5677,58,79
5678,58,80
5679,58,81
5680,58,82
5681,58,83
5682,58,84
5683,58,85
5684,58,86
5685,58,87
5686,58,88
5687,58,89
5688,58,90
5689,58,91
5690,58,92
5691,58,93
5692,58,94
5693,58,95
5694,58,96
5695,58,97
5696,58,98
5697,58,99
5698,58,100
5699,58,101
5700,58,102
5701,58,103
5702,58,104
5703,58,105
5704,58,106
5705,58,107
5706,58,108
5707,58,109
5708,58,110
5709,58,111
5710,58,112
5711,58,113
5712,58,114
5713,58,115
5714,58,116
5715,58,117
5716,58,118
5717,58,119
5718,58,120
5719,58,121
5720,58,122
5721,58,123
5722,58,124
5723,58,125
5724,58,126
5725,58,127
5726,59,1
5727,59,2
5728,59,3
5729,59,4
5730,59,5
5731,59,6
5732,59,7
5733,59,8
5734,59,9
5735,59,10
5736,59,11
5737,59,12
5738,59,13
5739,59,14
5740,59,15
5741,59,16
5742,59,17
5743,59,18
5744,59,19
5745,59,20
5746,59,21
5747,59,22
5748,59,23
5749,59,24
5750,59,25
5751,59,26
5752,59,27
5753,59,28
5754,59,29
5755,59,30
5756,59,31
5757,59,32
5758,59,33
5759,59,34
5760,59,35
5761,59,36
5762,59,37
5763,59,38
5764,59,39
5765,59,40
5766,59,41
5767,59,42
5768,59,43
5769,59,44
5770,59,45
5771,59,46
5772,59,47
5773,59,48
5774,59,49
5775,59,50
5776,59,51
5777,59,52
5778,59,53
5779,59,54
5780,59,55
5781,59,56
5782,59,57
5783,59,58
5784,59,59
5785,59,60
5786,59,61
5787,59,62
5788,59,63
5789,59,64
5790,59,65
5791,59,66
5792,59,67
5793,59,68
5794,59,69
5795,59,70
5796,59,71
5797,59,72
5798,59,73
5799,59,74
5800,59,75
5801,59,76
5802,59,77
5803,59,78
5804,59,79
5805,59,80
5806,59,81
5807,59,82
5808,59,83
5809,59,84
5810,59,85
5811,59,86
5812,59,87
5813,59,88
5814,59,89
5815,59,90
5816,59,91
5817,59,92
5818,59,93
5819,59,94
5820,59,95
5821,59,96
5822,59,97
5823,59,98
5824,59,99
5825,59,100
5826,59,101
5827,59,102
5828,59,103
5829,59,104
5830,59,105
5831,59,106
5832,59,107
5833,59,108
5834,59,109
5835,59,110
5836,59,111
5837,59,112
5838,59,113
5839,59,114
5840,59,115
5841,59,116
5842,59,117
5843,59,118
5844,59,119
5845,59,120
5846,59,121
5847,59,122
5848,59,123
5849,59,124
5850,59,125
5851,59,126
5852,59,127
5853,60,1
5854,60,2
5855,60,3
5856,60,4
5857,60,5
5858,60,6
5859,60,7
5860,60,8
5861,60,9
5862,60,10
5863,60,11
5864,60,12
5865,60,13
5866,60,14
5867,60,15
5868,60,16
5869,60,17
5870,60,18
5871,60,19
5872,60,20
5873,60,21
5874,60,22
5875,60,23
5876,60,24
5877,60,25
5878,60,26
5879,60,27
5880,60,28
5881,60,29
5882,60,30
5883,60,31
5884,60,32
5885,60,33
5886,60,34
5887,60,35
5888,60,36
5889,60,37
5890,60,38
5891,60,39
5892,60,40
5893,60,41
5894,60,42
5895,60,43
5896,60,44
5897,60,45
5898,60,46
5899,60,47
5900,60,48
5901,60,49
5902,60,50
5903,60,51
5904,60,52
5905,60,53
5906,60,54
5907,60,55
5908,60,56
5909,60,57
5910,60,58
5911,60,59
5912,60,60
5913,60,61
5914,60,62
5915,60,63
5916,60,64
5917,60,65
5918,60,66
5919,60,67
5920,60,68
5921,60,69
5922,60,70
5923,60,71
5924,60,72
5925,60,73
5926,60,74
5927,60,75
5928,60,76
5929,60,77
5930,60,78
5931,60,79
5932,60,80
5933,60,81
5934,60,82
5935,60,83
5936,60,84
5937,60,85
5938,60,86
5939,60,87
5940,60,88
5941,60,89
5942,60,90
5943,60,91
5944,60,92
5945,60,93
5946,60,94
5947,60,95
5948,60,96
5949,60,97
5950,60,98
5951,60,99
5952,60,100
5953,60,101
5954,60,102
5955,60,103
5956,60,104
5957,60,105
5958,60,106
5959,60,107
5960,60,108
5961,60,109
5962,60,110
5963,60,111
5964,60,112
5965,60,113
5966,60,114
5967,60,115
5968,60,116
5969,60,117
5970,60,118
5971,60,119
5972,60,120
5973,60,121
5974,60,122
5975,60,123
5976,60,124
5977,60,125
5978,60,126
5979,60,127
5980,61,1
5981,61,2
5982,61,3
5983,61,4
5984,61,5
5985,61,6
5986,61,7
5987,61,8
5988,61,9
5989,61,10
5990,61,11
5991,61,12
5992,61,13
5993,61,14
5994,61,15
5995,61,16
5996,61,17
5997,61,18
5998,61,19
5999,61,20
6000,61,21
6001,61,22
6002,61,23
6003,61,24
6004,61,25
6005,61,26
6006,61,27
6007,61,28
6008,61,29
6009,61,30
6010,61,31
6011,61,32
6012,61,33
6013,61,34
6014,61,35
6015,61,36
6016,61,37
6017,61,38
6018,61,39
6019,61,40
6020,61,41
6021,61,42
6022,61,43
6023,61,44
6024,61,45
6025,61,46
6026,61,47
6027,61,48
6028,61,49
6029,61,50
6030,61,51
6031,61,52
6032,61,53
6033,61,54
6034,61,55
6035,61,56
6036,61,57
6037,61,58
6038,61,59
6039,61,60
6040,61,61
6041,61,62
6042,61,63
6043,61,64
6044,61,65
6045,61,66
6046,61,67
6047,61,68
6048,61,69
6049,61,70
6050,61,71
6051,61,72
6052,61,73
6053,61,74
6054,61,75
6055,61,76
6056,61,77
6057,61,78
6058,61,79
6059,61,80
6060,61,81
6061,61,82
6062,61,83
6063,61,84
6064,61,85
6065,61,86
6066,61,87
6067,61,88
6068,61,89
6069,61,90
6070,61,91
6071,61,92
6072,61,93
6073,61,94
6074,61,95
6075,61,96
6076,61,97
6077,61,98
6078,61,99
6079,61,100
6080,61,101
6081,61,102
6082,61,103
6083,61,104
6084,61,105
6085,61,106
6086,61,107
6087,61,108
6088,61,109
6089,61,110
6090,61,111
6091,61,112
6092,61,113
6093,61,114
6094,61,115
6095,61,116
6096,61,117
6097,61,118
6098,61,119
6099,61,120
6100,61,121
6101,61,122
6102,61,123
6103,61,124
6104,61,125
6105,61,126
6106,61,127
6107,62,1
6108,62,2
6109,62,3
6110,62,4
6111,62,5
6112,62,6
6113,62,7
6114,62,8
6115,62,9
6116,62,10
6117,62,11
6118,62,12
6119,62,13
6120,62,14
6121,62,15
6122,62,16
6123,62,17
6124,62,18
6125,62,19
6126,62,20
6127,62,21
6128,62,22
6129,62,23
6130,62,24
6131,62,25
6132,62,26
6133,62,27
6134,62,28
6135,62,29
6136,62,30
6137,62,31
6138,62,32
6139,62,33
6140,62,34
6141,62,35
6142,62,36
6143,62,37
6144,62,38
6145,62,39
6146,62,40
6147,62,41
6148,62,42
6149,62,43
6150,62,44
6151,62,45
6152,62,46
6153,62,47
6154,62,48
6155,62,49
6156,62,50
6157,62,51
6158,62,52
6159,62,53
6160,62,54
6161,62,55
6162,62,56
6163,62,57
6164,62,58
6165,62,59
6166,62,60
6167,62,61
6168,62,62
6169,62,63
6170,62,64
6171,62,65
6172,62,66
6173,62,67
6174,62,68
6175,62,69
6176,62,70
6177,62,71
6178,62,72
6179,62,73
6180,62,74
6181,62,75
6182,62,76
6183,62,77
6184,62,78
6185,62,79
6186,62,80
6187,62,81
6188,62,82
6189,62,83
6190,62,84
6191,62,85
6192,62,86
6193,62,87
6194,62,88
6195,62,89
6196,62,90
6197,62,91
6198,62,92
6199,62,93
6200,62,94
6201,62,95
6202,62,96
6203,62,97
6204,62,98
6205,62,99
6206,62,100
6207,62,101
6208,62,102
6209,62,103
6210,62,104
6211,62,105
6212,62,106
6213,62,107
6214,62,108
6215,62,109
6216,62,110
6217,62,111
6218,62,112
6219,62,113
6220,62,114
6221,62,115
6222,62,116
6223,62,117
6224,62,118
6225,62,119
6226,62,120
6227,62,121
6228,62,122
6229,62,123
6230,62,124
6231,62,125
6232,62,126
6233,62,127
6234,63,1
6235,63,2
6236,63,3
6237,63,4
6238,63,5
6239,63,6
6240,63,7
6241,63,8
6242,63,9
6243,63,10
6244,63,11
6245,63,12
6246,63,13
6247,63,14
6248,63,15
6249,63,16
6250,63,17
6251,63,18
6252,63,19
6253,63,20
6254,63,21
6255,63,22
6256,63,23
6257,63,24
6258,63,25
6259,63,26
6260,63,27
6261,63,28
6262,63,29
6263,63,30
6264,63,31
6265,63,32
6266,63,33
6267,63,34
6268,63,35
6269,63,36
6270,63,37
6271,63,38
6272,63,39
6273,63,40
6274,63,41
6275,63,42
6276,63,43
6277,63,44
6278,63,45
6279,63,46
6280,63,47
6281,63,48
6282,63,49
6283,63,50
6284,63,51
6285,63,52
6286,63,53
6287,63,54
6288,63,55
6289,63,56
6290,63,57
6291,63,58
6292,63,59
6293,63,60
6294,63,61
6295,63,62
6296,63,63
6297,63,64
6298,63,65
6299,63,66
6300,63,67
6301,63,68
6302,63,69
6303,63,70
6304,63,71
6305,63,72
6306,63,73
6307,63,74
6308,63,75
6309,63,76
6310,63,77
6311,63,78
6312,63,79
6313,63,80
6314,63,81
6315,63,82
6316,63,83
6317,63,84
6318,63,85
6319,63,86
6320,63,87
6321,63,88
6322,63,89
6323,63,90
6324,63,91
6325,63,92
6326,63,93
6327,63,94
6328,63,95
6329,63,96
6330,63,97
6331,63,98
6332,63,99
6333,63,100
6334,63,101
6335,63,102
6336,63,103
6337,63,104
6338,63,105
6339,63,106
6340,63,107
6341,63,108
6342,63,109
6343,63,110
6344,63,111
6345,63,112
6346,63,113
6347,63,114
6348,63,115
6349,63,116
6350,63,117
6351,63,118
6352,63,119
6353,63,120
6354,63,121
6355,63,122
6356,63,123
6357,63,124
6358,63,125
6359,63,126
6360,63,127
6361,64,1
6362,64,2
6363,64,3
6364,64,4
6365,64,5
6366,64,6
6367,64,7
6368,64,8
6369,64,9
6370,64,10
6371,64,11
6372,64,12
6373,64,13
6374,64,14
6375,64,15
6376,64,16
6377,64,17
6378,64,18
6379,64,19
6380,64,20
6381,64,21
6382,64,22
6383,64,23
6384,64,24
6385,64,25
6386,64,26
6387,64,27
6388,64,28
6389,64,29
6390,64,30
6391,64,31
6392,64,32
6393,64,33
6394,64,34
6395,64,35
6396,64,36
6397,64,37
6398,64,38
6399,64,39
6400,64,40
6401,64,41
6402,64,42
6403,64,43
6404,64,44
6405,64,45
6406,64,46
6407,64,47
6408,64,48
6409,64,49
6410,64,50
6411,64,51
6412,64,52
6413,64,53
6414,64,54
6415,64,55
6416,64,56
6417,64,57
6418,64,58
6419,64,59
6420,64,60
6421,64,61
6422,64,62
6423,64,63
6424,64,64
6425,64,65
6426,64,66
6427,64,67
6428,64,68
6429,64,69
6430,64,70
6431,64,71
6432,64,72
6433,64,73
6434,64,74
6435,64,75
6436,64,76
6437,64,77
6438,64,78
6439,64,79
6440,64,80
6441,64,81
6442,64,82
6443,64,83
6444,64,84
6445,64,85
6446,64,86
6447,64,87
6448,64,88
6449,64,89
6450,64,90
6451,64,91
6452,64,92
6453,64,93
6454,64,94
6455,64,95
6456,64,96
6457,64,97
6458,64,98
6459,64,99
6460,64,100
6461,64,101
6462,64,102
6463,64,103
6464,64,104
6465,64,105
6466,64,106
6467,64,107
6468,64,108
6469,64,109
6470,64,110
6471,64,111
6472,64,112
6473,64,113
6474,64,114
6475,64,115
6476,64,116
6477,64,117
6478,64,118
6479,64,119
6480,64,120
6481,64,121
6482,64,122
6483,64,123
6484,64,124
6485,64,125
6486,64,126
6487,64,127
6488,65,1
6489,65,2
6490,65,3
6491,65,4
6492,65,5
6493,65,6
6494,65,7
6495,65,8
6496,65,9
6497,65,10
6498,65,11
6499,65,12
6500,65,13
6501,65,14
6502,65,15
6503,65,16
6504,65,17
6505,65,18
6506,65,19
6507,65,20
6508,65,21
6509,65,22
6510,65,23
6511,65,24
6512,65,25
6513,65,26
6514,65,27
6515,65,28
6516,65,29
6517,65,30
6518,65,31
6519,65,32
6520,65,33
6521,65,34
6522,65,35
6523,65,36
6524,65,37
6525,65,38
6526,65,39
6527,65,40
6528,65,41
6529,65,42
6530,65,43
6531,65,44
6532,65,45
6533,65,46
6534,65,47
6535,65,48
6536,65,49
6537,65,50
6538,65,51
6539,65,52
6540,65,53
6541,65,54
6542,65,55
6543,65,56
6544,65,57
6545,65,58
6546,65,59
6547,65,60
6548,65,61
6549,65,62
6550,65,63
6551,65,64
6552,65,65
6553,65,66
6554,65,67
6555,65,68
6556,65,69
6557,65,70
6558,65,71
6559,65,72
6560,65,73
6561,65,74
6562,65,75
6563,65,76
6564,65,77
6565,65,78
6566,65,79
6567,65,80
6568,65,81
6569,65,82
6570,65,83
6571,65,84
6572,65,85
6573,65,86
6574,65,87
6575,65,88
6576,65,89
6577,65,90
6578,65,91
6579,65,92
6580,65,93
6581,65,94
6582,65,95
6583,65,96
6584,65,97
6585,65,98
6586,65,99
6587,65,100
6588,65,101
6589,65,102
6590,65,103
6591,65,104
6592,65,105
6593,65,106
6594,65,107
6595,65,108
6596,65,109
6597,65,110
6598,65,111
6599,65,112
6600,65,113
6601,65,114
6602,65,115
6603,65,116
6604,65,117
6605,65,118
6606,65,119
6607,65,120
6608,65,121
6609,65,122
6610,65,123
6611,65,124
6612,65,125
6613,65,126
6614,65,127
6615,66,1
6616,66,2
6617,66,3
6618,66,4
6619,66,5
6620,66,6
6621,66,7
6622,66,8
6623,66,9
6624,66,10
6625,66,11
6626,66,12
6627,66,13
6628,66,14
6629,66,15
6630,66,16
6631,66,17
6632,66,18
6633,66,19
6634,66,20
6635,66,21
6636,66,22
6637,66,23
6638,66,24
6639,66,25
6640,66,26
6641,66,27
6642,66,28
6643,66,29
6644,66,30
6645,66,31
6646,66,32
6647,66,33
6648,66,34
6649,66,35
6650,66,36
6651,66,37
6652,66,38
6653,66,39
6654,66,40
6655,66,41
6656,66,42
6657,66,43
6658,66,44
6659,66,45
6660,66,46
6661,66,47
6662,66,48
6663,66,49
6664,66,50
6665,66,51
6666,66,52
6667,66,53
6668,66,54
6669,66,55
6670,66,56
6671,66,57
6672,66,58
6673,66,59
6674,66,60
6675,66,61
6676,66,62
6677,66,63
6678,66,64
6679,66,65
6680,66,66
6681,66,67
6682,66,68
6683,66,69
6684,66,70
6685,66,71
6686,66,72
6687,66,73
6688,66,74
6689,66,75
6690,66,76
6691,66,77
6692,66,78
6693,66,79
6694,66,80
6695,66,81
6696,66,82
6697,66,83
6698,66,84
6699,66,85
6700,66,86
6701,66,87
6702,66,88
6703,66,89
6704,66,90
6705,66,91
6706,66,92
6707,66,93
6708,66,94
6709,66,95
6710,66,96
6711,66,97
6712,66,98
6713,66,99
6714,66,100
6715,66,101
6716,66,102
6717,66,103
6718,66,104
6719,66,105
6720,66,106
6721,66,107
6722,66,108
6723,66,109
6724,66,110
6725,66,111
6726,66,112
6727,66,113
6728,66,114
6729,66,115
6730,66,116
6731,66,117
6732,66,118
6733,66,119
6734,66,120
6735,66,121
6736,66,122
6737,66,123
6738,66,124
6739,66,125
6740,66,126
6741,66,127
6742,67,1
6743,67,2
6744,67,3
6745,67,4
6746,67,5
6747,67,6
6748,67,7
6749,67,8
6750,67,9
6751,67,10
6752,67,11
6753,67,12
6754,67,13
6755,67,14
6756,67,15
6757,67,16
6758,67,17
6759,67,18
6760,67,19
6761,67,20
6762,67,21
6763,67,22
6764,67,23
6765,67,24
6766,67,25
6767,67,26
6768,67,27
6769,67,28
6770,67,29
6771,67,30
6772,67,31
6773,67,32
6774,67,33
6775,67,34
6776,67,35
6777,67,36
6778,67,37
6779,67,38
6780,67,39
6781,67,40
6782,67,41
6783,67,42
6784,67,43
6785,67,44
6786,67,45
6787,67,46
6788,67,47
6789,67,48
6790,67,49
6791,67,50
6792,67,51
6793,67,52
6794,67,53
6795,67,54
6796,67,55
6797,67,56
6798,67,57
6799,67,58
6800,67,59
6801,67,60
6802,67,61
6803,67,62
6804,67,63
6805,67,64
6806,67,65
6807,67,66
6808,67,67
6809,67,68
6810,67,69
6811,67,70
6812,67,71
6813,67,72
6814,67,73
6815,67,74
6816,67,75
6817,67,76
6818,67,77
6819,67,78
6820,67,79
6821,67,80
6822,67,81
6823,67,82
6824,67,83
6825,67,84
6826,67,85
6827,67,86
6828,67,87
6829,67,88
6830,67,89
6831,67,90
6832,67,91
6833,67,92
6834,67,93
6835,67,94
6836,67,95
6837,67,96
6838,67,97
6839,67,98
6840,67,99
6841,67,100
6842,67,101
6843,67,102
6844,67,103
6845,67,104
6846,67,105
6847,67,106
6848,67,107
6849,67,108
6850,67,109
6851,67,110
6852,67,111
6853,67,112
6854,67,113
6855,67,114
6856,67,115
6857,67,116
6858,67,117
6859,67,118
6860,67,119
6861,67,120
6862,67,121
6863,67,122
6864,67,123
6865,67,124
6866,67,125
6867,67,126
6868,67,127
6869,68,1
6870,68,2
6871,68,3
6872,68,4
6873,68,5
6874,68,6
6875,68,7
6876,68,8
6877,68,9
6878,68,10
6879,68,11
6880,68,12
6881,68,13
6882,68,14
6883,68,15
6884,68,16
6885,68,17
6886,68,18
6887,68,19
6888,68,20
6889,68,21
6890,68,22
6891,68,23
6892,68,24
6893,68,25
6894,68,26
6895,68,27
6896,68,28
6897,68,29
6898,68,30
6899,68,31
6900,68,32
6901,68,33
6902,68,34
6903,68,35
6904,68,36
6905,68,37
6906,68,38
6907,68,39
6908,68,40
6909,68,41
6910,68,42
6911,68,43
6912,68,44
6913,68,45
6914,68,46
6915,68,47
6916,68,48
6917,68,49
6918,68,50
6919,68,51
6920,68,52
6921,68,53
6922,68,54
6923,68,55
6924,68,56
6925,68,57
6926,68,58
6927,68,59
6928,68,60
6929,68,61
6930,68,62
6931,68,63
6932,68,64
6933,68,65
6934,68,66
6935,68,67
6936,68,68
6937,68,69
6938,68,70
6939,68,71
6940,68,72
6941,68,73
6942,68,74
6943,68,75
6944,68,76
6945,68,77
6946,68,78
6947,68,79
6948,68,80
6949,68,81
6950,68,82
6951,68,83
6952,68,84
6953,68,85
6954,68,86
6955,68,87
6956,68,88
6957,68,89
6958,68,90
6959,68,91
6960,68,92
6961,68,93
6962,68,94
6963,68,95
6964,68,96
6965,68,97
6966,68,98
6967,68,99
6968,68,100
6969,68,101
6970,68,102
6971,68,103
6972,68,104
6973,68,105
6974,68,106
6975,68,107
6976,68,108
6977,68,109
6978,68,110
6979,68,111
6980,68,112
6981,68,113
6982,68,114
6983,68,115
6984,68,116
6985,68,117
6986,68,118
6987,68,119
6988,68,120
6989,68,121
6990,68,122
6991,68,123
6992,68,124
6993,68,125
6994,68,126
6995,68,127
6996,69,1
6997,69,2
6998,69,3
6999,69,4
7000,69,5
7001,69,6
7002,69,7
7003,69,8
7004,69,9
7005,69,10
7006,69,11
7007,69,12
7008,69,13
7009,69,14
7010,69,15
7011,69,16
7012,69,17
7013,69,18
7014,69,19
7015,69,20
7016,69,21
7017,69,22
7018,69,23
7019,69,24
7020,69,25
7021,69,26
7022,69,27
7023,69,28
7024,69,29
7025,69,30
7026,69,31
7027,69,32
7028,69,33
7029,69,34
7030,69,35
7031,69,36
7032,69,37
7033,69,38
7034,69,39
7035,69,40
7036,69,41
7037,69,42
7038,69,43
7039,69,44
7040,69,45
7041,69,46
7042,69,47
7043,69,48
7044,69,49
7045,69,50
7046,69,51
7047,69,52
7048,69,53
7049,69,54
7050,69,55
7051,69,56
7052,69,57
7053,69,58
7054,69,59
7055,69,60
7056,69,61
7057,69,62
7058,69,63
7059,69,64
7060,69,65
7061,69,66
7062,69,67
7063,69,68
7064,69,69
7065,69,70
7066,69,71
7067,69,72
7068,69,73
7069,69,74
7070,69,75
7071,69,76
7072,69,77
7073,69,78
7074,69,79
7075,69,80
7076,69,81
7077,69,82
7078,69,83
7079,69,84
7080,69,85
7081,69,86
7082,69,87
7083,69,88
7084,69,89
7085,69,90
7086,69,91
7087,69,92
7088,69,93
7089,69,94
7090,69,95
7091,69,96
7092,69,97
7093,69,98
7094,69,99
7095,69,100
7096,69,101
7097,69,102
7098,69,103
7099,69,104
7100,69,105
7101,69,106
7102,69,107
7103,69,108
7104,69,109
7105,69,110
7106,69,111
7107,69,112
7108,69,113
7109,69,114
7110,69,115
7111,69,116
7112,69,117
7113,69,118
7114,69,119
7115,69,120
7116,69,121
7117,69,122
7118,69,123
7119,69,124
7120,69,125
7121,69,126
7122,69,127
7123,70,1
7124,70,2
7125,70,3
7126,70,4
7127,70,5
7128,70,6
7129,70,7
7130,70,8
7131,70,9
7132,70,10
7133,70,11
7134,70,12
7135,70,13
7136,70,14
7137,70,15
7138,70,16
7139,70,17
7140,70,18
7141,70,19
7142,70,20
7143,70,21
7144,70,22
7145,70,23
7146,70,24
7147,70,25
7148,70,26
7149,70,27
7150,70,28
7151,70,29
7152,70,30
7153,70,31
7154,70,32
7155,70,33
7156,70,34
7157,70,35
7158,70,36
7159,70,37
7160,70,38
7161,70,39
7162,70,40
7163,70,41
7164,70,42
7165,70,43
7166,70,44
7167,70,45
7168,70,46
7169,70,47
7170,70,48
7171,70,49
7172,70,50
7173,70,51
7174,70,52
7175,70,53
7176,70,54
7177,70,55
7178,70,56
7179,70,57
7180,70,58
7181,70,59
7182,70,60
7183,70,61
7184,70,62
7185,70,63
7186,70,64
7187,70,65
7188,70,66
7189,70,67
7190,70,68
7191,70,69
7192,70,70
7193,70,71
7194,70,72
7195,70,73
7196,70,74
7197,70,75
7198,70,76
7199,70,77
7200,70,78
7201,70,79
7202,70,80
7203,70,81
7204,70,82
7205,70,83
7206,70,84
7207,70,85
7208,70,86
7209,70,87
7210,70,88
7211,70,89
7212,70,90
7213,70,91
7214,70,92
7215,70,93
7216,70,94
7217,70,95
7218,70,96
7219,70,97
7220,70,98
7221,70,99
7222,70,100
7223,70,101
7224,70,102
7225,70,103
7226,70,104
7227,70,105
7228,70,106
7229,70,107
7230,70,108
7231,70,109
7232,70,110
7233,70,111
7234,70,112
7235,70,113
7236,70,114
7237,70,115
7238,70,116
7239,70,117
7240,70,118
7241,70,119
7242,70,120
7243,70,121
7244,70,122
7245,70,123
7246,70,124
7247,70,125
7248,70,126
7249,70,127
7250,71,1
7251,71,2
7252,71,3
7253,71,4
7254,71,5
7255,71,6
7256,71,7
7257,71,8
7258,71,9
7259,71,10
7260,71,11
7261,71,12
7262,71,13
7263,71,14
7264,71,15
7265,71,16
7266,71,17
7267,71,18
7268,71,19
7269,71,20
7270,71,21
7271,71,22
7272,71,23
7273,71,24
7274,71,25
7275,71,26
7276,71,27
7277,71,28
7278,71,29
7279,71,30
7280,71,31
7281,71,32
7282,71,33
7283,71,34
7284,71,35
7285,71,36
7286,71,37
7287,71,38
7288,71,39
7289,71,40
7290,71,41
7291,71,42
7292,71,43
7293,71,44
7294,71,45
7295,71,46
7296,71,47
7297,71,48
7298,71,49
7299,71,50
7300,71,51
7301,71,52
7302,71,53
7303,71,54
7304,71,55
7305,71,56
7306,71,57
7307,71,58
7308,71,59
7309,71,60
7310,71,61
7311,71,62
7312,71,63
7313,71,64
7314,71,65
7315,71,66
7316,71,67
7317,71,68
7318,71,69
7319,71,70
7320,71,71
7321,71,72
7322,71,73
7323,71,74
7324,71,75
7325,71,76
7326,71,77
7327,71,78
7328,71,79
7329,71,80
7330,71,81
7331,71,82
7332,71,83
7333,71,84
7334,71,85
7335,71,86
7336,71,87
7337,71,88
7338,71,89
7339,71,90
7340,71,91
7341,71,92
7342,71,93
7343,71,94
7344,71,95
7345,71,96
7346,71,97
7347,71,98
7348,71,99
7349,71,100
7350,71,101
7351,71,102
7352,71,103
7353,71,104
7354,71,105
7355,71,106
7356,71,107
7357,71,108
7358,71,109
7359,71,110
7360,71,111
7361,71,112
7362,71,113
7363,71,114
7364,71,115
7365,71,116
7366,71,117
7367,71,118
7368,71,119
7369,71,120
7370,71,121
7371,71,122
7372,71,123
7373,71,124
7374,71,125
7375,71,126
7376,71,127
7377,72,1
7378,72,2
7379,72,3
7380,72,4
7381,72,5
7382,72,6
7383,72,7
7384,72,8
7385,72,9
7386,72,10
7387,72,11
7388,72,12
7389,72,13
7390,72,14
7391,72,15
7392,72,16
7393,72,17
7394,72,18
7395,72,19
7396,72,20
7397,72,21
7398,72,22
7399,72,23
7400,72,24
7401,72,25
7402,72,26
7403,72,27
7404,72,28
7405,72,29
7406,72,30
7407,72,31
7408,72,32
7409,72,33
7410,72,34
7411,72,35
7412,72,36
7413,72,37
7414,72,38
7415,72,39
7416,72,40
7417,72,41
7418,72,42
7419,72,43
7420,72,44
7421,72,45
7422,72,46
7423,72,47
7424,72,48
7425,72,49
7426,72,50
7427,72,51
7428,72,52
7429,72,53
7430,72,54
7431,72,55
7432,72,56
7433,72,57
7434,72,58
7435,72,59
7436,72,60
7437,72,61
7438,72,62
7439,72,63
7440,72,64
7441,72,65
7442,72,66
7443,72,67
7444,72,68
7445,72,69
7446,72,70
7447,72,71
7448,72,72
7449,72,73
7450,72,74
7451,72,75
7452,72,76
7453,72,77
7454,72,78
7455,72,79
7456,72,80
7457,72,81
7458,72,82
7459,72,83
7460,72,84
7461,72,85
7462,72,86
7463,72,87
7464,72,88
7465,72,89
7466,72,90
7467,72,91
7468,72,92
7469,72,93
7470,72,94
7471,72,95
7472,72,96
7473,72,97
7474,72,98
7475,72,99
7476,72,100
7477,72,101
7478,72,102
7479,72,103
7480,72,104
7481,72,105
7482,72,106
7483,72,107
7484,72,108
7485,72,109
7486,72,110
7487,72,111
7488,72,112
7489,72,113
7490,72,114
7491,72,115
7492,72,116
7493,72,117
7494,72,118
7495,72,119
7496,72,120
7497,72,121
7498,72,122
7499,72,123
7500,72,124
7501,72,125
7502,72,126
7503,72,127
7504,73,1
7505,73,2
7506,73,3
7507,73,4
7508,73,5
7509,73,6
7510,73,7
7511,73,8
7512,73,9
7513,73,10
7514,73,11
7515,73,12
7516,73,13
7517,73,14
7518,73,15
7519,73,16
7520,73,17
7521,73,18
7522,73,19
7523,73,20
7524,73,21
7525,73,22
7526,73,23
7527,73,24
7528,73,25
7529,73,26
7530,73,27
7531,73,28
7532,73,29
7533,73,30
7534,73,31
7535,73,32
7536,73,33
7537,73,34
7538,73,35
7539,73,36
7540,73,37
7541,73,38
7542,73,39
7543,73,40
7544,73,41
7545,73,42
7546,73,43
7547,73,44
7548,73,45
7549,73,46
7550,73,47
7551,73,48
7552,73,49
7553,73,50
7554,73,51
7555,73,52
7556,73,53
7557,73,54
7558,73,55
7559,73,56
7560,73,57
7561,73,58
7562,73,59
7563,73,60
7564,73,61
7565,73,62
7566,73,63
7567,73,64
7568,73,65
7569,73,66
7570,73,67
7571,73,68
7572,73,69
7573,73,70
7574,73,71
7575,73,72
7576,73,73
7577,73,74
7578,73,75
7579,73,76
7580,73,77
7581,73,78
7582,73,79
7583,73,80
7584,73,81
7585,73,82
7586,73,83
7587,73,84
7588,73,85
7589,73,86
7590,73,87
7591,73,88
7592,73,89
7593,73,90
7594,73,91
7595,73,92
7596,73,93
7597,73,94
7598,73,95
7599,73,96
7600,73,97
7601,73,98
7602,73,99
7603,73,100
7604,73,101
7605,73,102
7606,73,103
7607,73,104
7608,73,105
7609,73,106
7610,73,107
7611,73,108
7612,73,109
7613,73,110
7614,73,111
7615,73,112
7616,73,113
7617,73,114
7618,73,115
7619,73,116
7620,73,117
7621,73,118
7622,73,119
7623,73,120
7624,73,121
7625,73,122
7626,73,123
7627,73,124
7628,73,125
7629,73,126
7630,73,127
7631,74,1
7632,74,2
7633,74,3
7634,74,4
7635,74,5
7636,74,6
7637,74,7
7638,74,8
7639,74,9
7640,74,10
7641,74,11
7642,74,12
7643,74,13
7644,74,14
7645,74,15
7646,74,16
7647,74,17
7648,74,18
7649,74,19
7650,74,20
7651,74,21
7652,74,22
7653,74,23
7654,74,24
7655,74,25
7656,74,26
7657,74,27
7658,74,28
7659,74,29
7660,74,30
7661,74,31
7662,74,32
7663,74,33
7664,74,34
7665,74,35
7666,74,36
7667,74,37
7668,74,38
7669,74,39
7670,74,40
7671,74,41
7672,74,42
7673,74,43
7674,74,44
7675,74,45
7676,74,46
7677,74,47
7678,74,48
7679,74,49
7680,74,50
7681,74,51
7682,74,52
7683,74,53
7684,74,54
7685,74,55
7686,74,56
7687,74,57
7688,74,58
7689,74,59
7690,74,60
7691,74,61
7692,74,62
7693,74,63
7694,74,64
7695,74,65
7696,74,66
7697,74,67
7698,74,68
7699,74,69
7700,74,70
7701,74,71
7702,74,72
7703,74,73
7704,74,74
7705,74,75
7706,74,76
7707,74,77
7708,74,78
7709,74,79
7710,74,80
7711,74,81
7712,74,82
7713,74,83
7714,74,84
7715,74,85
7716,74,86
7717,74,87
7718,74,88
7719,74,89
7720,74,90
7721,74,91
7722,74,92
7723,74,93
7724,74,94
7725,74,95
7726,74,96
7727,74,97
7728,74,98
7729,74,99
7730,74,100
7731,74,101
7732,74,102
7733,74,103
7734,74,104
7735,74,105
7736,74,106
7737,74,107
7738,74,108
7739,74,109
7740,74,110
7741,74,111
7742,74,112
7743,74,113
7744,74,114
7745,74,115
7746,74,116
7747,74,117
7748,74,118
7749,74,119
7750,74,120
7751,74,121
7752,74,122
7753,74,123
7754,74,124
7755,74,125
7756,74,126
7757,74,127
7758,75,1
7759,75,2
7760,75,3
7761,75,4
7762,75,5
7763,75,6
7764,75,7
7765,75,8
7766,75,9
7767,75,10
7768,75,11
7769,75,12
7770,75,13
7771,75,14
7772,75,15
7773,75,16
7774,75,17
7775,75,18
7776,75,19
7777,75,20
7778,75,21
7779,75,22
7780,75,23
7781,75,24
7782,75,25
7783,75,26
7784,75,27
7785,75,28
7786,75,29
7787,75,30
7788,75,31
7789,75,32
7790,75,33
7791,75,34
7792,75,35
7793,75,36
7794,75,37
7795,75,38
7796,75,39
7797,75,40
7798,75,41
7799,75,42
7800,75,43
7801,75,44
7802,75,45
7803,75,46
7804,75,47
7805,75,48
7806,75,49
7807,75,50
7808,75,51
7809,75,52
7810,75,53
7811,75,54
7812,75,55
7813,75,56
7814,75,57
7815,75,58
7816,75,59
7817,75,60
7818,75,61
7819,75,62
7820,75,63
7821,75,64
7822,75,65
7823,75,66
7824,75,67
7825,75,68
7826,75,69
7827,75,70
7828,75,71
7829,75,72
7830,75,73
7831,75,74
7832,75,75
7833,75,76
7834,75,77
7835,75,78
7836,75,79
7837,75,80
7838,75,81
7839,75,82
7840,75,83
7841,75,84
7842,75,85
7843,75,86
7844,75,87
7845,75,88
7846,75,89
7847,75,90
7848,75,91
7849,75,92
7850,75,93
7851,75,94
7852,75,95
7853,75,96
7854,75,97
7855,75,98
7856,75,99
7857,75,100
7858,75,101
7859,75,102
7860,75,103
7861,75,104
7862,75,105
7863,75,106
7864,75,107
7865,75,108
7866,75,109
7867,75,110
7868,75,111
7869,75,112
7870,75,113
7871,75,114
7872,75,115
7873,75,116
7874,75,117
7875,75,118
7876,75,119
7877,75,120
7878,75,121
7879,75,122
7880,75,123
7881,75,124
7882,75,125
7883,75,126
7884,75,127
7885,76,2
7886,76,3
7887,76,4
7888,76,5
7889,76,6
7890,76,7
7891,76,8
7892,76,9
7893,76,10
7894,76,11
7895,76,12
7896,76,13
7897,76,14
7898,76,15
7899,76,16
7900,76,17
7901,76,18
7902,76,19
7903,76,20
7904,76,21
7905,76,22
7906,76,23
7907,76,24
7908,76,25
7909,76,26
7910,76,27
7911,76,28
7912,76,29
7913,76,30
7914,76,31
7915,76,32
7916,76,33
7917,76,34
7918,76,35
7919,76,36
7920,76,37
7921,76,38
7922,76,39
7923,76,40
7924,76,41
7925,76,42
7926,76,43
7927,76,44
7928,76,45
7929,76,46
7930,76,47
7931,76,48
7932,76,49
7933,76,50
7934,76,51
7935,76,52
7936,76,53
7937,76,54
7938,76,55
7939,76,56
7940,76,57
7941,76,58
7942,76,59
7943,76,60
7944,76,61
7945,76,62
7946,76,63
7947,76,64
7948,76,65
7949,76,66
7950,76,67
7951,76,68
7952,76,69
7953,76,70
7954,76,71
7955,76,72
7956,76,73
7957,76,74
7958,76,75
7959,76,76
7960,76,77
7961,76,78
7962,76,79
7963,76,80
7964,76,81
7965,76,82
7966,76,83
7967,76,84
7968,76,85
7969,76,86
7970,76,87
7971,76,88
7972,76,89
7973,76,90
7974,76,91
7975,76,92
7976,76,93
7977,76,94
7978,76,95
7979,76,96
7980,76,97
7981,76,98
7982,76,99
7983,76,100
7984,76,101
7985,76,102
7986,76,103
7987,76,104
7988,76,105
7989,76,106
7990,76,107
7991,76,108
7992,76,109
7993,76,110
7994,76,111
7995,76,112
7996,76,113
7997,76,114
7998,76,115
7999,76,116
8000,76,117
8001,76,118
8002,76,119
8003,76,120
8004,76,121
8005,76,122
8006,76,123
8007,76,124
8008,76,125
8009,76,126
8010,77,2
8011,77,3
8012,77,4
8013,77,5
8014,77,6
8015,77,7
8016,77,8
8017,77,9
8018,77,10
8019,77,11
8020,77,12
8021,77,13
8022,77,14
8023,77,15
8024,77,16
8025,77,17
8026,77,18
8027,77,19
8028,77,20
8029,77,21
8030,77,22
8031,77,23
8032,77,24
8033,77,25
8034,77,26
8035,77,27
8036,77,28
8037,77,29
8038,77,30
8039,77,31
8040,77,32
8041,77,33
8042,77,34
8043,77,35
8044,77,36
8045,77,37
8046,77,38
8047,77,39
8048,77,40
8049,77,41
8050,77,42
8051,77,43
8052,77,44
8053,77,45
8054,77,46
8055,77,47
8056,77,48
8057,77,49
8058,77,50
8059,77,51
8060,77,52
8061,77,53
8062,77,54
8063,77,55
8064,77,56
8065,77,57
8066,77,58
8067,77,59
8068,77,60
8069,77,61
8070,77,62
8071,77,63
8072,77,64
8073,77,65
8074,77,66
8075,77,67
8076,77,68
8077,77,69
8078,77,70
8079,77,71
8080,77,72
8081,77,73
8082,77,74
8083,77,75
8084,77,76
8085,77,77
8086,77,78
8087,77,79
8088,77,80
8089,77,81
8090,77,82
8091,77,83
8092,77,84
8093,77,85
8094,77,86
8095,77,87
8096,77,88
8097,77,89
8098,77,90
8099,77,91
8100,77,92
8101,77,93
8102,77,94
8103,77,95
8104,77,96
8105,77,97
8106,77,98
8107,77,99
8108,77,100
8109,77,101
8110,77,102
8111,77,103
8112,77,104
8113,77,105
8114,77,106
8115,77,107
8116,77,108
8117,77,109
8118,77,110
8119,77,111
8120,77,112
8121,77,113
8122,77,114
8123,77,115
8124,77,116
8125,77,117
8126,77,118
8127,77,119
8128,77,120
8129,77,121
8130,77,122
8131,77,123
8132,77,124
8133,77,125
8134,77,126
8135,78,2
8136,78,3
8137,78,4
8138,78,5
8139,78,6
8140,78,7
8141,78,8
8142,78,9
8143,78,10
8144,78,11
8145,78,12
8146,78,13
8147,78,14
8148,78,15
8149,78,16
8150,78,17
8151,78,18
8152,78,19
8153,78,20
8154,78,21
8155,78,22
8156,78,23
8157,78,24
8158,78,25
8159,78,26
8160,78,27
8161,78,28
8162,78,29
8163,78,30
8164,78,31
8165,78,32
8166,78,33
8167,78,34
8168,78,35
8169,78,36
8170,78,37
8171,78,38
8172,78,39
8173,78,40
8174,78,41
8175,78,42
8176,78,43
8177,78,44
8178,78,45
8179,78,46
8180,78,47
8181,78,48
8182,78,49
8183,78,50
8184,78,51
8185,78,52
8186,78,53
8187,78,54
8188,78,55
8189,78,56
8190,78,57
8191,78,58
8192,78,59
8193,78,60
8194,78,61
8195,78,62
8196,78,63
8197,78,64
8198,78,65
8199,78,66
8200,78,67
8201,78,68
8202,78,69
8203,78,70
8204,78,71
8205,78,72
8206,78,73
8207,78,74
8208,78,75
8209,78,76
8210,78,77
8211,78,78
8212,78,79
8213,78,80
8214,78,81
8215,78,82
8216,78,83
8217,78,84
8218,78,85
8219,78,86
8220,78,87
8221,78,88
8222,78,89
8223,78,90
8224,78,91
8225,78,92
8226,78,93
8227,78,94
8228,78,95
8229,78,96
8230,78,97
8231,78,98
8232,78,99
8233,78,100
8234,78,101
8235,78,102
8236,78,103
8237,78,104
8238,78,105
8239,78,106
8240,78,107
8241,78,108
8242,78,109
8243,78,110
8244,78,111
8245,78,112
8246,78,113
8247,78,114
8248,78,115
8249,78,116
8250,78,117
8251,78,118
8252,78,119
8253,78,120
8254,78,121
8255,78,122
8256,78,123
8257,78,124
8258,78,125
8259,78,126
8260,79,2
8261,79,3
8262,79,4
8263,79,5
8264,79,6
8265,79,7
8266,79,8
8267,79,9
8268,79,10
8269,79,11
8270,79,12
8271,79,13
8272,79,14
8273,79,15
8274,79,16
8275,79,17
8276,79,18
8277,79,19
8278,79,20
8279,79,21
8280,79,22
8281,79,23
8282,79,24
8283,79,25
8284,79,26
8285,79,27
8286,79,28
8287,79,29
8288,79,30
8289,79,31
8290,79,32
8291,79,33
8292,79,34
8293,79,35
8294,79,36
8295,79,37
8296,79,38
8297,79,39
8298,79,40
8299,79,41
8300,79,42
8301,79,43
8302,79,44
8303,79,45
8304,79,46
8305,79,47
8306,79,48
8307,79,49
8308,79,50
8309,79,51
8310,79,52
8311,79,53
8312,79,54
8313,79,55
8314,79,56
8315,79,57
8316,79,58
8317,79,59
8318,79,60
8319,79,61
8320,79,62
8321,79,63
8322,79,64
8323,79,65
8324,79,66
8325,79,67
8326,79,68
8327,79,69
8328,79,70
8329,79,71
8330,79,72
8331,79,73
8332,79,74
8333,79,75
8334,79,76
8335,79,77
8336,79,78
8337,79,79
8338,79,80
8339,79,81
8340,79,82
8341,79,83
8342,79,84
8343,79,85
8344,79,86
8345,79,87
8346,79,88
8347,79,89
8348,79,90
8349,79,91
8350,79,92
8351,79,93
8352,79,94
8353,79,95
8354,79,96
8355,79,97
8356,79,98
8357,79,99
8358,79,100
8359,79,101
8360,79,102
8361,79,103
8362,79,104
8363,79,105
8364,79,106
8365,79,107
8366,79,108
8367,79,109
8368,79,110
8369,79,111
8370,79,112
8371,79,113
8372,79,114
8373,79,115
8374,79,116
8375,79,117
8376,79,118
8377,79,119
8378,79,120
8379,79,121
8380,79,122
8381,79,123
8382,79,124
8383,79,125
8384,79,126
8385,80,3
8386,80,4
8387,80,5
8388,80,6
8389,80,7
8390,80,8
8391,80,9
8392,80,10
8393,80,11
8394,80,12
8395,80,13
8396,80,14
8397,80,15
8398,80,16
8399,80,17
8400,80,18
8401,80,19
8402,80,20
8403,80,21
8404,80,22
8405,80,23
8406,80,24
8407,80,25
8408,80,26
8409,80,27
8410,80,28
8411,80,29
8412,80,30
8413,80,31
8414,80,32
8415,80,33
8416,80,34
8417,80,35
8418,80,36
8419,80,37
8420,80,38
8421,80,39
8422,80,40
8423,80,41
8424,80,42
8425,80,43
8426,80,44
8427,80,45
8428,80,46
8429,80,47
8430,80,48
8431,80,49
8432,80,50
8433,80,51
8434,80,52
8435,80,53
8436,80,54
8437,80,55
8438,80,56
8439,80,57
8440,80,58
8441,80,59
8442,80,60
8443,80,61
8444,80,62
8445,80,63
8446,80,64
8447,80,65
8448,80,66
8449,80,67
8450,80,68
8451,80,69
8452,80,70
8453,80,71
8454,80,72
8455,80,73
8456,80,74
8457,80,75
8458,80,76
8459,80,77
8460,80,78
8461,80,79
8462,80,80
8463,80,81
8464,80,82
8465,80,83
8466,80,84
8467,80,85
8468,80,86
8469,80,87
8470,80,88
8471,80,89
8472,80,90
8473,80,91
8474,80,92
8475,80,93
8476,80,94
8477,80,95
8478,80,96
8479,80,97
8480,80,98
8481,80,99
8482,80,100
8483,80,101
8484,80,102
8485,80,103
8486,80,104
8487,80,105
8488,80,106
8489,80,107
8490,80,108
8491,80,109
8492,80,110
8493,80,111
8494,80,112
8495,80,113
8496,80,114
8497,80,115
8498,80,116
8499,80,117
8500,80,118
8501,80,119
8502,80,120
8503,80,121
8504,80,122
8505,80,123
8506,80,124
8507,80,125
8508,81,3
8509,81,4
8510,81,5
8511,81,6
8512,81,7
8513,81,8
8514,81,9
8515,81,10
8516,81,11
8517,81,12
8518,81,13
8519,81,14
8520,81,15
8521,81,16
8522,81,17
8523,81,18
8524,81,19
8525,81,20
8526,81,21
8527,81,22
8528,81,23
8529,81,24
8530,81,25
8531,81,26
8532,81,27
8533,81,28
8534,81,29
8535,81,30
8536,81,31
8537,81,32
8538,81,33
8539,81,34
8540,81,35
8541,81,36
8542,81,37
8543,81,38
8544,81,39
8545,81,40
8546,81,41
8547,81,42
8548,81,43
8549,81,44
8550,81,45
8551,81,46
8552,81,47
8553,81,48
8554,81,49
8555,81,50
8556,81,51
8557,81,52
8558,81,53
8559,81,54
8560,81,55
8561,81,56
8562,81,57
8563,81,58
8564,81,59
8565,81,60
8566,81,61
8567,81,62
8568,81,63
8569,81,64
8570,81,65
8571,81,66
8572,81,67
8573,81,68
8574,81,69
8575,81,70
8576,81,71
8577,81,72
8578,81,73
8579,81,74
8580,81,75
8581,81,76
8582,81,77
8583,81,78
8584,81,79
8585,81,80
8586,81,81
8587,81,82
8588,81,83
8589,81,84
8590,81,85
8591,81,86
8592,81,87
8593,81,88
8594,81,89
8595,81,90
8596,81,91
8597,81,92
8598,81,93
8599,81,94
8600,81,95
8601,81,96
8602,81,97
8603,81,98
8604,81,99
8605,81,100
8606,81,101
8607,81,102
8608,81,103
8609,81,104
8610,81,105
8611,81,106
8612,81,107
8613,81,108
8614,81,109
8615,81,110
8616,81,111
8617,81,112
8618,81,113
8619,81,114
8620,81,115
8621,81,116
8622,81,117
8623,81,118
8624,81,119
8625,81,120
8626,81,121
8627,81,122
8628,81,123
8629,81,124
8630,81,125
8631,82,3
8632,82,4
8633,82,5
8634,82,6
8635,82,7
8636,82,8
8637,82,9
8638,82,10
8639,82,11
8640,82,12
8641,82,13
8642,82,14
8643,82,15
8644,82,16
8645,82,17
8646,82,18
8647,82,19
8648,82,20
8649,82,21
8650,82,22
8651,82,23
8652,82,24
8653,82,25
8654,82,26
8655,82,27
8656,82,28
8657,82,29
8658,82,30
8659,82,31
8660,82,32
8661,82,33
8662,82,34
8663,82,35
8664,82,36
8665,82,37
8666,82,38
8667,82,39
8668,82,40
8669,82,41
8670,82,42
8671,82,43
8672,82,44
8673,82,45
8674,82,46
8675,82,47
8676,82,48
8677,82,49
8678,82,50
8679,82,51
8680,82,52
8681,82,53
8682,82,54
8683,82,55
8684,82,56
8685,82,57
8686,82,58
8687,82,59
8688,82,60
8689,82,61
8690,82,62
8691,82,63
8692,82,64
8693,82,65
8694,82,66
8695,82,67
8696,82,68
8697,82,69
8698,82,70
8699,82,71
8700,82,72
8701,82,73
8702,82,74
8703,82,75
8704,82,76
8705,82,77
8706,82,78
8707,82,79
8708,82,80
8709,82,81
8710,82,82
8711,82,83
8712,82,84
8713,82,85
8714,82,86
8715,82,87
8716,82,88
8717,82,89
8718,82,90
8719,82,91
8720,82,92
8721,82,93
8722,82,94
8723,82,95
8724,82,96
8725,82,97
8726,82,98
8727,82,99
8728,82,100
8729,82,101
8730,82,102
8731,82,103
8732,82,104
8733,82,105
8734,82,106
8735,82,107
8736,82,108
8737,82,109
8738,82,110
8739,82,111
8740,82,112
8741,82,113
8742,82,114
8743,82,115
8744,82,116
8745,82,117
8746,82,118
8747,82,119
8748,82,120
8749,82,121
8750,82,122
8751,82,123
8752,82,124
8753,82,125
8754,83,3
8755,83,4
8756,83,5
8757,83,6
8758,83,7
8759,83,8
8760,83,9
8761,83,10
8762,83,11
8763,83,12
8764,83,13
8765,83,14
8766,83,15
8767,83,16
8768,83,17
8769,83,18
8770,83,19
8771,83,20
8772,83,21
8773,83,22
8774,83,23
8775,83,24
8776,83,25
8777,83,26
8778,83,27
8779,83,28
8780,83,29
8781,83,30
8782,83,31
8783,83,32
8784,83,33
8785,83,34
8786,83,35
8787,83,36
8788,83,37
8789,83,38
8790,83,39
8791,83,40
8792,83,41
8793,83,42
8794,83,43
8795,83,44
8796,83,45
8797,83,46
8798,83,47
8799,83,48
8800,83,49
8801,83,50
8802,83,51
8803,83,52
8804,83,53
8805,83,54
8806,83,55
8807,83,56
8808,83,57
8809,83,58
8810,83,59
8811,83,60
8812,83,61
8813,83,62
8814,83,63
8815,83,64
8816,83,65
8817,83,66
8818,83,67
8819,83,68
8820,83,69
8821,83,70
8822,83,71
8823,83,72
8824,83,73
8825,83,74
8826,83,75
8827,83,76
8828,83,77
8829,83,78
8830,83,79
8831,83,80
8832,83,81
8833,83,82
8834,83,83
8835,83,84
8836,83,85
8837,83,86
8838,83,87
8839,83,88
8840,83,89
8841,83,90
8842,83,91
8843,83,92
8844,83,93
8845,83,94
8846,83,95
8847,83,96
8848,83,97
8849,83,98
8850,83,99
8851,83,100
8852,83,101
8853,83,102
8854,83,103
8855,83,104
8856,83,105
8857,83,106
8858,83,107
8859,83,108
8860,83,109
8861,83,110
8862,83,111
8863,83,112
8864,83,113
8865,83,114
8866,83,115
8867,83,116
8868,83,117
8869,83,118
8870,83,119
8871,83,120
8872,83,121
8873,83,122
8874,83,123
8875,83,124
8876,83,125
8877,84,4
8878,84,5
8879,84,6
8880,84,7
8881,84,8
8882,84,9
8883,84,10
8884,84,11
8885,84,12
8886,84,13
8887,84,14
8888,84,15
8889,84,16
8890,84,17
8891,84,18
8892,84,19
8893,84,20
8894,84,21
8895,84,22
8896,84,23
8897,84,24
8898,84,25
8899,84,26
8900,84,27
8901,84,28
8902,84,29
8903,84,30
8904,84,31
8905,84,32
8906,84,33
8907,84,34
8908,84,35
8909,84,36
8910,84,37
8911,84,38
8912,84,39
8913,84,40
8914,84,41
8915,84,42
8916,84,43
8917,84,44
8918,84,45
8919,84,46
8920,84,47
8921,84,48
8922,84,49
8923,84,50
8924,84,51
8925,84,52
8926,84,53
8927,84,54
8928,84,55
8929,84,56
8930,84,57
8931,84,58
8932,84,59
8933,84,60
8934,84,61
8935,84,62
8936,84,63
8937,84,64
8938,84,65
8939,84,66
8940,84,67
8941,84,68
8942,84,69
8943,84,70
8944,84,71
8945,84,72
8946,84,73
8947,84,74
8948,84,75
8949,84,76
8950,84,77
8951,84,78
8952,84,79
8953,84,80
8954,84,81
8955,84,82
8956,84,83
8957,84,84
8958,84,85
8959,84,86
8960,84,87
8961,84,88
8962,84,89
8963,84,90
8964,84,91
8965,84,92
8966,84,93
8967,84,94
8968,84,95
8969,84,96
8970,84,97
8971,84,98
8972,84,99
8973,84,100
8974,84,101
8975,84,102
8976,84,103
8977,84,104
8978,84,105
8979,84,106
8980,84,107
8981,84,108
8982,84,109
8983,84,110
8984,84,111
8985,84,112
8986,84,113
8987,84,114
8988,84,115
8989,84,116
8990,84,117
8991,84,118
8992,84,119
8993,84,120
8994,84,121
8995,84,122
8996,84,123
8997,84,124
8998,85,4
8999,85,5
9000,85,6
9001,85,7
9002,85,8
9003,85,9
9004,85,10
9005,85,11
9006,85,12
9007,85,13
9008,85,14
9009,85,15
9010,85,16
9011,85,17
9012,85,18
9013,85,19
9014,85,20
9015,85,21
9016,85,22
9017,85,23
9018,85,24
9019,85,25
9020,85,26
9021,85,27
9022,85,28
9023,85,29
9024,85,30
9025,85,31
9026,85,32
9027,85,33
9028,85,34
9029,85,35
9030,85,36
9031,85,37
9032,85,38
9033,85,39
9034,85,40
9035,85,41
9036,85,42
9037,85,43
9038,85,44
9039,85,45
9040,85,46
9041,85,47
9042,85,48
9043,85,49
9044,85,50
9045,85,51
9046,85,52
9047,85,53
9048,85,54
9049,85,55
9050,85,56
9051,85,57
9052,85,58
9053,85,59
9054,85,60
9055,85,61
9056,85,62
9057,85,63
9058,85,64
9059,85,65
9060,85,66
9061,85,67
9062,85,68
9063,85,69
9064,85,70
9065,85,71
9066,85,72
9067,85,73
9068,85,74
9069,85,75
9070,85,76
9071,85,77
9072,85,78
9073,85,79
9074,85,80
9075,85,81
9076,85,82
9077,85,83
9078,85,84
9079,85,85
9080,85,86
9081,85,87
9082,85,88
9083,85,89
9084,85,90
9085,85,91
9086,85,92
9087,85,93
9088,85,94
9089,85,95
9090,85,96
9091,85,97
9092,85,98
9093,85,99
9094,85,100
9095,85,101
9096,85,102
9097,85,103
9098,85,104
9099,85,105
9100,85,106
9101,85,107
9102,85,108
9103,85,109
9104,85,110
9105,85,111
9106,85,112
9107,85,113
9108,85,114
9109,85,115
9110,85,116
9111,85,117
9112,85,118
9113,85,119
9114,85,120
9115,85,121
9116,85,122
9117,85,123
9118,85,124
9119,86,4
9120,86,5
9121,86,6
9122,86,7
9123,86,8
9124,86,9
9125,86,10
9126,86,11
9127,86,12
9128,86,13
9129,86,14
9130,86,15
9131,86,16
9132,86,17
9133,86,18
9134,86,19
9135,86,20
9136,86,21
9137,86,22
9138,86,23
9139,86,24
9140,86,25
9141,86,26
9142,86,27
9143,86,28
9144,86,29
9145,86,30
9146,86,31
9147,86,32
9148,86,33
9149,86,34
9150,86,35
9151,86,36
9152,86,37
9153,86,38
9154,86,39
9155,86,40
9156,86,41
9157,86,42
9158,86,43
9159,86,44
9160,86,45
9161,86,46
9162,86,47
9163,86,48
9164,86,49
9165,86,50
9166,86,51
9167,86,52
9168,86,53
9169,86,54
9170,86,55
9171,86,56
9172,86,57
9173,86,58
9174,86,59
9175,86,60
9176,86,61
9177,86,62
9178,86,63
9179,86,64
9180,86,65
9181,86,66
9182,86,67
9183,86,68
9184,86,69
9185,86,70
9186,86,71
9187,86,72
9188,86,73
9189,86,74
9190,86,75
9191,86,76
9192,86,77
9193,86,78
9194,86,79
9195,86,80
9196,86,81
9197,86,82
9198,86,83
9199,86,84
9200,86,85
9201,86,86
9202,86,87
9203,86,88
9204,86,89
9205,86,90
9206,86,91
9207,86,92
9208,86,93
9209,86,94
9210,86,95
9211,86,96
9212,86,97
9213,86,98
9214,86,99
9215,86,100
9216,86,101
9217,86,102
9218,86,103
9219,86,104
9220,86,105
9221,86,106
9222,86,107
9223,86,108
9224,86,109
9225,86,110
9226,86,111
9227,86,112
9228,86,113
9229,86,114
9230,86,115
9231,86,116
9232,86,117
9233,86,118
9234,86,119
9235,86,120
9236,86,121
9237,86,122
9238,86,123
9239,86,124
9240,87,5
9241,87,6
9242,87,7
9243,87,8
9244,87,9
9245,87,10
9246,87,11
9247,87,12
9248,87,13
9249,87,14
9250,87,15
9251,87,16
9252,87,17
9253,87,18
9254,87,19
9255,87,20
9256,87,21
9257,87,22
9258,87,23
9259,87,24
9260,87,25
9261,87,26
9262,87,27
9263,87,28
9264,87,29
9265,87,30
9266,87,31
9267,87,32
9268,87,33
9269,87,34
9270,87,35
9271,87,36
9272,87,37
9273,87,38
9274,87,39
9275,87,40
9276,87,41
9277,87,42
9278,87,43
9279,87,44
9280,87,45
9281,87,46
9282,87,47
9283,87,48
9284,87,49
9285,87,50
9286,87,51
9287,87,52
9288,87,53
9289,87,54
9290,87,55
9291,87,56
9292,87,57
9293,87,58
9294,87,59
9295,87,60
9296,87,61
9297,87,62
9298,87,63
9299,87,64
9300,87,65
9301,87,66
9302,87,67
9303,87,68
9304,87,69
9305,87,70
9306,87,71
9307,87,72
9308,87,73
9309,87,74
9310,87,75
9311,87,76
9312,87,77
9313,87,78
9314,87,79
9315,87,80
9316,87,81
9317,87,82
9318,87,83
9319,87,84
9320,87,85
9321,87,86
9322,87,87
9323,87,88
9324,87,89
9325,87,90
9326,87,91
9327,87,92
9328,87,93
9329,87,94
9330,87,95
9331,87,96
9332,87,97
9333,87,98
9334,87,99
9335,87,100
9336,87,101
9337,87,102
9338,87,103
9339,87,104
9340,87,105
9341,87,106
9342,87,107
9343,87,108
9344,87,109
9345,87,110
9346,87,111
9347,87,112
9348,87,113
9349,87,114
9350,87,115
9351,87,116
9352,87,117
9353,87,118
9354,87,119
9355,87,120
9356,87,121
9357,87,122
9358,87,123
9359,88,5
9360,88,6
9361,88,7
9362,88,8
9363,88,9
9364,88,10
9365,88,11
9366,88,12
9367,88,13
9368,88,14
9369,88,15
9370,88,16
9371,88,17
9372,88,18
9373,88,19
9374,88,20
9375,88,21
9376,88,22
9377,88,23
9378,88,24
9379,88,25
9380,88,26
9381,88,27
9382,88,28
9383,88,29
9384,88,30
9385,88,31
9386,88,32
9387,88,33
9388,88,34
9389,88,35
9390,88,36
9391,88,37
9392,88,38
9393,88,39
9394,88,40
9395,88,41
9396,88,42
9397,88,43
9398,88,44
9399,88,45
9400,88,46
9401,88,47
9402,88,48
9403,88,49
9404,88,50
9405,88,51
9406,88,52
9407,88,53
9408,88,54
9409,88,55
9410,88,56
9411,88,57
9412,88,58
9413,88,59
9414,88,60
9415,88,61
9416,88,62
9417,88,63
9418,88,64
9419,88,65
9420,88,66
9421,88,67
9422,88,68
9423,88,69
9424,88,70
9425,88,71
9426,88,72
9427,88,73
9428,88,74
9429,88,75
9430,88,76
9431,88,77
9432,88,78
9433,88,79
9434,88,80
9435,88,81
9436,88,82
9437,88,83
9438,88,84
9439,88,85
9440,88,86
9441,88,87
9442,88,88
9443,88,89
9444,88,90
9445,88,91
9446,88,92
9447,88,93
9448,88,94
9449,88,95
9450,88,96
9451,88,97
9452,88,98
9453,88,99
9454,88,100
9455,88,101
9456,88,102
9457,88,103
9458,88,104
9459,88,105
9460,88,106
9461,88,107
9462,88,108
9463,88,109
9464,88,110
9465,88,111
9466,88,112
9467,88,113
9468,88,114
9469,88,115
9470,88,116
9471,88,117
9472,88,118
9473,88,119
9474,88,120
9475,88,121
9476,88,122
9477,88,123
9478,89,6
9479,89,7
9480,89,8
9481,89,9
9482,89,10
9483,89,11
9484,89,12
9485,89,13
9486,89,14
9487,89,15
9488,89,16
9489,89,17
9490,89,18
9491,89,19
9492,89,20
9493,89,21
9494,89,22
9495,89,23
9496,89,24
9497,89,25
9498,89,26
9499,89,27
9500,89,28
9501,89,29
9502,89,30
9503,89,31
9504,89,32
9505,89,33
9506,89,34
9507,89,35
9508,89,36
9509,89,37
9510,89,38
9511,89,39
9512,89,40
9513,89,41
9514,89,42
9515,89,43
9516,89,44
9517,89,45
9518,89,46
9519,89,47
9520,89,48
9521,89,49
9522,89,50
9523,89,51
9524,89,52
9525,89,53
9526,89,54
9527,89,55
9528,89,56
9529,89,57
9530,89,58
9531,89,59
9532,89,60
9533,89,61
9534,89,62
9535,89,63
9536,89,64
9537,89,65
9538,89,66
9539,89,67
9540,89,68
9541,89,69
9542,89,70
9543,89,71
9544,89,72
9545,89,73
9546,89,74
9547,89,75
9548,89,76
9549,89,77
9550,89,78
9551,89,79
9552,89,80
9553,89,81
9554,89,82
9555,89,83
9556,89,84
9557,89,85
9558,89,86
9559,89,87
9560,89,88
9561,89,89
9562,89,90
9563,89,91
9564,89,92
9565,89,93
9566,89,94
9567,89,95
9568,89,96
9569,89,97
9570,89,98
9571,89,99
9572,89,100
9573,89,101
9574,89,102
9575,89,103
9576,89,104
9577,89,105
9578,89,106
9579,89,107
9580,89,108
9581,89,109
9582,89,110
9583,89,111
9584,89,112
9585,89,113
9586,89,114
9587,89,115
9588,89,116
9589,89,117
9590,89,118
9591,89,119
9592,89,120
9593,89,121
9594,89,122
9595,90,6
9596,90,7
9597,90,8
9598,90,9
9599,90,10
9600,90,11
9601,90,12
9602,90,13
9603,90,14
9604,90,15
9605,90,16
9606,90,17
9607,90,18
9608,90,19
9609,90,20
9610,90,21
9611,90,22
9612,90,23
9613,90,24
9614,90,25
9615,90,26
9616,90,27
9617,90,28
9618,90,29
9619,90,30
9620,90,31
9621,90,32
9622,90,33
9623,90,34
9624,90,35
9625,90,36
9626,90,37
9627,90,38
9628,90,39
9629,90,40
9630,90,41
9631,90,42
9632,90,43
9633,90,44
9634,90,45
9635,90,46
9636,90,47
9637,90,48
9638,90,49
9639,90,50
9640,90,51
9641,90,52
9642,90,53
9643,90,54
9644,90,55
9645,90,56
9646,90,57
9647,90,58
9648,90,59
9649,90,60
9650,90,61
9651,90,62
9652,90,63
9653,90,64
9654,90,65
9655,90,66
9656,90,67
9657,90,68
9658,90,69
9659,90,70
9660,90,71
9661,90,72
9662,90,73
9663,90,74
9664,90,75
9665,90,76
9666,90,77
9667,90,78
9668,90,79
9669,90,80
9670,90,81
9671,90,82
9672,90,83
9673,90,84
9674,90,85
9675,90,86
9676,90,87
9677,90,88
9678,90,89
9679,90,90
9680,90,91
9681,90,92
9682,90,93
9683,90,94
9684,90,95
9685,90,96
9686,90,97
9687,90,98
9688,90,99
9689,90,100
9690,90,101
9691,90,102
9692,90,103
9693,90,104
9694,90,105
9695,90,106
9696,90,107
9697,90,108
9698,90,109
9699,90,110
9700,90,111
9701,90,112
9702,90,113
9703,90,114
9704,90,115
9705,90,116
9706,90,117
9707,90,118
9708,90,119
9709,90,120
9710,90,121
9711,90,122
9712,91,6
9713,91,7
9714,91,8
9715,91,9
9716,91,10
9717,91,11
9718,91,12
9719,91,13
9720,91,14
9721,91,15
9722,91,16
9723,91,17
9724,91,18
9725,91,19
9726,91,20
9727,91,21
9728,91,22
9729,91,23
9730,91,24
9731,91,25
9732,91,26
9733,91,27
9734,91,28
9735,91,29
9736,91,30
9737,91,31
9738,91,32
9739,91,33
9740,91,34
9741,91,35
9742,91,36
9743,91,37
9744,91,38
9745,91,39
9746,91,40
9747,91,41
9748,91,42
9749,91,43
9750,91,44
9751,91,45
9752,91,46
9753,91,47
9754,91,48
9755,91,49
9756,91,50
9757,91,51
9758,91,52
9759,91,53
9760,91,54
9761,91,55
9762,91,56
9763,91,57
9764,91,58
9765,91,59
9766,91,60
9767,91,61
9768,91,62
9769,91,63
9770,91,64
9771,91,65
9772,91,66
9773,91,67
9774,91,68
9775,91,69
9776,91,70
9777,91,71
9778,91,72
9779,91,73
9780,91,74
9781,91,75
9782,91,76
9783,91,77
9784,91,78
9785,91,79
9786,91,80
9787,91,81
9788,91,82
9789,91,83
9790,91,84
9791,91,85
9792,91,86
9793,91,87
9794,91,88
9795,91,89
9796,91,90
9797,91,91
9798,91,92
9799,91,93
9800,91,94
9801,91,95
9802,91,96
9803,91,97
9804,91,98
9805,91,99
9806,91,100
9807,91,101
9808,91,102
9809,91,103
9810,91,104
9811,91,105
9812,91,106
9813,91,107
9814,91,108
9815,91,109
9816,91,110
9817,91,111
9818,91,112
9819,91,113
9820,91,114
9821,91,115
9822,91,116
9823,91,117
9824,91,118
9825,91,119
9826,91,120
9827,91,121
9828,91,122
9829,92,7
9830,92,8
9831,92,9
9832,92,10
9833,92,11
9834,92,12
9835,92,13
9836,92,14
9837,92,15
9838,92,16
9839,92,17
9840,92,18
9841,92,19
9842,92,20
9843,92,21
9844,92,22
9845,92,23
9846,92,24
9847,92,25
9848,92,26
9849,92,27
9850,92,28
9851,92,29
9852,92,30
9853,92,31
9854,92,32
9855,92,33
9856,92,34
9857,92,35
9858,92,36
9859,92,37
9860,92,38
9861,92,39
9862,92,40
9863,92,41
9864,92,42
9865,92,43
9866,92,44
9867,92,45
9868,92,46
9869,92,47
9870,92,48
9871,92,49
9872,92,50
9873,92,51
9874,92,52
9875,92,53
9876,92,54
9877,92,55
9878,92,56
9879,92,57
9880,92,58
9881,92,59
9882,92,60
9883,92,61
9884,92,62
9885,92,63
9886,92,64
9887,92,65
9888,92,66
9889,92,67
9890,92,68
9891,92,69
9892,92,70
9893,92,71
9894,92,72
9895,92,73
9896,92,74
9897,92,75
9898,92,76
9899,92,77
9900,92,78
9901,92,79
9902,92,80
9903,92,81
9904,92,82
9905,92,83
9906,92,84
9907,92,85
9908,92,86
9909,92,87
9910,92,88
9911,92,89
9912,92,90
9913,92,91
9914,92,92
9915,92,93
9916,92,94
9917,92,95
9918,92,96
9919,92,97
9920,92,98
9921,92,99
9922,92,100
9923,92,101
9924,92,102
9925,92,103
9926,92,104
9927,92,105
9928,92,106
9929,92,107
9930,92,108
9931,92,109
9932,92,110
9933,92,111
9934,92,112
9935,92,113
9936,92,114
9937,92,115
9938,92,116
9939,92,117
9940,92,118
9941,92,119
9942,92,120
9943,92,121
9944,93,7
9945,93,8
9946,93,9
9947,93,10
9948,93,11
9949,93,12
9950,93,13
9951,93,14
9952,93,15
9953,93,16
9954,93,17
9955,93,18
9956,93,19
9957,93,20
9958,93,21
9959,93,22
9960,93,23
9961,93,24
9962,93,25
9963,93,26
9964,93,27
9965,93,28
9966,93,29
9967,93,30
9968,93,31
9969,93,32
9970,93,33
9971,93,34
9972,93,35
9973,93,36
9974,93,37
9975,93,38
9976,93,39
9977,93,40
9978,93,41
9979,93,42
9980,93,43
9981,93,44
9982,93,45
9983,93,46
9984,93,47
9985,93,48
9986,93,49
9987,93,50
9988,93,51
9989,93,52
9990,93,53
9991,93,54
9992,93,55
9993,93,56
9994,93,57
9995,93,58
9996,93,59
9997,93,60
9998,93,61
9999,93,62
10000,93,63
10001,93,64
10002,93,65
10003,93,66
10004,93,67
10005,93,68
10006,93,69
10007,93,70
10008,93,71
10009,93,72
10010,93,73
10011,93,74
10012,93,75
10013,93,76
10014,93,77
10015,93,78
10016,93,79
10017,93,80
10018,93,81
10019,93,82
10020,93,83
10021,93,84
10022,93,85
10023,93,86
10024,93,87
10025,93,88
10026,93,89
10027,93,90
10028,93,91
10029,93,92
10030,93,93
10031,93,94
10032,93,95
10033,93,96
10034,93,97
10035,93,98
10036,93,99
10037,93,100
10038,93,101
10039,93,102
10040,93,103
10041,93,104
10042,93,105
10043,93,106
10044,93,107
10045,93,108
10046,93,109
10047,93,110
10048,93,111
10049,93,112
10050,93,113
10051,93,114
10052,93,115
10053,93,116
10054,93,117
10055,93,118
10056,93,119
10057,93,120
10058,93,121
10059,94,8
10060,94,9
10061,94,10
10062,94,11
10063,94,12
10064,94,13
10065,94,14
10066,94,15
10067,94,16
10068,94,17
10069,94,18
10070,94,19
10071,94,20
10072,94,21
10073,94,22
10074,94,23
10075,94,24
10076,94,25
10077,94,26
10078,94,27
10079,94,28
10080,94,29
10081,94,30
10082,94,31
10083,94,32
10084,94,33
10085,94,34
10086,94,35
10087,94,36
10088,94,37
10089,94,38
10090,94,39
10091,94,40
10092,94,41
10093,94,42
10094,94,43
10095,94,44
10096,94,45
10097,94,46
10098,94,47
10099,94,48
10100,94,49
10101,94,50
10102,94,51
10103,94,52
10104,94,53
10105,94,54
10106,94,55
10107,94,56
10108,94,57
10109,94,58
10110,94,59
10111,94,60
10112,94,61
10113,94,62
10114,94,63
10115,94,64
10116,94,65
10117,94,66
10118,94,67
10119,94,68
10120,94,69
10121,94,70
10122,94,71
10123,94,72
10124,94,73
10125,94,74
10126,94,75
10127,94,76
10128,94,77
10129,94,78
10130,94,79
10131,94,80
10132,94,81
10133,94,82
10134,94,83
10135,94,84
10136,94,85
10137,94,86
10138,94,87
10139,94,88
10140,94,89
10141,94,90
10142,94,91
10143,94,92
10144,94,93
10145,94,94
10146,94,95
10147,94,96
10148,94,97
10149,94,98
10150,94,99
10151,94,100
10152,94,101
10153,94,102
10154,94,103
10155,94,104
10156,94,105
10157,94,106
10158,94,107
10159,94,108
10160,94,109
10161,94,110
10162,94,111
10163,94,112
10164,94,113
10165,94,114
10166,94,115
10167,94,116
10168,94,117
10169,94,118
10170,94,119
10171,94,120
10172,95,9
10173,95,10
10174,95,11
10175,95,12
10176,95,13
10177,95,14
10178,95,15
10179,95,16
10180,95,17
10181,95,18
10182,95,19
10183,95,20
10184,95,21
10185,95,22
10186,95,23
10187,95,24
10188,95,25
10189,95,26
10190,95,27
10191,95,28
10192,95,29
10193,95,30
10194,95,31
10195,95,32
10196,95,33
10197,95,34
10198,95,35
10199,95,36
10200,95,37
10201,95,38
10202,95,39
10203,95,40
10204,95,41
10205,95,42
10206,95,43
10207,95,44
10208,95,45
10209,95,46
10210,95,47
10211,95,48
10212,95,49
10213,95,50
10214,95,51
10215,95,52
10216,95,53
10217,95,54
10218,95,55
10219,95,56
10220,95,57
10221,95,58
10222,95,59
10223,95,60
10224,95,61
10225,95,62
10226,95,63
10227,95,64
10228,95,65
10229,95,66
10230,95,67
10231,95,68
10232,95,69
10233,95,70
10234,95,71
10235,95,72
10236,95,73
10237,95,74
10238,95,75
10239,95,76
10240,95,77
10241,95,78
10242,95,79
10243,95,80
10244,95,81
10245,95,82
10246,95,83
10247,95,84
10248,95,85
10249,95,86
10250,95,87
10251,95,88
10252,95,89
10253,95,90
10254,95,91
10255,95,92
10256,95,93
10257,95,94
10258,95,95
10259,95,96
10260,95,97
10261,95,98
10262,95,99
10263,95,100
10264,95,101
10265,95,102
10266,95,103
10267,95,104
10268,95,105
10269,95,106
10270,95,107
10271,95,108
10272,95,109
10273,95,110
10274,95,111
10275,95,112
10276,95,113
10277,95,114
10278,95,115
10279,95,116
10280,95,117
10281,95,118
10282,95,119
10283,96,9
10284,96,10
10285,96,11
10286,96,12
10287,96,13
10288,96,14
10289,96,15
10290,96,16
10291,96,17
10292,96,18
10293,96,19
10294,96,20
10295,96,21
10296,96,22
10297,96,23
10298,96,24
10299,96,25
10300,96,26
10301,96,27
10302,96,28
10303,96,29
10304,96,30
10305,96,31
10306,96,32
10307,96,33
10308,96,34
10309,96,35
10310,96,36
10311,96,37
10312,96,38
10313,96,39
10314,96,40
10315,96,41
10316,96,42
10317,96,43
10318,96,44
10319,96,45
10320,96,46
10321,96,47
10322,96,48
10323,96,49
10324,96,50
10325,96,51
10326,96,52
10327,96,53
10328,96,54
10329,96,55
10330,96,56
10331,96,57
10332,96,58
10333,96,59
10334,96,60
10335,96,61
10336,96,62
10337,96,63
10338,96,64
10339,96,65
10340,96,66
10341,96,67
10342,96,68
10343,96,69
10344,96,70
10345,96,71
10346,96,72
10347,96,73
10348,96,74
10349,96,75
10350,96,76
10351,96,77
10352,96,78
10353,96,79
10354,96,80
10355,96,81
10356,96,82
10357,96,83
10358,96,84
10359,96,85
10360,96,86
10361,96,87
10362,96,88
10363,96,89
10364,96,90
10365,96,91
10366,96,92
10367,96,93
10368,96,94
10369,96,95
10370,96,96
10371,96,97
10372,96,98
10373,96,99
10374,96,100
10375,96,101
10376,96,102
10377,96,103
10378,96,104
10379,96,105
10380,96,106
10381,96,107
10382,96,108
10383,96,109
10384,96,110
10385,96,111
10386,96,112
10387,96,113
10388,96,114
10389,96,115
10390,96,116
10391,96,117
10392,96,118
10393,96,119
10394,97,10
10395,97,11
10396,97,12
10397,97,13
10398,97,14
10399,97,15
10400,97,16
10401,97,17
10402,97,18
10403,97,19
10404,97,20
10405,97,21
10406,97,22
10407,97,23
10408,97,24
10409,97,25
10410,97,26
10411,97,27
10412,97,28
10413,97,29
10414,97,30
10415,97,31
10416,97,32
10417,97,33
10418,97,34
10419,97,35
10420,97,36
10421,97,37
10422,97,38
10423,97,39
10424,97,40
10425,97,41
10426,97,42
10427,97,43
10428,97,44
10429,97,45
10430,97,46
10431,97,47
10432,97,48
10433,97,49
10434,97,50
10435,97,51
10436,97,52
10437,97,53
10438,97,54
10439,97,55
10440,97,56
10441,97,57
10442,97,58
10443,97,59
10444,97,60
10445,97,61
10446,97,62
10447,97,63
10448,97,64
10449,97,65
10450,97,66
10451,97,67
10452,97,68
10453,97,69
10454,97,70
10455,97,71
10456,97,72
10457,97,73
10458,97,74
10459,97,75
10460,97,76
10461,97,77
10462,97,78
10463,97,79
10464,97,80
10465,97,81
10466,97,82
10467,97,83
10468,97,84
10469,97,85
10470,97,86
10471,97,87
10472,97,88
10473,97,89
10474,97,90
10475,97,91
10476,97,92
10477,97,93
10478,97,94
10479,97,95
10480,97,96
10481,97,97
10482,97,98
10483,97,99
10484,97,100
10485,97,101
10486,97,102
10487,97,103
10488,97,104
10489,97,105
10490,97,106
10491,97,107
10492,97,108
10493,97,109
10494,97,110
10495,97,111
10496,97,112
10497,97,113
10498,97,114
10499,97,115
10500,97,116
10501,97,117
10502,97,118
10503,98,10
10504,98,11
10505,98,12
10506,98,13
10507,98,14
10508,98,15
10509,98,16
10510,98,17
10511,98,18
10512,98,19
10513,98,20
10514,98,21
10515,98,22
10516,98,23
10517,98,24
10518,98,25
10519,98,26
10520,98,27
10521,98,28
10522,98,29
10523,98,30
10524,98,31
10525,98,32
10526,98,33
10527,98,34
10528,98,35
10529,98,36
10530,98,37
10531,98,38
10532,98,39
10533,98,40
10534,98,41
10535,98,42
10536,98,43
10537,98,44
10538,98,45
10539,98,46
10540,98,47
10541,98,48
10542,98,49
10543,98,50
10544,98,51
10545,98,52
10546,98,53
10547,98,54
10548,98,55
10549,98,56
10550,98,57
10551,98,58
10552,98,59
10553,98,60
10554,98,61
10555,98,62
10556,98,63
10557,98,64
10558,98,65
10559,98,66
10560,98,67
10561,98,68
10562,98,69
10563,98,70
10564,98,71
10565,98,72
10566,98,73
10567,98,74
10568,98,75
10569,98,76
10570,98,77
10571,98,78
10572,98,79
10573,98,80
10574,98,81
10575,98,82
10576,98,83
10577,98,84
10578,98,85
10579,98,86
10580,98,87
10581,98,88
10582,98,89
10583,98,90
10584,98,91
10585,98,92
10586,98,93
10587,98,94
10588,98,95
10589,98,96
10590,98,97
10591,98,98
10592,98,99
10593,98,100
10594,98,101
10595,98,102
10596,98,103
10597,98,104
10598,98,105
10599,98,106
10600,98,107
10601,98,108
10602,98,109
10603,98,110
10604,98,111
10605,98,112
10606,98,113
10607,98,114
10608,98,115
10609,98,116
10610,98,117
10611,98,118
10612,99,11
10613,99,12
10614,99,13
10615,99,14
10616,99,15
10617,99,16
10618,99,17
10619,99,18
10620,99,19
10621,99,20
10622,99,21
10623,99,22
10624,99,23
10625,99,24
10626,99,25
10627,99,26
10628,99,27
10629,99,28
10630,99,29
10631,99,30
10632,99,31
10633,99,32
10634,99,33
10635,99,34
10636,99,35
10637,99,36
10638,99,37
10639,99,38
10640,99,39
10641,99,40
10642,99,41
10643,99,42
10644,99,43
10645,99,44
10646,99,45
10647,99,46
10648,99,47
10649,99,48
10650,99,49
10651,99,50
10652,99,51
10653,99,52
10654,99,53
10655,99,54
10656,99,55
10657,99,56
10658,99,57
10659,99,58
10660,99,59
10661,99,60
10662,99,61
10663,99,62
10664,99,63
10665,99,64
10666,99,65
10667,99,66
10668,99,67
10669,99,68
10670,99,69
10671,99,70
10672,99,71
10673,99,72
10674,99,73
10675,99,74
10676,99,75
10677,99,76
10678,99,77
10679,99,78
10680,99,79
10681,99,80
10682,99,81
10683,99,82
10684,99,83
10685,99,84
10686,99,85
10687,99,86
10688,99,87
10689,99,88
10690,99,89
10691,99,90
10692,99,91
10693,99,92
10694,99,93
10695,99,94
10696,99,95
10697,99,96
10698,99,97
10699,99,98
10700,99,99
10701,99,100
10702,99,101
10703,99,102
10704,99,103
10705,99,104
10706,99,105
10707,99,106
10708,99,107
10709,99,108
10710,99,109
10711,99,110
10712,99,111
10713,99,112
10714,99,113
10715,99,114
10716,99,115
10717,99,116
10718,99,117
10719,100,12
10720,100,13
10721,100,14
10722,100,15
10723,100,16
10724,100,17
10725,100,18
10726,100,19
10727,100,20
10728,100,21
10729,100,22
10730,100,23
10731,100,24
10732,100,25
10733,100,26
10734,100,27
10735,100,28
10736,100,29
10737,100,30
10738,100,31
10739,100,32
10740,100,33
10741,100,34
10742,100,35
10743,100,36
10744,100,37
10745,100,38
10746,100,39
10747,100,40
10748,100,41
10749,100,42
10750,100,43
10751,100,44
10752,100,45
10753,100,46
10754,100,47
10755,100,48
10756,100,49
10757,100,50
10758,100,51
10759,100,52
10760,100,53
10761,100,54
10762,100,55
10763,100,56
10764,100,57
10765,100,58
10766,100,59
10767,100,60
10768,100,61
10769,100,62
10770,100,63
10771,100,64
10772,100,65
10773,100,66
10774,100,67
10775,100,68
10776,100,69
10777,100,70
10778,100,71
10779,100,72
10780,100,73
10781,100,74
10782,100,75
10783,100,76
10784,100,77
10785,100,78
10786,100,79
10787,100,80
10788,100,81
10789,100,82
10790,100,83
10791,100,84
10792,100,85
10793,100,86
10794,100,87
10795,100,88
10796,100,89
10797,100,90
10798,100,91
10799,100,92
10800,100,93
10801,100,94
10802,100,95
10803,100,96
10804,100,97
10805,100,98
10806,100,99
10807,100,100
10808,100,101
10809,100,102
10810,100,103
10811,100,104
10812,100,105
10813,100,106
10814,100,107
10815,100,108
10816,100,109
10817,100,110
10818,100,111
10819,100,112
10820,100,113
10821,100,114
10822,100,115
10823,100,116
10824,101,12
10825,101,13
10826,101,14
10827,101,15
10828,101,16
10829,101,17
10830,101,18
10831,101,19
10832,101,20
10833,101,21
10834,101,22
10835,101,23
10836,101,24
10837,101,25
10838,101,26
10839,101,27
10840,101,28
10841,101,29
10842,101,30
10843,101,31
10844,101,32
10845,101,33
10846,101,34
10847,101,35
10848,101,36
10849,101,37
10850,101,38
10851,101,39
10852,101,40
10853,101,41
10854,101,42
10855,101,43
10856,101,44
10857,101,45
10858,101,46
10859,101,47
10860,101,48
10861,101,49
10862,101,50
10863,101,51
10864,101,52
10865,101,53
10866,101,54
10867,101,55
10868,101,56
10869,101,57
10870,101,58
10871,101,59
10872,101,60
10873,101,61
10874,101,62
10875,101,63
10876,101,64
10877,101,65
10878,101,66
10879,101,67
10880,101,68
10881,101,69
10882,101,70
10883,101,71
10884,101,72
10885,101,73
10886,101,74
10887,101,75
10888,101,76
10889,101,77
10890,101,78
10891,101,79
10892,101,80
10893,101,81
10894,101,82
10895,101,83
10896,101,84
10897,101,85
10898,101,86
10899,101,87
10900,101,88
10901,101,89
10902,101,90
10903,101,91
10904,101,92
10905,101,93
10906,101,94
10907,101,95
10908,101,96
10909,101,97
10910,101,98
10911,101,99
10912,101,100
10913,101,101
10914,101,102
10915,101,103
10916,101,104
10917,101,105
10918,101,106
10919,101,107
10920,101,108
10921,101,109
10922,101,110
10923,101,111
10924,101,112
10925,101,113
10926,101,114
10927,101,115
10928,101,116
10929,102,13
10930,102,14
10931,102,15
10932,102,16
10933,102,17
10934,102,18
10935,102,19
10936,102,20
10937,102,21
10938,102,22
10939,102,23
10940,102,24
10941,102,25
10942,102,26
10943,102,27
10944,102,28
10945,102,29
10946,102,30
10947,102,31
10948,102,32
10949,102,33
10950,102,34
10951,102,35
10952,102,36
10953,102,37
10954,102,38
10955,102,39
10956,102,40
10957,102,41
10958,102,42
10959,102,43
10960,102,44
10961,102,45
10962,102,46
10963,102,47
10964,102,48
10965,102,49
10966,102,50
10967,102,51
10968,102,52
10969,102,53
10970,102,54
10971,102,55
10972,102,56
10973,102,57
10974,102,58
10975,102,59
10976,102,60
10977,102,61
10978,102,62
10979,102,63
10980,102,64
10981,102,65
10982,102,66
10983,102,67
10984,102,68
10985,102,69
10986,102,70
10987,102,71
10988,102,72
10989,102,73
10990,102,74
10991,102,75
10992,102,76
10993,102,77
10994,102,78
10995,102,79
10996,102,80
10997,102,81
10998,102,82
10999,102,83
11000,102,84
11001,102,85
11002,102,86
11003,102,87
11004,102,88
11005,102,89
11006,102,90
11007,102,91
11008,102,92
11009,102,93
11010,102,94
11011,102,95
11012,102,96
11013,102,97
11014,102,98
11015,102,99
11016,102,100
11017,102,101
11018,102,102
11019,102,103
11020,102,104
11021,102,105
11022,102,106
11023,102,107
11024,102,108
11025,102,109
11026,102,110
11027,102,111
11028,102,112
11029,102,113
11030,102,114
11031,102,115
11032,103,14
11033,103,15
11034,103,16
11035,103,17
11036,103,18
11037,103,19
11038,103,20
11039,103,21
11040,103,22
11041,103,23
11042,103,24
11043,103,25
11044,103,26
11045,103,27
11046,103,28
11047,103,29
11048,103,30
11049,103,31
11050,103,32
11051,103,33
11052,103,34
11053,103,35
11054,103,36
11055,103,37
11056,103,38
11057,103,39
11058,103,40
11059,103,41
11060,103,42
11061,103,43
11062,103,44
11063,103,45
11064,103,46
11065,103,47
11066,103,48
11067,103,49
11068,103,50
11069,103,51
11070,103,52
11071,103,53
11072,103,54
11073,103,55
11074,103,56
11075,103,57
11076,103,58
11077,103,59
11078,103,60
11079,103,61
11080,103,62
11081,103,63
11082,103,64
11083,103,65
11084,103,66
11085,103,67
11086,103,68
11087,103,69
11088,103,70
11089,103,71
11090,103,72
11091,103,73
11092,103,74
11093,103,75
11094,103,76
11095,103,77
11096,103,78
11097,103,79
11098,103,80
11099,103,81
11100,103,82
11101,103,83
11102,103,84
11103,103,85
11104,103,86
11105,103,87
11106,103,88
11107,103,89
11108,103,90
11109,103,91
11110,103,92
11111,103,93
11112,103,94
11113,103,95
11114,103,96
11115,103,97
11116,103,98
11117,103,99
11118,103,100
11119,103,101
11120,103,102
11121,103,103
11122,103,104
11123,103,105
11124,103,106
11125,103,107
11126,103,108
11127,103,109
11128,103,110
11129,103,111
11130,103,112
11131,103,113
11132,103,114
11133,104,15
11134,104,16
11135,104,17
11136,104,18
11137,104,19
11138,104,20
11139,104,21
11140,104,22
11141,104,23
11142,104,24
11143,104,25
11144,104,26
11145,104,27
11146,104,28
11147,104,29
11148,104,30
11149,104,31
11150,104,32
11151,104,33
11152,104,34
11153,104,35
11154,104,36
11155,104,37
11156,104,38
11157,104,39
11158,104,40
11159,104,41
11160,104,42
11161,104,43
11162,104,44
11163,104,45
11164,104,46
11165,104,47
11166,104,48
11167,104,49
11168,104,50
11169,104,51
11170,104,52
11171,104,53
11172,104,54
11173,104,55
11174,104,56
11175,104,57
11176,104,58
11177,104,59
11178,104,60
11179,104,61
11180,104,62
11181,104,63
11182,104,64
11183,104,65
11184,104,66
11185,104,67
11186,104,68
11187,104,69
11188,104,70
11189,104,71
11190,104,72
11191,104,73
11192,104,74
11193,104,75
11194,104,76
11195,104,77
11196,104,78
11197,104,79
11198,104,80
11199,104,81
11200,104,82
11201,104,83
11202,104,84
11203,104,85
11204,104,86
11205,104,87
11206,104,88
11207,104,89
11208,104,90
11209,104,91
11210,104,92
11211,104,93
11212,104,94
11213,104,95
11214,104,96
11215,104,97
11216,104,98
11217,104,99
11218,104,100
11219,104,101
11220,104,102
11221,104,103
11222,104,104
11223,104,105
11224,104,106
11225,104,107
11226,104,108
11227,104,109
11228,104,110
11229,104,111
11230,104,112
11231,104,113
11232,105,15
11233,105,16
11234,105,17
11235,105,18
11236,105,19
11237,105,20
11238,105,21
11239,105,22
11240,105,23
11241,105,24
11242,105,25
11243,105,26
11244,105,27
11245,105,28
11246,105,29
11247,105,30
11248,105,31
11249,105,32
11250,105,33
11251,105,34
11252,105,35
11253,105,36
11254,105,37
11255,105,38
11256,105,39
11257,105,40
11258,105,41
11259,105,42
11260,105,43
11261,105,44
11262,105,45
11263,105,46
11264,105,47
11265,105,48
11266,105,49
11267,105,50
11268,105,51
11269,105,52
11270,105,53
11271,105,54
11272,105,55
11273,105,56
11274,105,57
11275,105,58
11276,105,59
11277,105,60
11278,105,61
11279,105,62
11280,105,63
11281,105,64
11282,105,65
11283,105,66
11284,105,67
11285,105,68
11286,105,69
11287,105,70
11288,105,71
11289,105,72
11290,105,73
11291,105,74
11292,105,75
11293,105,76
11294,105,77
11295,105,78
11296,105,79
11297,105,80
11298,105,81
11299,105,82
11300,105,83
11301,105,84
11302,105,85
11303,105,86
11304,105,87
11305,105,88
11306,105,89
11307,105,90
11308,105,91
11309,105,92
11310,105,93
11311,105,94
11312,105,95
11313,105,96
11314,105,97
11315,105,98
11316,105,99
11317,105,100
11318,105,101
11319,105,102
11320,105,103
11321,105,104
11322,105,105
11323,105,106
11324,105,107
11325,105,108
11326,105,109
11327,105,110
11328,105,111
11329,105,112
11330,105,113
11331,106,16
11332,106,17
11333,106,18
11334,106,19
11335,106,20
11336,106,21
11337,106,22
11338,106,23
11339,106,24
11340,106,25
11341,106,26
11342,106,27
11343,106,28
11344,106,29
11345,106,30
11346,106,31
11347,106,32
11348,106,33
11349,106,34
11350,106,35
11351,106,36
11352,106,37
11353,106,38
11354,106,39
11355,106,40
11356,106,41
11357,106,42
11358,106,43
11359,106,44
11360,106,45
11361,106,46
11362,106,47
11363,106,48
11364,106,49
11365,106,50
11366,106,51
11367,106,52
11368,106,53
11369,106,54
11370,106,55
11371,106,56
11372,106,57
11373,106,58
11374,106,59
11375,106,60
11376,106,61
11377,106,62
11378,106,63
11379,106,64
11380,106,65
11381,106,66
11382,106,67
11383,106,68
11384,106,69
11385,106,70
11386,106,71
11387,106,72
11388,106,73
11389,106,74
11390,106,75
11391,106,76
11392,106,77
11393,106,78
11394,106,79
11395,106,80
11396,106,81
11397,106,82
11398,106,83
11399,106,84
11400,106,85
11401,106,86
11402,106,87
11403,106,88
11404,106,89
11405,106,90
11406,106,91
11407,106,92
11408,106,93
11409,106,94
11410,106,95
11411,106,96
11412,106,97
11413,106,98
11414,106,99
11415,106,100
11416,106,101
11417,106,102
11418,106,103
11419,106,104
11420,106,105
11421,106,106
11422,106,107
11423,106,108
11424,106,109
11425,106,110
11426,106,111
11427,106,112
11428,107,17
11429,107,18
11430,107,19
11431,107,20
11432,107,21
11433,107,22
11434,107,23
11435,107,24
11436,107,25
11437,107,26
11438,107,27
11439,107,28
11440,107,29
11441,107,30
11442,107,31
11443,107,32
11444,107,33
11445,107,34
11446,107,35
11447,107,36
11448,107,37
11449,107,38
11450,107,39
11451,107,40
11452,107,41
11453,107,42
11454,107,43
11455,107,44
11456,107,45
11457,107,46
11458,107,47
11459,107,48
11460,107,49
11461,107,50
11462,107,51
11463,107,52
11464,107,53
11465,107,54
11466,107,55
11467,107,56
11468,107,57
11469,107,58
11470,107,59
11471,107,60
11472,107,61
11473,107,62
11474,107,63
11475,107,64
11476,107,65
11477,107,66
11478,107,67
11479,107,68
11480,107,69
11481,107,70
11482,107,71
11483,107,72
11484,107,73
11485,107,74
11486,107,75
11487,107,76
11488,107,77
11489,107,78
11490,107,79
11491,107,80
11492,107,81
11493,107,82
11494,107,83
11495,107,84
11496,107,85
11497,107,86
11498,107,87
11499,107,88
11500,107,89
11501,107,90
11502,107,91
11503,107,92
11504,107,93
11505,107,94
11506,107,95
11507,107,96
11508,107,97
11509,107,98
11510,107,99
11511,107,100
11512,107,101
11513,107,102
11514,107,103
11515,107,104
11516,107,105
11517,107,106
11518,107,107
11519,107,108
11520,107,109
11521,107,110
11522,107,111
11523,108,18
11524,108,19
11525,108,20
11526,108,21
11527,108,22
11528,108,23
11529,108,24
11530,108,25
11531,108,26
11532,108,27
11533,108,28
11534,108,29
11535,108,30
11536,108,31
11537,108,32
11538,108,33
11539,108,34
11540,108,35
11541,108,36
11542,108,37
11543,108,38
11544,108,39
11545,108,40
11546,108,41
11547,108,42
11548,108,43
11549,108,44
11550,108,45
11551,108,46
11552,108,47
11553,108,48
11554,108,49
11555,108,50
11556,108,51
11557,108,52
11558,108,53
11559,108,54
11560,108,55
11561,108,56
11562,108,57
11563,108,58
11564,108,59
11565,108,60
11566,108,61
11567,108,62
11568,108,63
11569,108,64
11570,108,65
11571,108,66
11572,108,67
11573,108,68
11574,108,69
11575,108,70
11576,108,71
11577,108,72
11578,108,73
11579,108,74
11580,108,75
11581,108,76
11582,108,77
11583,108,78
11584,108,79
11585,108,80
11586,108,81
11587,108,82
11588,108,83
11589,108,84
11590,108,85
11591,108,86
11592,108,87
11593,108,88
11594,108,89
11595,108,90
11596,108,91
11597,108,92
11598,108,93
11599,108,94
11600,108,95
11601,108,96
11602,108,97
11603,108,98
11604,108,99
11605,108,100
11606,108,101
11607,108,102
11608,108,103
11609,108,104
11610,108,105
11611,108,106
11612,108,107
11613,108,108
11614,108,109
11615,108,110
11616,109,19
11617,109,20
11618,109,21
11619,109,22
11620,109,23
11621,109,24
11622,109,25
11623,109,26
11624,109,27
11625,109,28
11626,109,29
11627,109,30
11628,109,31
11629,109,32
11630,109,33
11631,109,34
11632,109,35
11633,109,36
11634,109,37
11635,109,38
11636,109,39
11637,109,40
11638,109,41
11639,109,42
11640,109,43
11641,109,44
11642,109,45
11643,109,46
11644,109,47
11645,109,48
11646,109,49
11647,109,50
11648,109,51
11649,109,52
11650,109,53
11651,109,54
11652,109,55
11653,109,56
11654,109,57
11655,109,58
11656,109,59
11657,109,60
11658,109,61
11659,109,62
11660,109,63
11661,109,64
11662,109,65
11663,109,66
11664,109,67
11665,109,68
11666,109,69
11667,109,70
11668,109,71
11669,109,72
11670,109,73
11671,109,74
11672,109,75
11673,109,76
11674,109,77
11675,109,78
11676,109,79
11677,109,80
11678,109,81
11679,109,82
11680,109,83
11681,109,84
11682,109,85
11683,109,86
11684,109,87
11685,109,88
11686,109,89
11687,109,90
11688,109,91
11689,109,92
11690,109,93
11691,109,94
11692,109,95
11693,109,96
11694,109,97
11695,109,98
11696,109,99
11697,109,100
11698,109,101
11699,109,102
11700,109,103
11701,109,104
11702,109,105
11703,109,106
11704,109,107
11705,109,108
11706,109,109
11707,110,20
11708,110,21
11709,110,22
11710,110,23
11711,110,24
11712,110,25
11713,110,26
11714,110,27
11715,110,28
11716,110,29
11717,110,30
11718,110,31
11719,110,32
11720,110,33
11721,110,34
11722,110,35
11723,110,36
11724,110,37
11725,110,38
11726,110,39
11727,110,40
11728,110,41
11729,110,42
11730,110,43
11731,110,44
11732,110,45
11733,110,46
11734,110,47
11735,110,48
11736,110,49
11737,110,50
11738,110,51
11739,110,52
11740,110,53
11741,110,54
11742,110,55
11743,110,56
11744,110,57
11745,110,58
11746,110,59
11747,110,60
11748,110,61
11749,110,62
11750,110,63
11751,110,64
11752,110,65
11753,110,66
11754,110,67
11755,110,68
11756,110,69
11757,110,70
11758,110,71
11759,110,72
11760,110,73
11761,110,74
11762,110,75
11763,110,76
11764,110,77
11765,110,78
11766,110,79
11767,110,80
11768,110,81
11769,110,82
11770,110,83
11771,110,84
11772,110,85
11773,110,86
11774,110,87
11775,110,88
11776,110,89
11777,110,90
11778,110,91
11779,110,92
11780,110,93
11781,110,94
11782,110,95
11783,110,96
11784,110,97
11785,110,98
11786,110,99
11787,110,100
11788,110,101
11789,110,102
11790,110,103
11791,110,104
11792,110,105
11793,110,106
11794,110,107
11795,110,108
11796,111,21
11797,111,22
11798,111,23
11799,111,24
11800,111,25
11801,111,26
11802,111,27
11803,111,28
11804,111,29
11805,111,30
11806,111,31
11807,111,32
11808,111,33
11809,111,34
11810,111,35
11811,111,36
11812,111,37
11813,111,38
11814,111,39
11815,111,40
11816,111,41
11817,111,42
11818,111,43
11819,111,44
11820,111,45
11821,111,46
11822,111,47
11823,111,48
11824,111,49
11825,111,50
11826,111,51
11827,111,52
11828,111,53
11829,111,54
11830,111,55
11831,111,56
11832,111,57
11833,111,58
11834,111,59
11835,111,60
11836,111,61
11837,111,62
11838,111,63
11839,111,64
11840,111,65
11841,111,66
11842,111,67
11843,111,68
11844,111,69
11845,111,70
11846,111,71
11847,111,72
11848,111,73
11849,111,74
11850,111,75
11851,111,76
11852,111,77
11853,111,78
11854,111,79
11855,111,80
11856,111,81
11857,111,82
11858,111,83
11859,111,84
11860,111,85
11861,111,86
11862,111,87
11863,111,88
11864,111,89
11865,111,90
11866,111,91
11867,111,92
11868,111,93
11869,111,94
11870,111,95
11871,111,96
11872,111,97
11873,111,98
11874,111,99
11875,111,100
11876,111,101
11877,111,102
11878,111,103
11879,111,104
11880,111,105
11881,111,106
11882,111,107
11883,112,22
11884,112,23
11885,112,24
11886,112,25
11887,112,26
11888,112,27
11889,112,28
11890,112,29
11891,112,30
11892,112,31
11893,112,32
11894,112,33
11895,112,34
11896,112,35
11897,112,36
11898,112,37
11899,112,38
11900,112,39
11901,112,40
11902,112,41
11903,112,42
11904,112,43
11905,112,44
11906,112,45
11907,112,46
11908,112,47
11909,112,48
11910,112,49
11911,112,50
11912,112,51
11913,112,52
11914,112,53
11915,112,54
11916,112,55
11917,112,56
11918,112,57
11919,112,58
11920,112,59
11921,112,60
11922,112,61
11923,112,62
11924,112,63
11925,112,64
11926,112,65
11927,112,66
11928,112,67
11929,112,68
11930,112,69
11931,112,70
11932,112,71
11933,112,72
11934,112,73
11935,112,74
11936,112,75
11937,112,76
11938,112,77
11939,112,78
11940,112,79
11941,112,80
11942,112,81
11943,112,82
11944,112,83
11945,112,84
11946,112,85
11947,112,86
11948,112,87
11949,112,88
11950,112,89
11951,112,90
11952,112,91
11953,112,92
11954,112,93
11955,112,94
11956,112,95
11957,112,96
11958,112,97
11959,112,98
11960,112,99
11961,112,100
11962,112,101
11963,112,102
11964,112,103
11965,112,104
11966,112,105
11967,112,106
11968,113,23
11969,113,24
11970,113,25
11971,113,26
11972,113,27
11973,113,28
11974,113,29
11975,113,30
11976,113,31
11977,113,32
11978,113,33
11979,113,34
11980,113,35
11981,113,36
11982,113,37
11983,113,38
11984,113,39
11985,113,40
11986,113,41
11987,113,42
11988,113,43
11989,113,44
11990,113,45
11991,113,46
11992,113,47
11993,113,48
11994,113,49
11995,113,50
11996,113,51
11997,113,52
11998,113,53
11999,113,54
12000,113,55
12001,113,56
12002,113,57
12003,113,58
12004,113,59
12005,113,60
12006,113,61
12007,113,62
12008,113,63
12009,113,64
12010,113,65
12011,113,66
12012,113,67
12013,113,68
12014,113,69
12015,113,70
12016,113,71
12017,113,72
12018,113,73
12019,113,74
12020,113,75
12021,113,76
12022,113,77
12023,113,78
12024,113,79
12025,113,80
12026,113,81
12027,113,82
12028,113,83
12029,113,84
12030,113,85
12031,113,86
12032,113,87
12033,113,88
12034,113,89
12035,113,90
12036,113,91
12037,113,92
12038,113,93
12039,113,94
12040,113,95
12041,113,96
12042,113,97
12043,113,98
12044,113,99
12045,113,100
12046,113,101
12047,113,102
12048,113,103
12049,113,104
12050,113,105
12051,114,25
12052,114,26
12053,114,27
12054,114,28
12055,114,29
12056,114,30
12057,114,31
12058,114,32
12059,114,33
12060,114,34
12061,114,35
12062,114,36
12063,114,37
12064,114,38
12065,114,39
12066,114,40
12067,114,41
12068,114,42
12069,114,43
12070,114,44
12071,114,45
12072,114,46
12073,114,47
12074,114,48
12075,114,49
12076,114,50
12077,114,51
12078,114,52
12079,114,53
12080,114,54
12081,114,55
12082,114,56
12083,114,57
12084,114,58
12085,114,59
12086,114,60
12087,114,61
12088,114,62
12089,114,63
12090,114,64
12091,114,65
12092,114,66
12093,114,67
12094,114,68
12095,114,69
12096,114,70
12097,114,71
12098,114,72
12099,114,73
12100,114,74
12101,114,75
12102,114,76
12103,114,77
12104,114,78
12105,114,79
12106,114,80
12107,114,81
12108,114,82
12109,114,83
12110,114,84
12111,114,85
12112,114,86
12113,114,87
12114,114,88
12115,114,89
12116,114,90
12117,114,91
12118,114,92
12119,114,93
12120,114,94
12121,114,95
12122,114,96
12123,114,97
12124,114,98
12125,114,99
12126,114,100
12127,114,101
12128,114,102
12129,114,103
12130,115,26
12131,115,27
12132,115,28
12133,115,29
12134,115,30
12135,115,31
12136,115,32
12137,115,33
12138,115,34
12139,115,35
12140,115,36
12141,115,37
12142,115,38
12143,115,39
12144,115,40
12145,115,41
12146,115,42
12147,115,43
12148,115,44
12149,115,45
12150,115,46
12151,115,47
12152,115,48
12153,115,49
12154,115,50
12155,115,51
12156,115,52
12157,115,53
12158,115,54
12159,115,55
12160,115,56
12161,115,57
12162,115,58
12163,115,59
12164,115,60
12165,115,61
12166,115,62
12167,115,63
12168,115,64
12169,115,65
12170,115,66
12171,115,67
12172,115,68
12173,115,69
12174,115,70
12175,115,71
12176,115,72
12177,115,73
12178,115,74
12179,115,75
12180,115,76
12181,115,77
12182,115,78
12183,115,79
12184,115,80
12185,115,81
12186,115,82
12187,115,83
12188,115,84
12189,115,85
12190,115,86
12191,115,87
12192,115,88
12193,115,89
12194,115,90
12195,115,91
12196,115,92
12197,115,93
12198,115,94
12199,115,95
12200,115,96
12201,115,97
12202,115,98
12203,115,99
12204,115,100
12205,115,101
12206,115,102
12207,116,27
12208,116,28
12209,116,29
12210,116,30
12211,116,31
12212,116,32
12213,116,33
12214,116,34
12215,116,35
12216,116,36
12217,116,37
12218,116,38
12219,116,39
12220,116,40
12221,116,41
12222,116,42
12223,116,43
12224,116,44
12225,116,45
12226,116,46
12227,116,47
12228,116,48
12229,116,49
12230,116,50
12231,116,51
12232,116,52
12233,116,53
12234,116,54
12235,116,55
12236,116,56
12237,116,57
12238,116,58
12239,116,59
12240,116,60
12241,116,61
12242,116,62
12243,116,63
12244,116,64
12245,116,65
12246,116,66
12247,116,67
12248,116,68
12249,116,69
12250,116,70
12251,116,71
12252,116,72
12253,116,73
12254,116,74
12255,116,75
12256,116,76
12257,116,77
12258,116,78
12259,116,79
12260,116,80
12261,116,81
12262,116,82
12263,116,83
12264,116,84
12265,116,85
12266,116,86
12267,116,87
12268,116,88
12269,116,89
12270,116,90
12271,116,91
12272,116,92
12273,116,93
12274,116,94
12275,116,95
12276,116,96
12277,116,97
12278,116,98
12279,116,99
12280,116,100
12281,116,101
12282,117,29
12283,117,30
12284,117,31
12285,117,32
12286,117,33
12287,117,34
12288,117,35
12289,117,36
12290,117,37
12291,117,38
12292,117,39
12293,117,40
12294,117,41
12295,117,42
12296,117,43
12297,117,44
12298,117,45
12299,117,46
12300,117,47
12301,117,48
12302,117,49
12303,117,50
12304,117,51
12305,117,52
12306,117,53
12307,117,54
12308,117,55
12309,117,56
12310,117,57
12311,117,58
12312,117,59
12313,117,60
12314,117,61
12315,117,62
12316,117,63
12317,117,64
12318,117,65
12319,117,66
12320,117,67
12321,117,68
12322,117,69
12323,117,70
12324,117,71
12325,117,72
12326,117,73
12327,117,74
12328,117,75
12329,117,76
12330,117,77
12331,117,78
12332,117,79
12333,117,80
12334,117,81
12335,117,82
12336,117,83
12337,117,84
12338,117,85
12339,117,86
12340,117,87
12341,117,88
12342,117,89
12343,117,90
12344,117,91
12345,117,92
12346,117,93
12347,117,94
12348,117,95
12349,117,96
12350,117,97
12351,117,98
12352,117,99
12353,118,30
12354,118,31
12355,118,32
12356,118,33
12357,118,34
12358,118,35
12359,118,36
12360,118,37
12361,118,38
12362,118,39
12363,118,40
12364,118,41
12365,118,42
12366,118,43
12367,118,44
12368,118,45
12369,118,46
12370,118,47
12371,118,48
12372,118,49
12373,118,50
12374,118,51
12375,118,52
12376,118,53
12377,118,54
12378,118,55
12379,118,56
12380,118,57
12381,118,58
12382,118,59
12383,118,60
12384,118,61
12385,118,62
12386,118,63
12387,118,64
12388,118,65
12389,118,66
12390,118,67
12391,118,68
12392,118,69
12393,118,70
12394,118,71
12395,118,72
12396,118,73
12397,118,74
12398,118,75
12399,118,76
12400,118,77
12401,118,78
12402,118,79
12403,118,80
12404,118,81
12405,118,82
12406,118,83
12407,118,84
12408,118,85
12409,118,86
12410,118,87
12411,118,88
12412,118,89
12413,118,90
12414,118,91
12415,118,92
12416,118,93
12417,118,94
12418,118,95
12419,118,96
12420,118,97
12421,118,98
12422,119,32
12423,119,33
12424,119,34
12425,119,35
12426,119,36
12427,119,37
12428,119,38
12429,119,39
12430,119,40
12431,119,41
12432,119,42
12433,119,43
12434,119,44
12435,119,45
12436,119,46
12437,119,47
12438,119,48
12439,119,49
12440,119,50
12441,119,51
12442,119,52
12443,119,53
12444,119,54
12445,119,55
12446,119,56
12447,119,57
12448,119,58
12449,119,59
12450,119,60
12451,119,61
12452,119,62
12453,119,63
12454,119,64
12455,119,65
12456,119,66
12457,119,67
12458,119,68
12459,119,69
12460,119,70
12461,119,71
12462,119,72
12463,119,73
12464,119,74
12465,119,75
12466,119,76
12467,119,77
12468,119,78
12469,119,79
12470,119,80
12471,119,81
12472,119,82
12473,119,83
12474,119,84
12475,119,85
12476,119,86
12477,119,87
12478,119,88
12479,119,89
12480,119,90
12481,119,91
12482,119,92
12483,119,93
12484,119,94
12485,119,95
12486,119,96
12487,120,34
12488,120,35
12489,120,36
12490,120,37
12491,120,38
12492,120,39
12493,120,40
12494,120,41
12495,120,42
12496,120,43
12497,120,44
12498,120,45
12499,120,46
12500,120,47
12501,120,48
12502,120,49
12503,120,50
12504,120,51
12505,120,52
12506,120,53
12507,120,54
12508,120,55
12509,120,56
12510,120,57
12511,120,58
12512,120,59
12513,120,60
12514,120,61
12515,120,62
12516,120,63
12517,120,64
12518,120,65
12519,120,66
12520,120,67
12521,120,68
12522,120,69
12523,120,70
12524,120,71
12525,120,72
12526,120,73
12527,120,74
12528,120,75
12529,120,76
12530,120,77
12531,120,78
12532,120,79
12533,120,80
12534,120,81
12535,120,82
12536,120,83
12537,120,84
12538,120,85
12539,120,86
12540,120,87
12541,120,88
12542,120,89
12543,120,90
12544,120,91
12545,120,92
12546,120,93
12547,120,94
12548,121,35
12549,121,36
12550,121,37
12551,121,38
12552,121,39
12553,121,40
12554,121,41
12555,121,42
12556,121,43
12557,121,44
12558,121,45
12559,121,46
12560,121,47
12561,121,48
12562,121,49
12563,121,50
12564,121,51
12565,121,52
12566,121,53
12567,121,54
12568,121,55
12569,121,56
12570,121,57
12571,121,58
12572,121,59
12573,121,60
12574,121,61
12575,121,62
12576,121,63
12577,121,64
12578,121,65
12579,121,66
12580,121,67
12581,121,68
12582,121,69
12583,121,70
12584,121,71
12585,121,72
12586,121,73
12587,121,74
12588,121,75
12589,121,76
12590,121,77
12591,121,78
12592,121,79
12593,121,80
12594,121,81
12595,121,82
12596,121,83
12597,121,84
12598,121,85
12599,121,86
12600,121,87
12601,121,88
12602,121,89
12603,121,90
12604,121,91
12605,121,92
12606,121,93
12607,122,37
12608,122,38
12609,122,39
12610,122,40
12611,122,41
12612,122,42
12613,122,43
12614,122,44
12615,122,45
12616,122,46
12617,122,47
12618,122,48
12619,122,49
12620,122,50
12621,122,51
12622,122,52
12623,122,53
12624,122,54
12625,122,55
12626,122,56
12627,122,57
12628,122,58
12629,122,59
12630,122,60
12631,122,61
12632,122,62
12633,122,63
12634,122,64
12635,122,65
12636,122,66
12637,122,67
12638,122,68
12639,122,69
12640,122,70
12641,122,71
12642,122,72
12643,122,73
12644,122,74
12645,122,75
12646,122,76
12647,122,77
12648,122,78
12649,122,79
12650,122,80
12651,122,81
12652,122,82
12653,122,83
12654,122,84
12655,122,85
12656,122,86
12657,122,87
12658,122,88
12659,122,89
12660,122,90
12661,122,91
12662,123,40
12663,123,41
12664,123,42
12665,123,43
12666,123,44
12667,123,45
12668,123,46
12669,123,47
12670,123,48
12671,123,49
12672,123,50
12673,123,51
12674,123,52
12675,123,53
12676,123,54
12677,123,55
12678,123,56
12679,123,57
12680,123,58
12681,123,59
12682,123,60
12683,123,61
12684,123,62
12685,123,63
12686,123,64
12687,123,65
12688,123,66
12689,123,67
12690,123,68
12691,123,69
12692,123,70
12693,123,71
12694,123,72
12695,123,73
12696,123,74
12697,123,75
12698,123,76
12699,123,77
12700,123,78
12701,123,79
12702,123,80
12703,123,81
12704,123,82
12705,123,83
12706,123,84
12707,123,85
12708,123,86
12709,123,87
12710,123,88
12711,124,42
12712,124,43
12713,124,44
12714,124,45
12715,124,46
12716,124,47
12717,124,48
12718,124,49
12719,124,50
12720,124,51
12721,124,52
12722,124,53
12723,124,54
12724,124,55
12725,124,56
12726,124,57
12727,124,58
12728,124,59
12729,124,60
12730,124,61
12731,124,62
12732,124,63
12733,124,64
12734,124,65
12735,124,66
12736,124,67
12737,124,68
12738,124,69
12739,124,70
12740,124,71
12741,124,72
12742,124,73
12743,124,74
12744,124,75
12745,124,76
12746,124,77
12747,124,78
12748,124,79
12749,124,80
12750,124,81
12751,124,82
12752,124,83
12753,124,84
12754,124,85
12755,124,86
12756,125,45
12757,125,46
12758,125,47
12759,125,48
12760,125,49
12761,125,50
12762,125,51
12763,125,52
12764,125,53
12765,125,54
12766,125,55
12767,125,56
12768,125,57
12769,125,58
12770,125,59
12771,125,60
12772,125,61
12773,125,62
12774,125,63
12775,125,64
12776,125,65
12777,125,66
12778,125,67
12779,125,68
12780,125,69
12781,125,70
12782,125,71
12783,125,72
12784,125,73
12785,125,74
12786,125,75
12787,125,76
12788,125,77
12789,125,78
12790,125,79
12791,125,80
12792,125,81
12793,125,82
12794,125,83
12795,126,49
12796,126,50
12797,126,51
12798,126,52
12799,126,53
12800,126,54
12801,126,55
12802,126,56
12803,126,57
12804,126,58
12805,126,59
12806,126,60
12807,126,61
12808,126,62
12809,126,63
12810,126,64
12811,126,65
12812,126,66
12813,126,67
12814,126,68
12815,126,69
12816,126,70
12817,126,71
12818,126,72
12819,126,73
12820,126,74
12821,126,75
12822,126,76
12823,126,77
12824,126,78
12825,126,79
12826,127,53
12827,127,54
12828,127,55
12829,127,56
12830,127,57
12831,127,58
12832,127,59
12833,127,60
12834,127,61
12835,127,62
12836,127,63
12837,127,64
12838,127,65
12839,127,66
12840,127,67
12841,127,68
12842,127,69
12843,127,70
12844,127,71
12845,127,72
12846,127,73
12847,127,74
12848,127,75
