,0,1
0,0,32
1,0,33
2,0,34
3,0,35
4,0,36
5,0,37
6,0,38
7,0,39
8,0,40
9,0,41
10,0,42
11,0,43
12,0,44
13,0,45
14,0,46
15,0,47
16,0,48
17,0,49
18,0,50
19,0,51
20,0,52
21,0,53
22,0,54
23,0,55
24,0,56
25,0,57
26,0,58
27,0,59
28,0,60
29,0,61
30,0,62
31,0,63
32,0,64
33,0,65
34,0,66
35,0,67
36,0,68
37,0,69
38,0,70
39,0,71
40,0,72
41,0,73
42,0,74
43,0,75
44,0,76
45,0,77
46,0,78
47,0,79
48,0,80
49,0,81
50,0,82
51,0,83
52,0,84
53,0,85
54,0,86
55,0,87
56,0,88
57,0,89
58,0,90
59,0,91
60,0,92
61,0,93
62,0,94
63,0,95
64,0,96
65,1,30
66,1,31
67,1,32
68,1,33
69,1,34
70,1,35
71,1,36
72,1,37
73,1,38
74,1,39
75,1,40
76,1,41
77,1,42
78,1,43
79,1,44
80,1,45
81,1,46
82,1,47
83,1,48
84,1,49
85,1,50
86,1,51
87,1,52
88,1,53
89,1,54
90,1,55
91,1,56
92,1,57
93,1,58
94,1,59
95,1,60
96,1,61
97,1,62
98,1,63
99,1,64
100,1,65
101,1,66
102,1,67
103,1,68
104,1,69
105,1,70
106,1,71
107,1,72
108,1,73
109,1,74
110,1,75
111,1,76
112,1,77
113,1,78
114,1,79
115,1,80
116,1,81
117,1,82
118,1,83
119,1,84
120,1,85
121,1,86
122,1,87
123,1,88
124,1,89
125,1,90
126,1,91
127,1,92
128,1,93
129,1,94
130,1,95
131,1,96
132,1,97
133,1,98
134,2,28
135,2,29
136,2,30
137,2,31
138,2,32
139,2,33
140,2,34
141,2,35
142,2,36
143,2,37
144,2,38
145,2,39
146,2,40
147,2,41
148,2,42
149,2,43
150,2,44
151,2,45
152,2,46
153,2,47
154,2,48
155,2,49
156,2,50
157,2,51
158,2,52
159,2,53
160,2,54
161,2,55
162,2,56
163,2,57
164,2,58
165,2,59
166,2,60
167,2,61
168,2,62
169,2,63
170,2,64
171,2,65
172,2,66
173,2,67
174,2,68
175,2,69
176,2,70
177,2,71
178,2,72
179,2,73
180,2,74
181,2,75
182,2,76
183,2,77
184,2,78
185,2,79
186,2,80
187,2,81
188,2,82
189,2,83
190,2,84
191,2,85
192,2,86
193,2,87
194,2,88
195,2,89
196,2,90
197,2,91
198,2,92
199,2,93
200,2,94
201,2,95
202,2,96
203,2,97
204,2,98
205,2,99
206,2,100
207,3,26
208,3,27
209,3,28
210,3,29
211,3,30
212,3,31
213,3,32
214,3,33
215,3,34
216,3,35
217,3,36
218,3,37
219,3,38
220,3,39
221,3,40
222,3,41
223,3,42
224,3,43
225,3,44
226,3,45
227,3,46
228,3,47
229,3,48
230,3,49
231,3,50
232,3,51
233,3,52
234,3,53
235,3,54
236,3,55
237,3,56
238,3,57
239,3,58
240,3,59
241,3,60
242,3,61
243,3,62
244,3,63
245,3,64
246,3,65
247,3,66
248,3,67
249,3,68
250,3,69
251,3,70
252,3,71
253,3,72
254,3,73
255,3,74
256,3,75
257,3,76
258,3,77
259,3,78
260,3,79
261,3,80
262,3,81
263,3,82
264,3,83
265,3,84
266,3,85
267,3,86
268,3,87
269,3,88
270,3,89
271,3,90
272,3,91
273,3,92
274,3,93
275,3,94
276,3,95
277,3,96
278,3,97
279,3,98
280,3,99
281,3,100
282,3,101
283,3,102
284,4,25
285,4,26
286,4,27
287,4,28
288,4,29
289,4,30
290,4,31
291,4,32
292,4,33
293,4,34
294,4,35
295,4,36
296,4,37
297,4,38
298,4,39
299,4,40
300,4,41
301,4,42
302,4,43
303,4,44
304,4,45
305,4,46
306,4,47
307,4,48
308,4,49
309,4,50
310,4,51
311,4,52
312,4,53
313,4,54
314,4,55
315,4,56
316,4,57
317,4,58
318,4,59
319,4,60
320,4,61
321,4,62
322,4,63
323,4,64
324,4,65
325,4,66
326,4,67
327,4,68
328,4,69
329,4,70
330,4,71
331,4,72
332,4,73
333,4,74
334,4,75
335,4,76
336,4,77
337,4,78
338,4,79
339,4,80
340,4,81
341,4,82
342,4,83
343,4,84
344,4,85
345,4,86
346,4,87
347,4,88
348,4,89
349,4,90
350,4,91
351,4,92
352,4,93
353,4,94
354,4,95
355,4,96
356,4,97
357,4,98
358,4,99
359,4,100
360,4,101
361,4,102
362,4,103
363,5,23
364,5,24
365,5,25
366,5,26
367,5,27
368,5,28
369,5,29
370,5,30
371,5,31
372,5,32
373,5,33
374,5,34
375,5,35
376,5,36
377,5,37
378,5,38
379,5,39
380,5,40
381,5,41
382,5,42
383,5,43
384,5,44
385,5,45
386,5,46
387,5,47
388,5,48
389,5,49
390,5,50
391,5,51
392,5,52
393,5,53
394,5,54
395,5,55
396,5,56
397,5,57
398,5,58
399,5,59
400,5,60
401,5,61
402,5,62
403,5,63
404,5,64
405,5,65
406,5,66
407,5,67
408,5,68
409,5,69
410,5,70
411,5,71
412,5,72
413,5,73
414,5,74
415,5,75
416,5,76
417,5,77
418,5,78
419,5,79
420,5,80
421,5,81
422,5,82
423,5,83
424,5,84
425,5,85
426,5,86
427,5,87
428,5,88
429,5,89
430,5,90
431,5,91
432,5,92
433,5,93
434,5,94
435,5,95
436,5,96
437,5,97
438,5,98
439,5,99
440,5,100
441,5,101
442,5,102
443,5,103
444,5,104
445,5,105
446,6,22
447,6,23
448,6,24
449,6,25
450,6,26
451,6,27
452,6,28
453,6,29
454,6,30
455,6,31
456,6,32
457,6,33
458,6,34
459,6,35
460,6,36
461,6,37
462,6,38
463,6,39
464,6,40
465,6,41
466,6,42
467,6,43
468,6,44
469,6,45
470,6,46
471,6,47
472,6,48
473,6,49
474,6,50
475,6,51
476,6,52
477,6,53
478,6,54
479,6,55
480,6,56
481,6,57
482,6,58
483,6,59
484,6,60
485,6,61
486,6,62
487,6,63
488,6,64
489,6,65
490,6,66
491,6,67
492,6,68
493,6,69
494,6,70
495,6,71
496,6,72
497,6,73
498,6,74
499,6,75
500,6,76
501,6,77
502,6,78
503,6,79
504,6,80
505,6,81
506,6,82
507,6,83
508,6,84
509,6,85
510,6,86
511,6,87
512,6,88
513,6,89
514,6,90
515,6,91
516,6,92
517,6,93
518,6,94
519,6,95
520,6,96
521,6,97
522,6,98
523,6,99
524,6,100
525,6,101
526,6,102
527,6,103
528,6,104
529,6,105
530,6,106
531,7,21
532,7,22
533,7,23
534,7,24
535,7,25
536,7,26
537,7,27
538,7,28
539,7,29
540,7,30
541,7,31
542,7,32
543,7,33
544,7,34
545,7,35
546,7,36
547,7,37
548,7,38
549,7,39
550,7,40
551,7,41
552,7,42
553,7,43
554,7,44
555,7,45
556,7,46
557,7,47
558,7,48
559,7,49
560,7,50
561,7,51
562,7,52
563,7,53
564,7,54
565,7,55
566,7,56
567,7,57
568,7,58
569,7,59
570,7,60
571,7,61
572,7,62
573,7,63
574,7,64
575,7,65
576,7,66
577,7,67
578,7,68
579,7,69
580,7,70
581,7,71
582,7,72
583,7,73
584,7,74
585,7,75
586,7,76
587,7,77
588,7,78
589,7,79
590,7,80
591,7,81
592,7,82
593,7,83
594,7,84
595,7,85
596,7,86
597,7,87
598,7,88
599,7,89
600,7,90
601,7,91
602,7,92
603,7,93
604,7,94
605,7,95
606,7,96
607,7,97
608,7,98
609,7,99
610,7,100
611,7,101
612,7,102
613,7,103
614,7,104
615,7,105
616,7,106
617,7,107
618,8,19
619,8,20
620,8,21
621,8,22
622,8,23
623,8,24
624,8,25
625,8,26
626,8,27
627,8,28
628,8,29
629,8,30
630,8,31
631,8,32
632,8,33
633,8,34
634,8,35
635,8,36
636,8,37
637,8,38
638,8,39
639,8,40
640,8,41
641,8,42
642,8,43
643,8,44
644,8,45
645,8,46
646,8,47
647,8,48
648,8,49
649,8,50
650,8,51
651,8,52
652,8,53
653,8,54
654,8,55
655,8,56
656,8,57
657,8,58
658,8,59
659,8,60
660,8,61
661,8,62
662,8,63
663,8,64
664,8,65
665,8,66
666,8,67
667,8,68
668,8,69
669,8,70
670,8,71
671,8,72
672,8,73
673,8,74
674,8,75
675,8,76
676,8,77
677,8,78
678,8,79
679,8,80
680,8,81
681,8,82
682,8,83
683,8,84
684,8,85
685,8,86
686,8,87
687,8,88
688,8,89
689,8,90
690,8,91
691,8,92
692,8,93
693,8,94
694,8,95
695,8,96
696,8,97
697,8,98
698,8,99
699,8,100
700,8,101
701,8,102
702,8,103
703,8,104
704,8,105
705,8,106
706,8,107
707,8,108
708,8,109
709,9,18
710,9,19
711,9,20
712,9,21
713,9,22
714,9,23
715,9,24
716,9,25
717,9,26
718,9,27
719,9,28
720,9,29
721,9,30
722,9,31
723,9,32
724,9,33
725,9,34
726,9,35
727,9,36
728,9,37
729,9,38
730,9,39
731,9,40
732,9,41
733,9,42
734,9,43
735,9,44
736,9,45
737,9,46
738,9,47
739,9,48
740,9,49
741,9,50
742,9,51
743,9,52
744,9,53
745,9,54
746,9,55
747,9,56
748,9,57
749,9,58
750,9,59
751,9,60
752,9,61
753,9,62
754,9,63
755,9,64
756,9,65
757,9,66
758,9,67
759,9,68
760,9,69
761,9,70
762,9,71
763,9,72
764,9,73
765,9,74
766,9,75
767,9,76
768,9,77
769,9,78
770,9,79
771,9,80
772,9,81
773,9,82
774,9,83
775,9,84
776,9,85
777,9,86
778,9,87
779,9,88
780,9,89
781,9,90
782,9,91
783,9,92
784,9,93
785,9,94
786,9,95
787,9,96
788,9,97
789,9,98
790,9,99
791,9,100
792,9,101
793,9,102
794,9,103
795,9,104
796,9,105
797,9,106
798,9,107
799,9,108
800,9,109
801,9,110
802,10,17
803,10,18
804,10,19
805,10,20
806,10,21
807,10,22
808,10,23
809,10,24
810,10,25
811,10,26
812,10,27
813,10,28
814,10,29
815,10,30
816,10,31
817,10,32
818,10,33
819,10,34
820,10,35
821,10,36
822,10,37
823,10,38
824,10,39
825,10,40
826,10,41
827,10,42
828,10,43
829,10,44
830,10,45
831,10,46
832,10,47
833,10,48
834,10,49
835,10,50
836,10,51
837,10,52
838,10,53
839,10,54
840,10,55
841,10,56
842,10,57
843,10,58
844,10,59
845,10,60
846,10,61
847,10,62
848,10,63
849,10,64
850,10,65
851,10,66
852,10,67
853,10,68
854,10,69
855,10,70
856,10,71
857,10,72
858,10,73
859,10,74
860,10,75
861,10,76
862,10,77
863,10,78
864,10,79
865,10,80
866,10,81
867,10,82
868,10,83
869,10,84
870,10,85
871,10,86
872,10,87
873,10,88
874,10,89
875,10,90
876,10,91
877,10,92
878,10,93
879,10,94
880,10,95
881,10,96
882,10,97
883,10,98
884,10,99
885,10,100
886,10,101
887,10,102
888,10,103
889,10,104
890,10,105
891,10,106
892,10,107
893,10,108
894,10,109
895,10,110
896,10,111
897,11,16
898,11,17
899,11,18
900,11,19
901,11,20
902,11,21
903,11,22
904,11,23
905,11,24
906,11,25
907,11,26
908,11,27
909,11,28
910,11,29
911,11,30
912,11,31
913,11,32
914,11,33
915,11,34
916,11,35
917,11,36
918,11,37
919,11,38
920,11,39
921,11,40
922,11,41
923,11,42
924,11,43
925,11,44
926,11,45
927,11,46
928,11,47
929,11,48
930,11,49
931,11,50
932,11,51
933,11,52
934,11,53
935,11,54
936,11,55
937,11,56
938,11,57
939,11,58
940,11,59
941,11,60
942,11,61
943,11,62
944,11,63
945,11,64
946,11,65
947,11,66
948,11,67
949,11,68
950,11,69
951,11,70
952,11,71
953,11,72
954,11,73
955,11,74
956,11,75
957,11,76
958,11,77
959,11,78
960,11,79
961,11,80
962,11,81
963,11,82
964,11,83
965,11,84
966,11,85
967,11,86
968,11,87
969,11,88
970,11,89
971,11,90
972,11,91
973,11,92
974,11,93
975,11,94
976,11,95
977,11,96
978,11,97
979,11,98
980,11,99
981,11,100
982,11,101
983,11,102
984,11,103
985,11,104
986,11,105
987,11,106
988,11,107
989,11,108
990,11,109
991,11,110
992,11,111
993,11,112
994,12,15
995,12,16
996,12,17
997,12,18
998,12,19
999,12,20
1000,12,21
1001,12,22
1002,12,23
1003,12,24
1004,12,25
1005,12,26
1006,12,27
1007,12,28
1008,12,29
1009,12,30
1010,12,31
1011,12,32
1012,12,33
1013,12,34
1014,12,35
1015,12,36
1016,12,37
1017,12,38
1018,12,39
1019,12,40
1020,12,41
1021,12,42
1022,12,43
1023,12,44
1024,12,45
1025,12,46
1026,12,47
1027,12,48
1028,12,49
1029,12,50
1030,12,51
1031,12,52
1032,12,53
1033,12,54
1034,12,55
1035,12,56
1036,12,57
1037,12,58
1038,12,59
1039,12,60
1040,12,61
1041,12,62
1042,12,63
1043,12,64
1044,12,65
1045,12,66
1046,12,67
1047,12,68
1048,12,69
1049,12,70
1050,12,71
1051,12,72
1052,12,73
1053,12,74
1054,12,75
1055,12,76
1056,12,77
1057,12,78
1058,12,79
1059,12,80
1060,12,81
1061,12,82
1062,12,83
1063,12,84
1064,12,85
1065,12,86
1066,12,87
1067,12,88
1068,12,89
1069,12,90
1070,12,91
1071,12,92
1072,12,93
1073,12,94
1074,12,95
1075,12,96
1076,12,97
1077,12,98
1078,12,99
1079,12,100
1080,12,101
1081,12,102
1082,12,103
1083,12,104
1084,12,105
1085,12,106
1086,12,107
1087,12,108
1088,12,109
1089,12,110
1090,12,111
1091,12,112
1092,12,113
1093,13,14
1094,13,15
1095,13,16
1096,13,17
1097,13,18
1098,13,19
1099,13,20
1100,13,21
1101,13,22
1102,13,23
1103,13,24
1104,13,25
1105,13,26
1106,13,27
1107,13,28
1108,13,29
1109,13,30
1110,13,31
1111,13,32
1112,13,33
1113,13,34
1114,13,35
1115,13,36
1116,13,37
1117,13,38
1118,13,39
1119,13,40
1120,13,41
1121,13,42
1122,13,43
1123,13,44
1124,13,45
1125,13,46
1126,13,47
1127,13,48
1128,13,49
1129,13,50
1130,13,51
1131,13,52
1132,13,53
1133,13,54
1134,13,55
1135,13,56
1136,13,57
1137,13,58
1138,13,59
1139,13,60
1140,13,61
1141,13,62
1142,13,63
1143,13,64
1144,13,65
1145,13,66
1146,13,67
1147,13,68
1148,13,69
1149,13,70
1150,13,71
1151,13,72
1152,13,73
1153,13,74
1154,13,75
1155,13,76
1156,13,77
1157,13,78
1158,13,79
1159,13,80
1160,13,81
1161,13,82
1162,13,83
1163,13,84
1164,13,85
1165,13,86
1166,13,87
1167,13,88
1168,13,89
1169,13,90
1170,13,91
1171,13,92
1172,13,93
1173,13,94
1174,13,95
1175,13,96
1176,13,97
1177,13,98
1178,13,99
1179,13,100
1180,13,101
1181,13,102
1182,13,103
1183,13,104
1184,13,105
1185,13,106
1186,13,107
1187,13,108
1188,13,109
1189,13,110
1190,13,111
1191,13,112
1192,13,113
1193,13,114
1194,14,13
1195,14,14
1196,14,15
1197,14,16
1198,14,17
1199,14,18
1200,14,19
1201,14,20
1202,14,21
1203,14,22
1204,14,23
1205,14,24
1206,14,25
1207,14,26
1208,14,27
1209,14,28
1210,14,29
1211,14,30
1212,14,31
1213,14,32
1214,14,33
1215,14,34
1216,14,35
1217,14,36
1218,14,37
1219,14,38
1220,14,39
1221,14,40
1222,14,41
1223,14,42
1224,14,43
1225,14,44
1226,14,45
1227,14,46
1228,14,47
1229,14,48
1230,14,49
1231,14,50
1232,14,51
1233,14,52
1234,14,53
1235,14,54
1236,14,55
1237,14,56
1238,14,57
1239,14,58
1240,14,59
1241,14,60
1242,14,61
1243,14,62
1244,14,63
1245,14,64
1246,14,65
1247,14,66
1248,14,67
1249,14,68
1250,14,69
1251,14,70
1252,14,71
1253,14,72
1254,14,73
1255,14,74
1256,14,75
1257,14,76
1258,14,77
1259,14,78
1260,14,79
1261,14,80
1262,14,81
1263,14,82
1264,14,83
1265,14,84
1266,14,85
1267,14,86
1268,14,87
1269,14,88
1270,14,89
1271,14,90
1272,14,91
1273,14,92
1274,14,93
1275,14,94
1276,14,95
1277,14,96
1278,14,97
1279,14,98
1280,14,99
1281,14,100
1282,14,101
1283,14,102
1284,14,103
1285,14,104
1286,14,105
1287,14,106
1288,14,107
1289,14,108
1290,14,109
1291,14,110
1292,14,111
1293,14,112
1294,14,113
1295,14,114
1296,14,115
1297,15,12
1298,15,13
1299,15,14
1300,15,15
1301,15,16
1302,15,17
1303,15,18
1304,15,19
1305,15,20
1306,15,21
1307,15,22
1308,15,23
1309,15,24
1310,15,25
1311,15,26
1312,15,27
1313,15,28
1314,15,29
1315,15,30
1316,15,31
1317,15,32
1318,15,33
1319,15,34
1320,15,35
1321,15,36
1322,15,37
1323,15,38
1324,15,39
1325,15,40
1326,15,41
1327,15,42
1328,15,43
1329,15,44
1330,15,45
1331,15,46
1332,15,47
1333,15,48
1334,15,49
1335,15,50
1336,15,51
1337,15,52
1338,15,53
1339,15,54
1340,15,55
1341,15,56
1342,15,57
1343,15,58
1344,15,59
1345,15,60
1346,15,61
1347,15,62
1348,15,63
1349,15,64
1350,15,65
1351,15,66
1352,15,67
1353,15,68
1354,15,69
1355,15,70
1356,15,71
1357,15,72
1358,15,73
1359,15,74
1360,15,75
1361,15,76
1362,15,77
1363,15,78
1364,15,79
1365,15,80
1366,15,81
1367,15,82
1368,15,83
1369,15,84
1370,15,85
1371,15,86
1372,15,87
1373,15,88
1374,15,89
1375,15,90
1376,15,91
1377,15,92
1378,15,93
1379,15,94
1380,15,95
1381,15,96
1382,15,97
1383,15,98
1384,15,99
1385,15,100
1386,15,101
1387,15,102
1388,15,103
1389,15,104
1390,15,105
1391,15,106
1392,15,107
1393,15,108
1394,15,109
1395,15,110
1396,15,111
1397,15,112
1398,15,113
1399,15,114
1400,15,115
1401,15,116
1402,16,11
1403,16,12
1404,16,13
1405,16,14
1406,16,15
1407,16,16
1408,16,17
1409,16,18
1410,16,19
1411,16,20
1412,16,21
1413,16,22
1414,16,23
1415,16,24
1416,16,25
1417,16,26
1418,16,27
1419,16,28
1420,16,29
1421,16,30
1422,16,31
1423,16,32
1424,16,33
1425,16,34
1426,16,35
1427,16,36
1428,16,37
1429,16,38
1430,16,39
1431,16,40
1432,16,41
1433,16,42
1434,16,43
1435,16,44
1436,16,45
1437,16,46
1438,16,47
1439,16,48
1440,16,49
1441,16,50
1442,16,51
1443,16,52
1444,16,53
1445,16,54
1446,16,55
1447,16,56
1448,16,57
1449,16,58
1450,16,59
1451,16,60
1452,16,61
1453,16,62
1454,16,63
1455,16,64
1456,16,65
1457,16,66
1458,16,67
1459,16,68
1460,16,69
1461,16,70
1462,16,71
1463,16,72
1464,16,73
1465,16,74
1466,16,75
1467,16,76
1468,16,77
1469,16,78
1470,16,79
1471,16,80
1472,16,81
1473,16,82
1474,16,83
1475,16,84
1476,16,85
1477,16,86
1478,16,87
1479,16,88
1480,16,89
1481,16,90
1482,16,91
1483,16,92
1484,16,93
1485,16,94
1486,16,95
1487,16,96
1488,16,97
1489,16,98
1490,16,99
1491,16,100
1492,16,101
1493,16,102
1494,16,103
1495,16,104
1496,16,105
1497,16,106
1498,16,107
1499,16,108
1500,16,109
1501,16,110
1502,16,111
1503,16,112
1504,16,113
1505,16,114
1506,16,115
1507,16,116
1508,16,117
1509,17,10
1510,17,11
1511,17,12
1512,17,13
1513,17,14
1514,17,15
1515,17,16
1516,17,17
1517,17,18
1518,17,19
1519,17,20
1520,17,21
1521,17,22
1522,17,23
1523,17,24
1524,17,25
1525,17,26
1526,17,27
1527,17,28
1528,17,29
1529,17,30
1530,17,31
1531,17,32
1532,17,33
1533,17,34
1534,17,35
1535,17,36
1536,17,37
1537,17,38
1538,17,39
1539,17,40
1540,17,41
1541,17,42
1542,17,43
1543,17,44
1544,17,45
1545,17,46
1546,17,47
1547,17,48
1548,17,49
1549,17,50
1550,17,51
1551,17,52
1552,17,53
1553,17,54
1554,17,55
1555,17,56
1556,17,57
1557,17,58
1558,17,59
1559,17,60
1560,17,61
1561,17,62
1562,17,63
1563,17,64
1564,17,65
1565,17,66
1566,17,67
1567,17,68
1568,17,69
1569,17,70
1570,17,71
1571,17,72
1572,17,73
1573,17,74
1574,17,75
1575,17,76
1576,17,77
1577,17,78
1578,17,79
1579,17,80
1580,17,81
1581,17,82
1582,17,83
1583,17,84
1584,17,85
1585,17,86
1586,17,87
1587,17,88
1588,17,89
1589,17,90
1590,17,91
1591,17,92
1592,17,93
1593,17,94
1594,17,95
1595,17,96
1596,17,97
1597,17,98
1598,17,99
1599,17,100
1600,17,101
1601,17,102
1602,17,103
1603,17,104
1604,17,105
1605,17,106
1606,17,107
1607,17,108
1608,17,109
1609,17,110
1610,17,111
1611,17,112
1612,17,113
1613,17,114
1614,17,115
1615,17,116
1616,17,117
1617,17,118
1618,18,9
1619,18,10
1620,18,11
1621,18,12
1622,18,13
1623,18,14
1624,18,15
1625,18,16
1626,18,17
1627,18,18
1628,18,19
1629,18,20
1630,18,21
1631,18,22
1632,18,23
1633,18,24
1634,18,25
1635,18,26
1636,18,27
1637,18,28
1638,18,29
1639,18,30
1640,18,31
1641,18,32
1642,18,33
1643,18,34
1644,18,35
1645,18,36
1646,18,37
1647,18,38
1648,18,39
1649,18,40
1650,18,41
1651,18,42
1652,18,43
1653,18,44
1654,18,45
1655,18,46
1656,18,47
1657,18,48
1658,18,49
1659,18,50
1660,18,51
1661,18,52
1662,18,53
1663,18,54
1664,18,55
1665,18,56
1666,18,57
1667,18,58
1668,18,59
1669,18,60
1670,18,61
1671,18,62
1672,18,63
1673,18,64
1674,18,65
1675,18,66
1676,18,67
1677,18,68
1678,18,69
1679,18,70
1680,18,71
1681,18,72
1682,18,73
1683,18,74
1684,18,75
1685,18,76
1686,18,77
1687,18,78
1688,18,79
1689,18,80
1690,18,81
1691,18,82
1692,18,83
1693,18,84
1694,18,85
1695,18,86
1696,18,87
1697,18,88
1698,18,89
1699,18,90
1700,18,91
1701,18,92
1702,18,93
1703,18,94
1704,18,95
1705,18,96
1706,18,97
1707,18,98
1708,18,99
1709,18,100
1710,18,101
1711,18,102
1712,18,103
1713,18,104
1714,18,105
1715,18,106
1716,18,107
1717,18,108
1718,18,109
1719,18,110
1720,18,111
1721,18,112
1722,18,113
1723,18,114
1724,18,115
1725,18,116
1726,18,117
1727,18,118
1728,18,119
1729,19,8
1730,19,9
1731,19,10
1732,19,11
1733,19,12
1734,19,13
1735,19,14
1736,19,15
1737,19,16
1738,19,17
1739,19,18
1740,19,19
1741,19,20
1742,19,21
1743,19,22
1744,19,23
1745,19,24
1746,19,25
1747,19,26
1748,19,27
1749,19,28
1750,19,29
1751,19,30
1752,19,31
1753,19,32
1754,19,33
1755,19,34
1756,19,35
1757,19,36
1758,19,37
1759,19,38
1760,19,39
1761,19,40
1762,19,41
1763,19,42
1764,19,43
1765,19,44
1766,19,45
1767,19,46
1768,19,47
1769,19,48
1770,19,49
1771,19,50
1772,19,51
1773,19,52
1774,19,53
1775,19,54
1776,19,55
1777,19,56
1778,19,57
1779,19,58
1780,19,59
1781,19,60
1782,19,61
1783,19,62
1784,19,63
1785,19,64
1786,19,65
1787,19,66
1788,19,67
1789,19,68
1790,19,69
1791,19,70
1792,19,71
1793,19,72
1794,19,73
1795,19,74
1796,19,75
1797,19,76
1798,19,77
1799,19,78
1800,19,79
1801,19,80
1802,19,81
1803,19,82
1804,19,83
1805,19,84
1806,19,85
1807,19,86
1808,19,87
1809,19,88
1810,19,89
1811,19,90
1812,19,91
1813,19,92
1814,19,93
1815,19,94
1816,19,95
1817,19,96
1818,19,97
1819,19,98
1820,19,99
1821,19,100
1822,19,101
1823,19,102
1824,19,103
1825,19,104
1826,19,105
1827,19,106
1828,19,107
1829,19,108
1830,19,109
1831,19,110
1832,19,111
1833,19,112
1834,19,113
1835,19,114
1836,19,115
1837,19,116
1838,19,117
1839,19,118
1840,19,119
1841,19,120
1842,20,8
1843,20,9
1844,20,10
1845,20,11
1846,20,12
1847,20,13
1848,20,14
1849,20,15
1850,20,16
1851,20,17
1852,20,18
1853,20,19
1854,20,20
1855,20,21
1856,20,22
1857,20,23
1858,20,24
1859,20,25
1860,20,26
1861,20,27
1862,20,28
1863,20,29
1864,20,30
1865,20,31
1866,20,32
1867,20,33
1868,20,34
1869,20,35
1870,20,36
1871,20,37
1872,20,38
1873,20,39
1874,20,40
1875,20,41
1876,20,42
1877,20,43
1878,20,44
1879,20,45
1880,20,46
1881,20,47
1882,20,48
1883,20,49
1884,20,50
1885,20,51
1886,20,52
1887,20,53
1888,20,54
1889,20,55
1890,20,56
1891,20,57
1892,20,58
1893,20,59
1894,20,60
1895,20,61
1896,20,62
1897,20,63
1898,20,64
1899,20,65
1900,20,66
1901,20,67
1902,20,68
1903,20,69
1904,20,70
1905,20,71
1906,20,72
1907,20,73
1908,20,74
1909,20,75
1910,20,76
1911,20,77
1912,20,78
1913,20,79
1914,20,80
1915,20,81
1916,20,82
1917,20,83
1918,20,84
1919,20,85
1920,20,86
1921,20,87
1922,20,88
1923,20,89
1924,20,90
1925,20,91
1926,20,92
1927,20,93
1928,20,94
1929,20,95
1930,20,96
1931,20,97
1932,20,98
1933,20,99
1934,20,100
1935,20,101
1936,20,102
1937,20,103
1938,20,104
1939,20,105
1940,20,106
1941,20,107
1942,20,108
1943,20,109
1944,20,110
1945,20,111
1946,20,112
1947,20,113
1948,20,114
1949,20,115
1950,20,116
1951,20,117
1952,20,118
1953,20,119
1954,20,120
1955,21,7
1956,21,8
1957,21,9
1958,21,10
1959,21,11
1960,21,12
1961,21,13
1962,21,14
1963,21,15
1964,21,16
1965,21,17
1966,21,18
1967,21,19
1968,21,20
1969,21,21
1970,21,22
1971,21,23
1972,21,24
1973,21,25
1974,21,26
1975,21,27
1976,21,28
1977,21,29
1978,21,30
1979,21,31
1980,21,32
1981,21,33
1982,21,34
1983,21,35
1984,21,36
1985,21,37
1986,21,38
1987,21,39
1988,21,40
1989,21,41
1990,21,42
1991,21,43
1992,21,44
1993,21,45
1994,21,46
1995,21,47
1996,21,48
1997,21,49
1998,21,50
1999,21,51
2000,21,52
2001,21,53
2002,21,54
2003,21,55
2004,21,56
2005,21,57
2006,21,58
2007,21,59
2008,21,60
2009,21,61
2010,21,62
2011,21,63
2012,21,64
2013,21,65
2014,21,66
2015,21,67
2016,21,68
2017,21,69
2018,21,70
2019,21,71
2020,21,72
2021,21,73
2022,21,74
2023,21,75
2024,21,76
2025,21,77
2026,21,78
2027,21,79
2028,21,80
2029,21,81
2030,21,82
2031,21,83
2032,21,84
2033,21,85
2034,21,86
2035,21,87
2036,21,88
2037,21,89
2038,21,90
2039,21,91
2040,21,92
2041,21,93
2042,21,94
2043,21,95
2044,21,96
2045,21,97
2046,21,98
2047,21,99
2048,21,100
2049,21,101
2050,21,102
2051,21,103
2052,21,104
2053,21,105
2054,21,106
2055,21,107
2056,21,108
2057,21,109
2058,21,110
2059,21,111
2060,21,112
2061,21,113
2062,21,114
2063,21,115
2064,21,116
2065,21,117
2066,21,118
2067,21,119
2068,21,120
2069,21,121
2070,22,6
2071,22,7
2072,22,8
2073,22,9
2074,22,10
2075,22,11
2076,22,12
2077,22,13
2078,22,14
2079,22,15
2080,22,16
2081,22,17
2082,22,18
2083,22,19
2084,22,20
2085,22,21
2086,22,22
2087,22,23
2088,22,24
2089,22,25
2090,22,26
2091,22,27
2092,22,28
2093,22,29
2094,22,30
2095,22,31
2096,22,32
2097,22,33
2098,22,34
2099,22,35
2100,22,36
2101,22,37
2102,22,38
2103,22,39
2104,22,40
2105,22,41
2106,22,42
2107,22,43
2108,22,44
2109,22,45
2110,22,46
2111,22,47
2112,22,48
2113,22,49
2114,22,50
2115,22,51
2116,22,52
2117,22,53
2118,22,54
2119,22,55
2120,22,56
2121,22,57
2122,22,58
2123,22,59
2124,22,60
2125,22,61
2126,22,62
2127,22,63
2128,22,64
2129,22,65
2130,22,66
2131,22,67
2132,22,68
2133,22,69
2134,22,70
2135,22,71
2136,22,72
2137,22,73
2138,22,74
2139,22,75
2140,22,76
2141,22,77
2142,22,78
2143,22,79
2144,22,80
2145,22,81
2146,22,82
2147,22,83
2148,22,84
2149,22,85
2150,22,86
2151,22,87
2152,22,88
2153,22,89
2154,22,90
2155,22,91
2156,22,92
2157,22,93
2158,22,94
2159,22,95
2160,22,96
2161,22,97
2162,22,98
2163,22,99
2164,22,100
2165,22,101
2166,22,102
2167,22,103
2168,22,104
2169,22,105
2170,22,106
2171,22,107
2172,22,108
2173,22,109
2174,22,110
2175,22,111
2176,22,112
2177,22,113
2178,22,114
2179,22,115
2180,22,116
2181,22,117
2182,22,118
2183,22,119
2184,22,120
2185,22,121
2186,22,122
2187,23,5
2188,23,6
2189,23,7
2190,23,8
2191,23,9
2192,23,10
2193,23,11
2194,23,12
2195,23,13
2196,23,14
2197,23,15
2198,23,16
2199,23,17
2200,23,18
2201,23,19
2202,23,20
2203,23,21
2204,23,22
2205,23,23
2206,23,24
2207,23,25
2208,23,26
2209,23,27
2210,23,28
2211,23,29
2212,23,30
2213,23,31
2214,23,32
2215,23,33
2216,23,34
2217,23,35
2218,23,36
2219,23,37
2220,23,38
2221,23,39
2222,23,40
2223,23,41
2224,23,42
2225,23,43
2226,23,44
2227,23,45
2228,23,46
2229,23,47
2230,23,48
2231,23,49
2232,23,50
2233,23,51
2234,23,52
2235,23,53
2236,23,54
2237,23,55
2238,23,56
2239,23,57
2240,23,58
2241,23,59
2242,23,60
2243,23,61
2244,23,62
2245,23,63
2246,23,64
2247,23,65
2248,23,66
2249,23,67
2250,23,68
2251,23,69
2252,23,70
2253,23,71
2254,23,72
2255,23,73
2256,23,74
2257,23,75
2258,23,76
2259,23,77
2260,23,78
2261,23,79
2262,23,80
2263,23,81
2264,23,82
2265,23,83
2266,23,84
2267,23,85
2268,23,86
2269,23,87
2270,23,88
2271,23,89
2272,23,90
2273,23,91
2274,23,92
2275,23,93
2276,23,94
2277,23,95
2278,23,96
2279,23,97
2280,23,98
2281,23,99
2282,23,100
2283,23,101
2284,23,102
2285,23,103
2286,23,104
2287,23,105
2288,23,106
2289,23,107
2290,23,108
2291,23,109
2292,23,110
2293,23,111
2294,23,112
2295,23,113
2296,23,114
2297,23,115
2298,23,116
2299,23,117
2300,23,118
2301,23,119
2302,23,120
2303,23,121
2304,23,122
2305,23,123
2306,24,5
2307,24,6
2308,24,7
2309,24,8
2310,24,9
2311,24,10
2312,24,11
2313,24,12
2314,24,13
2315,24,14
2316,24,15
2317,24,16
2318,24,17
2319,24,18
2320,24,19
2321,24,20
2322,24,21
2323,24,22
2324,24,23
2325,24,24
2326,24,25
2327,24,26
2328,24,27
2329,24,28
2330,24,29
2331,24,30
2332,24,31
2333,24,32
2334,24,33
2335,24,34
2336,24,35
2337,24,36
2338,24,37
2339,24,38
2340,24,39
2341,24,40
2342,24,41
2343,24,42
2344,24,43
2345,24,44
2346,24,45
2347,24,46
2348,24,47
2349,24,48
2350,24,49
2351,24,50
2352,24,51
2353,24,52
2354,24,53
2355,24,54
2356,24,55
2357,24,56
2358,24,57
2359,24,58
2360,24,59
2361,24,60
2362,24,61
2363,24,62
2364,24,63
2365,24,64
2366,24,65
2367,24,66
2368,24,67
2369,24,68
2370,24,69
2371,24,70
2372,24,71
2373,24,72
2374,24,73
2375,24,74
2376,24,75
2377,24,76
2378,24,77
2379,24,78
2380,24,79
2381,24,80
2382,24,81
2383,24,82
2384,24,83
2385,24,84
2386,24,85
2387,24,86
2388,24,87
2389,24,88
2390,24,89
2391,24,90
2392,24,91
2393,24,92
2394,24,93
2395,24,94
2396,24,95
2397,24,96
2398,24,97
2399,24,98
2400,24,99
2401,24,100
2402,24,101
2403,24,102
2404,24,103
2405,24,104
2406,24,105
2407,24,106
2408,24,107
2409,24,108
2410,24,109
2411,24,110
2412,24,111
2413,24,112
2414,24,113
2415,24,114
2416,24,115
2417,24,116
2418,24,117
2419,24,118
2420,24,119
2421,24,120
2422,24,121
2423,24,122
2424,24,123
2425,25,4
2426,25,5
2427,25,6
2428,25,7
2429,25,8
2430,25,9
2431,25,10
2432,25,11
2433,25,12
2434,25,13
2435,25,14
2436,25,15
2437,25,16
2438,25,17
2439,25,18
2440,25,19
2441,25,20
2442,25,21
2443,25,22
2444,25,23
2445,25,24
2446,25,25
2447,25,26
2448,25,27
2449,25,28
2450,25,29
2451,25,30
2452,25,31
2453,25,32
2454,25,33
2455,25,34
2456,25,35
2457,25,36
2458,25,37
2459,25,38
2460,25,39
2461,25,40
2462,25,41
2463,25,42
2464,25,43
2465,25,44
2466,25,45
2467,25,46
2468,25,47
2469,25,48
2470,25,49
2471,25,50
2472,25,51
2473,25,52
2474,25,53
2475,25,54
2476,25,55
2477,25,56
2478,25,57
2479,25,58
2480,25,59
2481,25,60
2482,25,61
2483,25,62
2484,25,63
2485,25,64
2486,25,65
2487,25,66
2488,25,67
2489,25,68
2490,25,69
2491,25,70
2492,25,71
2493,25,72
2494,25,73
2495,25,74
2496,25,75
2497,25,76
2498,25,77
2499,25,78
2500,25,79
2501,25,80
2502,25,81
2503,25,82
2504,25,83
2505,25,84
2506,25,85
2507,25,86
2508,25,87
2509,25,88
2510,25,89
2511,25,90
2512,25,91
2513,25,92
2514,25,93
2515,25,94
2516,25,95
2517,25,96
2518,25,97
2519,25,98
2520,25,99
2521,25,100
2522,25,101
2523,25,102
2524,25,103
2525,25,104
2526,25,105
2527,25,106
2528,25,107
2529,25,108
2530,25,109
2531,25,110
2532,25,111
2533,25,112
2534,25,113
2535,25,114
2536,25,115
2537,25,116
2538,25,117
2539,25,118
2540,25,119
2541,25,120
2542,25,121
2543,25,122
2544,25,123
2545,25,124
2546,26,3
2547,26,4
2548,26,5
2549,26,6
2550,26,7
2551,26,8
2552,26,9
2553,26,10
2554,26,11
2555,26,12
2556,26,13
2557,26,14
2558,26,15
2559,26,16
2560,26,17
2561,26,18
2562,26,19
2563,26,20
2564,26,21
2565,26,22
2566,26,23
2567,26,24
2568,26,25
2569,26,26
2570,26,27
2571,26,28
2572,26,29
2573,26,30
2574,26,31
2575,26,32
2576,26,33
2577,26,34
2578,26,35
2579,26,36
2580,26,37
2581,26,38
2582,26,39
2583,26,40
2584,26,41
2585,26,42
2586,26,43
2587,26,44
2588,26,45
2589,26,46
2590,26,47
2591,26,48
2592,26,49
2593,26,50
2594,26,51
2595,26,52
2596,26,53
2597,26,54
2598,26,55
2599,26,56
2600,26,57
2601,26,58
2602,26,59
2603,26,60
2604,26,61
2605,26,62
2606,26,63
2607,26,64
2608,26,65
2609,26,66
2610,26,67
2611,26,68
2612,26,69
2613,26,70
2614,26,71
2615,26,72
2616,26,73
2617,26,74
2618,26,75
2619,26,76
2620,26,77
2621,26,78
2622,26,79
2623,26,80
2624,26,81
2625,26,82
2626,26,83
2627,26,84
2628,26,85
2629,26,86
2630,26,87
2631,26,88
2632,26,89
2633,26,90
2634,26,91
2635,26,92
2636,26,93
2637,26,94
2638,26,95
2639,26,96
2640,26,97
2641,26,98
2642,26,99
2643,26,100
2644,26,101
2645,26,102
2646,26,103
2647,26,104
2648,26,105
2649,26,106
2650,26,107
2651,26,108
2652,26,109
2653,26,110
2654,26,111
2655,26,112
2656,26,113
2657,26,114
2658,26,115
2659,26,116
2660,26,117
2661,26,118
2662,26,119
2663,26,120
2664,26,121
2665,26,122
2666,26,123
2667,26,124
2668,26,125
2669,27,3
2670,27,4
2671,27,5
2672,27,6
2673,27,7
2674,27,8
2675,27,9
2676,27,10
2677,27,11
2678,27,12
2679,27,13
2680,27,14
2681,27,15
2682,27,16
2683,27,17
2684,27,18
2685,27,19
2686,27,20
2687,27,21
2688,27,22
2689,27,23
2690,27,24
2691,27,25
2692,27,26
2693,27,27
2694,27,28
2695,27,29
2696,27,30
2697,27,31
2698,27,32
2699,27,33
2700,27,34
2701,27,35
2702,27,36
2703,27,37
2704,27,38
2705,27,39
2706,27,40
2707,27,41
2708,27,42
2709,27,43
2710,27,44
2711,27,45
2712,27,46
2713,27,47
2714,27,48
2715,27,49
2716,27,50
2717,27,51
2718,27,52
2719,27,53
2720,27,54
2721,27,55
2722,27,56
2723,27,57
2724,27,58
2725,27,59
2726,27,60
2727,27,61
2728,27,62
2729,27,63
2730,27,64
2731,27,65
2732,27,66
2733,27,67
2734,27,68
2735,27,69
2736,27,70
2737,27,71
2738,27,72
2739,27,73
2740,27,74
2741,27,75
2742,27,76
2743,27,77
2744,27,78
2745,27,79
2746,27,80
2747,27,81
2748,27,82
2749,27,83
2750,27,84
2751,27,85
2752,27,86
2753,27,87
2754,27,88
2755,27,89
2756,27,90
2757,27,91
2758,27,92
2759,27,93
2760,27,94
2761,27,95
2762,27,96
2763,27,97
2764,27,98
2765,27,99
2766,27,100
2767,27,101
2768,27,102
2769,27,103
2770,27,104
2771,27,105
2772,27,106
2773,27,107
2774,27,108
2775,27,109
2776,27,110
2777,27,111
2778,27,112
2779,27,113
2780,27,114
2781,27,115
2782,27,116
2783,27,117
2784,27,118
2785,27,119
2786,27,120
2787,27,121
2788,27,122
2789,27,123
2790,27,124
2791,27,125
2792,28,2
2793,28,3
2794,28,4
2795,28,5
2796,28,6
2797,28,7
2798,28,8
2799,28,9
2800,28,10
2801,28,11
2802,28,12
2803,28,13
2804,28,14
2805,28,15
2806,28,16
2807,28,17
2808,28,18
2809,28,19
2810,28,20
2811,28,21
2812,28,22
2813,28,23
2814,28,24
2815,28,25
2816,28,26
2817,28,27
2818,28,28
2819,28,29
2820,28,30
2821,28,31
2822,28,32
2823,28,33
2824,28,34
2825,28,35
2826,28,36
2827,28,37
2828,28,38
2829,28,39
2830,28,40
2831,28,41
2832,28,42
2833,28,43
2834,28,44
2835,28,45
2836,28,46
2837,28,47
2838,28,48
2839,28,49
2840,28,50
2841,28,51
2842,28,52
2843,28,53
2844,28,54
2845,28,55
2846,28,56
2847,28,57
2848,28,58
2849,28,59
2850,28,60
2851,28,61
2852,28,62
2853,28,63
2854,28,64
2855,28,65
2856,28,66
2857,28,67
2858,28,68
2859,28,69
2860,28,70
2861,28,71
2862,28,72
2863,28,73
2864,28,74
2865,28,75
2866,28,76
2867,28,77
2868,28,78
2869,28,79
2870,28,80
2871,28,81
2872,28,82
2873,28,83
2874,28,84
2875,28,85
2876,28,86
2877,28,87
2878,28,88
2879,28,89
2880,28,90
2881,28,91
2882,28,92
2883,28,93
2884,28,94
2885,28,95
2886,28,96
2887,28,97
2888,28,98
2889,28,99
2890,28,100
2891,28,101
2892,28,102
2893,28,103
2894,28,104
2895,28,105
2896,28,106
2897,28,107
2898,28,108
2899,28,109
2900,28,110
2901,28,111
2902,28,112
2903,28,113
2904,28,114
2905,28,115
2906,28,116
2907,28,117
2908,28,118
2909,28,119
2910,28,120
2911,28,121
2912,28,122
2913,28,123
2914,28,124
2915,28,125
2916,28,126
2917,29,2
2918,29,3
2919,29,4
2920,29,5
2921,29,6
2922,29,7
2923,29,8
2924,29,9
2925,29,10
2926,29,11
2927,29,12
2928,29,13
2929,29,14
2930,29,15
2931,29,16
2932,29,17
2933,29,18
2934,29,19
2935,29,20
2936,29,21
2937,29,22
2938,29,23
2939,29,24
2940,29,25
2941,29,26
2942,29,27
2943,29,28
2944,29,29
2945,29,30
2946,29,31
2947,29,32
2948,29,33
2949,29,34
2950,29,35
2951,29,36
2952,29,37
2953,29,38
2954,29,39
2955,29,40
2956,29,41
2957,29,42
2958,29,43
2959,29,44
2960,29,45
2961,29,46
2962,29,47
2963,29,48
2964,29,49
2965,29,50
2966,29,51
2967,29,52
2968,29,53
2969,29,54
2970,29,55
2971,29,56
2972,29,57
2973,29,58
2974,29,59
2975,29,60
2976,29,61
2977,29,62
2978,29,63
2979,29,64
2980,29,65
2981,29,66
2982,29,67
2983,29,68
2984,29,69
2985,29,70
2986,29,71
2987,29,72
2988,29,73
2989,29,74
2990,29,75
2991,29,76
2992,29,77
2993,29,78
2994,29,79
2995,29,80
2996,29,81
2997,29,82
2998,29,83
2999,29,84
3000,29,85
3001,29,86
3002,29,87
3003,29,88
3004,29,89
3005,29,90
3006,29,91
3007,29,92
3008,29,93
3009,29,94
3010,29,95
3011,29,96
3012,29,97
3013,29,98
3014,29,99
3015,29,100
3016,29,101
3017,29,102
3018,29,103
3019,29,104
3020,29,105
3021,29,106
3022,29,107
3023,29,108
3024,29,109
3025,29,110
3026,29,111
3027,29,112
3028,29,113
3029,29,114
3030,29,115
3031,29,116
3032,29,117
3033,29,118
3034,29,119
3035,29,120
3036,29,121
3037,29,122
3038,29,123
3039,29,124
3040,29,125
3041,29,126
3042,30,1
3043,30,2
3044,30,3
3045,30,4
3046,30,5
3047,30,6
3048,30,7
3049,30,8
3050,30,9
3051,30,10
3052,30,11
3053,30,12
3054,30,13
3055,30,14
3056,30,15
3057,30,16
3058,30,17
3059,30,18
3060,30,19
3061,30,20
3062,30,21
3063,30,22
3064,30,23
3065,30,24
3066,30,25
3067,30,26
3068,30,27
3069,30,28
3070,30,29
3071,30,30
3072,30,31
3073,30,32
3074,30,33
3075,30,34
3076,30,35
3077,30,36
3078,30,37
3079,30,38
3080,30,39
3081,30,40
3082,30,41
3083,30,42
3084,30,43
3085,30,44
3086,30,45
3087,30,46
3088,30,47
3089,30,48
3090,30,49
3091,30,50
3092,30,51
3093,30,52
3094,30,53
3095,30,54
3096,30,55
3097,30,56
3098,30,57
3099,30,58
3100,30,59
3101,30,60
3102,30,61
3103,30,62
3104,30,63
3105,30,64
3106,30,65
3107,30,66
3108,30,67
3109,30,68
3110,30,69
3111,30,70
3112,30,71
3113,30,72
3114,30,73
3115,30,74
3116,30,75
3117,30,76
3118,30,77
3119,30,78
3120,30,79
3121,30,80
3122,30,81
3123,30,82
3124,30,83
3125,30,84
3126,30,85
3127,30,86
3128,30,87
3129,30,88
3130,30,89
3131,30,90
3132,30,91
3133,30,92
3134,30,93
3135,30,94
3136,30,95
3137,30,96
3138,30,97
3139,30,98
3140,30,99
3141,30,100
3142,30,101
3143,30,102
3144,30,103
3145,30,104
3146,30,105
3147,30,106
3148,30,107
3149,30,108
3150,30,109
3151,30,110
3152,30,111
3153,30,112
3154,30,113
3155,30,114
3156,30,115
3157,30,116
3158,30,117
3159,30,118
3160,30,119
3161,30,120
3162,30,121
3163,30,122
3164,30,123
3165,30,124
3166,30,125
3167,30,126
3168,30,127
3169,31,1
3170,31,2
3171,31,3
3172,31,4
3173,31,5
3174,31,6
3175,31,7
3176,31,8
3177,31,9
3178,31,10
3179,31,11
3180,31,12
3181,31,13
3182,31,14
3183,31,15
3184,31,16
3185,31,17
3186,31,18
3187,31,19
3188,31,20
3189,31,21
3190,31,22
3191,31,23
3192,31,24
3193,31,25
3194,31,26
3195,31,27
3196,31,28
3197,31,29
3198,31,30
3199,31,31
3200,31,32
3201,31,33
3202,31,34
3203,31,35
3204,31,36
3205,31,37
3206,31,38
3207,31,39
3208,31,40
3209,31,41
3210,31,42
3211,31,43
3212,31,44
3213,31,45
3214,31,46
3215,31,47
3216,31,48
3217,31,49
3218,31,50
3219,31,51
3220,31,52
3221,31,53
3222,31,54
3223,31,55
3224,31,56
3225,31,57
3226,31,58
3227,31,59
3228,31,60
3229,31,61
3230,31,62
3231,31,63
3232,31,64
3233,31,65
3234,31,66
3235,31,67
3236,31,68
3237,31,69
3238,31,70
3239,31,71
3240,31,72
3241,31,73
3242,31,74
3243,31,75
3244,31,76
3245,31,77
3246,31,78
3247,31,79
3248,31,80
3249,31,81
3250,31,82
3251,31,83
3252,31,84
3253,31,85
3254,31,86
3255,31,87
3256,31,88
3257,31,89
3258,31,90
3259,31,91
3260,31,92
3261,31,93
3262,31,94
3263,31,95
3264,31,96
3265,31,97
3266,31,98
3267,31,99
3268,31,100
3269,31,101
3270,31,102
3271,31,103
3272,31,104
3273,31,105
3274,31,106
3275,31,107
3276,31,108
3277,31,109
3278,31,110
3279,31,111
3280,31,112
3281,31,113
3282,31,114
3283,31,115
3284,31,116
3285,31,117
3286,31,118
3287,31,119
3288,31,120
3289,31,121
3290,31,122
3291,31,123
3292,31,124
3293,31,125
3294,31,126
3295,31,127
3296,32,0
3297,32,1
3298,32,2
3299,32,3
3300,32,4
3301,32,5
3302,32,6
3303,32,7
3304,32,8
3305,32,9
3306,32,10
3307,32,11
3308,32,12
3309,32,13
3310,32,14
3311,32,15
3312,32,16
3313,32,17
3314,32,18
3315,32,19
3316,32,20
3317,32,21
3318,32,22
3319,32,23
3320,32,24
3321,32,25
3322,32,26
3323,32,27
3324,32,28
3325,32,29
3326,32,30
3327,32,31
3328,32,32
3329,32,33
3330,32,34
3331,32,35
3332,32,36
3333,32,37
3334,32,38
3335,32,39
3336,32,40
3337,32,41
3338,32,42
3339,32,43
3340,32,44
3341,32,45
3342,32,46
3343,32,47
3344,32,48
3345,32,49
3346,32,50
3347,32,51
3348,32,52
3349,32,53
3350,32,54
3351,32,55
3352,32,56
3353,32,57
3354,32,58
3355,32,59
3356,32,60
3357,32,61
3358,32,62
3359,32,63
3360,32,64
3361,32,65
3362,32,66
3363,32,67
3364,32,68
3365,32,69
3366,32,70
3367,32,71
3368,32,72
3369,32,73
3370,32,74
3371,32,75
3372,32,76
3373,32,77
3374,32,78
3375,32,79
3376,32,80
3377,32,81
3378,32,82
3379,32,83
3380,32,84
3381,32,85
3382,32,86
3383,32,87
3384,32,88
3385,32,89
3386,32,90
3387,32,91
3388,32,92
3389,32,93
3390,32,94
3391,32,95
3392,32,96
3393,32,97
3394,32,98
3395,32,99
3396,32,100
3397,32,101
3398,32,102
3399,32,103
3400,32,104
3401,32,105
3402,32,106
3403,32,107
3404,32,108
3405,32,109
3406,32,110
3407,32,111
3408,32,112
3409,32,113
3410,32,114
3411,32,115
3412,32,116
3413,32,117
3414,32,118
3415,32,119
3416,32,120
3417,32,121
3418,32,122
3419,32,123
3420,32,124
3421,32,125
3422,32,126
3423,32,127
3424,33,0
3425,33,1
3426,33,2
3427,33,3
3428,33,4
3429,33,5
3430,33,6
3431,33,7
3432,33,8
3433,33,9
3434,33,10
3435,33,11
3436,33,12
3437,33,13
3438,33,14
3439,33,15
3440,33,16
3441,33,17
3442,33,18
3443,33,19
3444,33,20
3445,33,21
3446,33,22
3447,33,23
3448,33,24
3449,33,25
3450,33,26
3451,33,27
3452,33,28
3453,33,29
3454,33,30
3455,33,31
3456,33,32
3457,33,33
3458,33,34
3459,33,35
3460,33,36
3461,33,37
3462,33,38
3463,33,39
3464,33,40
3465,33,41
3466,33,42
3467,33,43
3468,33,44
3469,33,45
3470,33,46
3471,33,47
3472,33,48
3473,33,49
3474,33,50
3475,33,51
3476,33,52
3477,33,53
3478,33,54
3479,33,55
3480,33,56
3481,33,57
3482,33,58
3483,33,59
3484,33,60
3485,33,61
3486,33,62
3487,33,63
3488,33,64
3489,33,65
3490,33,66
3491,33,67
3492,33,68
3493,33,69
3494,33,70
3495,33,71
3496,33,72
3497,33,73
3498,33,74
3499,33,75
3500,33,76
3501,33,77
3502,33,78
3503,33,79
3504,33,80
3505,33,81
3506,33,82
3507,33,83
3508,33,84
3509,33,85
3510,33,86
3511,33,87
3512,33,88
3513,33,89
3514,33,90
3515,33,91
3516,33,92
3517,33,93
3518,33,94
3519,33,95
3520,33,96
3521,33,97
3522,33,98
3523,33,99
3524,33,100
3525,33,101
3526,33,102
3527,33,103
3528,33,104
3529,33,105
3530,33,106
3531,33,107
3532,33,108
3533,33,109
3534,33,110
3535,33,111
3536,33,112
3537,33,113
3538,33,114
3539,33,115
3540,33,116
3541,33,117
3542,33,118
3543,33,119
3544,33,120
3545,33,121
3546,33,122
3547,33,123
3548,33,124
3549,33,125
3550,33,126
3551,33,127
3552,34,0
3553,34,1
3554,34,2
3555,34,3
3556,34,4
3557,34,5
3558,34,6
3559,34,7
3560,34,8
3561,34,9
3562,34,10
3563,34,11
3564,34,12
3565,34,13
3566,34,14
3567,34,15
3568,34,16
3569,34,17
3570,34,18
3571,34,19
3572,34,20
3573,34,21
3574,34,22
3575,34,23
3576,34,24
3577,34,25
3578,34,26
3579,34,27
3580,34,28
3581,34,29
3582,34,30
3583,34,31
3584,34,32
3585,34,33
3586,34,34
3587,34,35
3588,34,36
3589,34,37
3590,34,38
3591,34,39
3592,34,40
3593,34,41
3594,34,42
3595,34,43
3596,34,44
3597,34,45
3598,34,46
3599,34,47
3600,34,48
3601,34,49
3602,34,50
3603,34,51
3604,34,52
3605,34,53
3606,34,54
3607,34,55
3608,34,56
3609,34,57
3610,34,58
3611,34,59
3612,34,60
3613,34,61
3614,34,62
3615,34,63
3616,34,64
3617,34,65
3618,34,66
3619,34,67
3620,34,68
3621,34,69
3622,34,70
3623,34,71
3624,34,72
3625,34,73
3626,34,74
3627,34,75
3628,34,76
3629,34,77
3630,34,78
3631,34,79
3632,34,80
3633,34,81
3634,34,82
3635,34,83
3636,34,84
3637,34,85
3638,34,86
3639,34,87
3640,34,88
3641,34,89
3642,34,90
3643,34,91
3644,34,92
3645,34,93
3646,34,94
3647,34,95
3648,34,96
3649,34,97
3650,34,98
3651,34,99
3652,34,100
3653,34,101
3654,34,102
3655,34,103
3656,34,104
3657,34,105
3658,34,106
3659,34,107
3660,34,108
3661,34,109
3662,34,110
3663,34,111
3664,34,112
3665,34,113
3666,34,114
3667,34,115
3668,34,116
3669,34,117
3670,34,118
3671,34,119
3672,34,120
3673,34,121
3674,34,122
3675,34,123
3676,34,124
3677,34,125
3678,34,126
3679,34,127
3680,35,0
3681,35,1
3682,35,2
3683,35,3
3684,35,4
3685,35,5
3686,35,6
3687,35,7
3688,35,8
3689,35,9
3690,35,10
3691,35,11
3692,35,12
3693,35,13
3694,35,14
3695,35,15
3696,35,16
3697,35,17
3698,35,18
3699,35,19
3700,35,20
3701,35,21
3702,35,22
3703,35,23
3704,35,24
3705,35,25
3706,35,26
3707,35,27
3708,35,28
3709,35,29
3710,35,30
3711,35,31
3712,35,32
3713,35,33
3714,35,34
3715,35,35
3716,35,36
3717,35,37
3718,35,38
3719,35,39
3720,35,40
3721,35,41
3722,35,42
3723,35,43
3724,35,44
3725,35,45
3726,35,46
3727,35,47
3728,35,48
3729,35,49
3730,35,50
3731,35,51
3732,35,52
3733,35,53
3734,35,54
3735,35,55
3736,35,56
3737,35,57
3738,35,58
3739,35,59
3740,35,60
3741,35,61
3742,35,62
3743,35,63
3744,35,64
3745,35,65
3746,35,66
3747,35,67
3748,35,68
3749,35,69
3750,35,70
3751,35,71
3752,35,72
3753,35,73
3754,35,74
3755,35,75
3756,35,76
3757,35,77
3758,35,78
3759,35,79
3760,35,80
3761,35,81
3762,35,82
3763,35,83
3764,35,84
3765,35,85
3766,35,86
3767,35,87
3768,35,88
3769,35,89
3770,35,90
3771,35,91
3772,35,92
3773,35,93
3774,35,94
3775,35,95
3776,35,96
3777,35,97
3778,35,98
3779,35,99
3780,35,100
3781,35,101
3782,35,102
3783,35,103
3784,35,104
3785,35,105
3786,35,106
3787,35,107
3788,35,108
3789,35,109
3790,35,110
3791,35,111
3792,35,112
3793,35,113
3794,35,114
3795,35,115
3796,35,116
3797,35,117
3798,35,118
3799,35,119
3800,35,120
3801,35,121
3802,35,122
3803,35,123
3804,35,124
3805,35,125
3806,35,126
3807,35,127
3808,36,0
3809,36,1
3810,36,2
3811,36,3
3812,36,4
3813,36,5
3814,36,6
3815,36,7
3816,36,8
3817,36,9
3818,36,10
3819,36,11
3820,36,12
3821,36,13
3822,36,14
3823,36,15
3824,36,16
3825,36,17
3826,36,18
3827,36,19
3828,36,20
3829,36,21
3830,36,22
3831,36,23
3832,36,24
3833,36,25
3834,36,26
3835,36,27
3836,36,28
3837,36,29
3838,36,30
3839,36,31
3840,36,32
3841,36,33
3842,36,34
3843,36,35
3844,36,36
3845,36,37
3846,36,38
3847,36,39
3848,36,40
3849,36,41
3850,36,42
3851,36,43
3852,36,44
3853,36,45
3854,36,46
3855,36,47
3856,36,48
3857,36,49
3858,36,50
3859,36,51
3860,36,52
3861,36,53
3862,36,54
3863,36,55
3864,36,56
3865,36,57
3866,36,58
3867,36,59
3868,36,60
3869,36,61
3870,36,62
3871,36,63
3872,36,64
3873,36,65
3874,36,66
3875,36,67
3876,36,68
3877,36,69
3878,36,70
3879,36,71
3880,36,72
3881,36,73
3882,36,74
3883,36,75
3884,36,76
3885,36,77
3886,36,78
3887,36,79
3888,36,80
3889,36,81
3890,36,82
3891,36,83
3892,36,84
3893,36,85
3894,36,86
3895,36,87
3896,36,88
3897,36,89
3898,36,90
3899,36,91
3900,36,92
3901,36,93
3902,36,94
3903,36,95
3904,36,96
3905,36,97
3906,36,98
3907,36,99
3908,36,100
3909,36,101
3910,36,102
3911,36,103
3912,36,104
3913,36,105
3914,36,106
3915,36,107
3916,36,108
3917,36,109
3918,36,110
3919,36,111
3920,36,112
3921,36,113
3922,36,114
3923,36,115
3924,36,116
3925,36,117
3926,36,118
3927,36,119
3928,36,120
3929,36,121
3930,36,122
3931,36,123
3932,36,124
3933,36,125
3934,36,126
3935,36,127
3936,37,0
3937,37,1
3938,37,2
3939,37,3
3940,37,4
3941,37,5
3942,37,6
3943,37,7
3944,37,8
3945,37,9
3946,37,10
3947,37,11
3948,37,12
3949,37,13
3950,37,14
3951,37,15
3952,37,16
3953,37,17
3954,37,18
3955,37,19
3956,37,20
3957,37,21
3958,37,22
3959,37,23
3960,37,24
3961,37,25
3962,37,26
3963,37,27
3964,37,28
3965,37,29
3966,37,30
3967,37,31
3968,37,32
3969,37,33
3970,37,34
3971,37,35
3972,37,36
3973,37,37
3974,37,38
3975,37,39
3976,37,40
3977,37,41
3978,37,42
3979,37,43
3980,37,44
3981,37,45
3982,37,46
3983,37,47
3984,37,48
3985,37,49
3986,37,50
3987,37,51
3988,37,52
3989,37,53
3990,37,54
3991,37,55
3992,37,56
3993,37,57
3994,37,58
3995,37,59
3996,37,60
3997,37,61
3998,37,62
3999,37,63
4000,37,64
4001,37,65
4002,37,66
4003,37,67
4004,37,68
4005,37,69
4006,37,70
4007,37,71
4008,37,72
4009,37,73
4010,37,74
4011,37,75
4012,37,76
4013,37,77
4014,37,78
4015,37,79
4016,37,80
4017,37,81
4018,37,82
4019,37,83
4020,37,84
4021,37,85
4022,37,86
4023,37,87
4024,37,88
4025,37,89
4026,37,90
4027,37,91
4028,37,92
4029,37,93
4030,37,94
4031,37,95
4032,37,96
4033,37,97
4034,37,98
4035,37,99
4036,37,100
4037,37,101
4038,37,102
4039,37,103
4040,37,104
4041,37,105
4042,37,106
4043,37,107
4044,37,108
4045,37,109
4046,37,110
4047,37,111
4048,37,112
4049,37,113
4050,37,114
4051,37,115
4052,37,116
4053,37,117
4054,37,118
4055,37,119
4056,37,120
4057,37,121
4058,37,122
4059,37,123
4060,37,124
4061,37,125
4062,37,126
4063,37,127
4064,38,0
4065,38,1
4066,38,2
4067,38,3
4068,38,4
4069,38,5
4070,38,6
4071,38,7
4072,38,8
4073,38,9
4074,38,10
4075,38,11
4076,38,12
4077,38,13
4078,38,14
4079,38,15
4080,38,16
4081,38,17
4082,38,18
4083,38,19
4084,38,20
4085,38,21
4086,38,22
4087,38,23
4088,38,24
4089,38,25
4090,38,26
4091,38,27
4092,38,28
4093,38,29
4094,38,30
4095,38,31
4096,38,32
4097,38,33
4098,38,34
4099,38,35
4100,38,36
4101,38,37
4102,38,38
4103,38,39
4104,38,40
4105,38,41
4106,38,42
4107,38,43
4108,38,44
4109,38,45
4110,38,46
4111,38,47
4112,38,48
4113,38,49
4114,38,50
4115,38,51
4116,38,52
4117,38,53
4118,38,54
4119,38,55
4120,38,56
4121,38,57
4122,38,58
4123,38,59
4124,38,60
4125,38,61
4126,38,62
4127,38,63
4128,38,64
4129,38,65
4130,38,66
4131,38,67
4132,38,68
4133,38,69
4134,38,70
4135,38,71
4136,38,72
4137,38,73
4138,38,74
4139,38,75
4140,38,76
4141,38,77
4142,38,78
4143,38,79
4144,38,80
4145,38,81
4146,38,82
4147,38,83
4148,38,84
4149,38,85
4150,38,86
4151,38,87
4152,38,88
4153,38,89
4154,38,90
4155,38,91
4156,38,92
4157,38,93
4158,38,94
4159,38,95
4160,38,96
4161,38,97
4162,38,98
4163,38,99
4164,38,100
4165,38,101
4166,38,102
4167,38,103
4168,38,104
4169,38,105
4170,38,106
4171,38,107
4172,38,108
4173,38,109
4174,38,110
4175,38,111
4176,38,112
4177,38,113
4178,38,114
4179,38,115
4180,38,116
4181,38,117
4182,38,118
4183,38,119
4184,38,120
4185,38,121
4186,38,122
4187,38,123
4188,38,124
4189,38,125
4190,38,126
4191,38,127
4192,39,0
4193,39,1
4194,39,2
4195,39,3
4196,39,4
4197,39,5
4198,39,6
4199,39,7
4200,39,8
4201,39,9
4202,39,10
4203,39,11
4204,39,12
4205,39,13
4206,39,14
4207,39,15
4208,39,16
4209,39,17
4210,39,18
4211,39,19
4212,39,20
4213,39,21
4214,39,22
4215,39,23
4216,39,24
4217,39,25
4218,39,26
4219,39,27
4220,39,28
4221,39,29
4222,39,30
4223,39,31
4224,39,32
4225,39,33
4226,39,34
4227,39,35
4228,39,36
4229,39,37
4230,39,38
4231,39,39
4232,39,40
4233,39,41
4234,39,42
4235,39,43
4236,39,44
4237,39,45
4238,39,46
4239,39,47
4240,39,48
4241,39,49
4242,39,50
4243,39,51
4244,39,52
4245,39,53
4246,39,54
4247,39,55
4248,39,56
4249,39,57
4250,39,58
4251,39,59
4252,39,60
4253,39,61
4254,39,62
4255,39,63
4256,39,64
4257,39,65
4258,39,66
4259,39,67
4260,39,68
4261,39,69
4262,39,70
4263,39,71
4264,39,72
4265,39,73
4266,39,74
4267,39,75
4268,39,76
4269,39,77
4270,39,78
4271,39,79
4272,39,80
4273,39,81
4274,39,82
4275,39,83
4276,39,84
4277,39,85
4278,39,86
4279,39,87
4280,39,88
4281,39,89
4282,39,90
4283,39,91
4284,39,92
4285,39,93
4286,39,94
4287,39,95
4288,39,96
4289,39,97
4290,39,98
4291,39,99
4292,39,100
4293,39,101
4294,39,102
4295,39,103
4296,39,104
4297,39,105
4298,39,106
4299,39,107
4300,39,108
4301,39,109
4302,39,110
4303,39,111
4304,39,112
4305,39,113
4306,39,114
4307,39,115
4308,39,116
4309,39,117
4310,39,118
4311,39,119
4312,39,120
4313,39,121
4314,39,122
4315,39,123
4316,39,124
4317,39,125
4318,39,126
4319,39,127
4320,40,0
4321,40,1
4322,40,2
4323,40,3
4324,40,4
4325,40,5
4326,40,6
4327,40,7
4328,40,8
4329,40,9
4330,40,10
4331,40,11
4332,40,12
4333,40,13
4334,40,14
4335,40,15
4336,40,16
4337,40,17
4338,40,18
4339,40,19
4340,40,20
4341,40,21
4342,40,22
4343,40,23
4344,40,24
4345,40,25
4346,40,26
4347,40,27
4348,40,28
4349,40,29
4350,40,30
4351,40,31
4352,40,32
4353,40,33
4354,40,34
4355,40,35
4356,40,36
4357,40,37
4358,40,38
4359,40,39
4360,40,40
4361,40,41
4362,40,42
4363,40,43
4364,40,44
4365,40,45
4366,40,46
4367,40,47
4368,40,48
4369,40,49
4370,40,50
4371,40,51
4372,40,52
4373,40,53
4374,40,54
4375,40,55
4376,40,56
4377,40,57
4378,40,58
4379,40,59
4380,40,60
4381,40,61
4382,40,62
4383,40,63
4384,40,64
4385,40,65
4386,40,66
4387,40,67
4388,40,68
4389,40,69
4390,40,70
4391,40,71
4392,40,72
4393,40,73
4394,40,74
4395,40,75
4396,40,76
4397,40,77
4398,40,78
4399,40,79
4400,40,80
4401,40,81
4402,40,82
4403,40,83
4404,40,84
4405,40,85
4406,40,86
4407,40,87
4408,40,88
4409,40,89
4410,40,90
4411,40,91
4412,40,92
4413,40,93
4414,40,94
4415,40,95
4416,40,96
4417,40,97
4418,40,98
4419,40,99
4420,40,100
4421,40,101
4422,40,102
4423,40,103
4424,40,104
4425,40,105
4426,40,106
4427,40,107
4428,40,108
4429,40,109
4430,40,110
4431,40,111
4432,40,112
4433,40,113
4434,40,114
4435,40,115
4436,40,116
4437,40,117
4438,40,118
4439,40,119
4440,40,120
4441,40,121
4442,40,122
4443,40,123
4444,40,124
4445,40,125
4446,40,126
4447,40,127
4448,41,0
4449,41,1
4450,41,2
4451,41,3
4452,41,4
4453,41,5
4454,41,6
4455,41,7
4456,41,8
4457,41,9
4458,41,10
4459,41,11
4460,41,12
4461,41,13
4462,41,14
4463,41,15
4464,41,16
4465,41,17
4466,41,18
4467,41,19
4468,41,20
4469,41,21
4470,41,22
4471,41,23
4472,41,24
4473,41,25
4474,41,26
4475,41,27
4476,41,28
4477,41,29
4478,41,30
4479,41,31
4480,41,32
4481,41,33
4482,41,34
4483,41,35
4484,41,36
4485,41,37
4486,41,38
4487,41,39
4488,41,40
4489,41,41
4490,41,42
4491,41,43
4492,41,44
4493,41,45
4494,41,46
4495,41,47
4496,41,48
4497,41,49
4498,41,50
4499,41,51
4500,41,52
4501,41,53
4502,41,54
4503,41,55
4504,41,56
4505,41,57
4506,41,58
4507,41,59
4508,41,60
4509,41,61
4510,41,62
4511,41,63
4512,41,64
4513,41,65
4514,41,66
4515,41,67
4516,41,68
4517,41,69
4518,41,70
4519,41,71
4520,41,72
4521,41,73
4522,41,74
4523,41,75
4524,41,76
4525,41,77
4526,41,78
4527,41,79
4528,41,80
4529,41,81
4530,41,82
4531,41,83
4532,41,84
4533,41,85
4534,41,86
4535,41,87
4536,41,88
4537,41,89
4538,41,90
4539,41,91
4540,41,92
4541,41,93
4542,41,94
4543,41,95
4544,41,96
4545,41,97
4546,41,98
4547,41,99
4548,41,100
4549,41,101
4550,41,102
4551,41,103
4552,41,104
4553,41,105
4554,41,106
4555,41,107
4556,41,108
4557,41,109
4558,41,110
4559,41,111
4560,41,112
4561,41,113
4562,41,114
4563,41,115
4564,41,116
4565,41,117
4566,41,118
4567,41,119
4568,41,120
4569,41,121
4570,41,122
4571,41,123
4572,41,124
4573,41,125
4574,41,126
4575,41,127
4576,42,0
4577,42,1
4578,42,2
4579,42,3
4580,42,4
4581,42,5
4582,42,6
4583,42,7
4584,42,8
4585,42,9
4586,42,10
4587,42,11
4588,42,12
4589,42,13
4590,42,14
4591,42,15
4592,42,16
4593,42,17
4594,42,18
4595,42,19
4596,42,20
4597,42,21
4598,42,22
4599,42,23
4600,42,24
4601,42,25
4602,42,26
4603,42,27
4604,42,28
4605,42,29
4606,42,30
4607,42,31
4608,42,32
4609,42,33
4610,42,34
4611,42,35
4612,42,36
4613,42,37
4614,42,38
4615,42,39
4616,42,40
4617,42,41
4618,42,42
4619,42,43
4620,42,44
4621,42,45
4622,42,46
4623,42,47
4624,42,48
4625,42,49
4626,42,50
4627,42,51
4628,42,52
4629,42,53
4630,42,54
4631,42,55
4632,42,56
4633,42,57
4634,42,58
4635,42,59
4636,42,60
4637,42,61
4638,42,62
4639,42,63
4640,42,64
4641,42,65
4642,42,66
4643,42,67
4644,42,68
4645,42,69
4646,42,70
4647,42,71
4648,42,72
4649,42,73
4650,42,74
4651,42,75
4652,42,76
4653,42,77
4654,42,78
4655,42,79
4656,42,80
4657,42,81
4658,42,82
4659,42,83
4660,42,84
4661,42,85
4662,42,86
4663,42,87
4664,42,88
4665,42,89
4666,42,90
4667,42,91
4668,42,92
4669,42,93
4670,42,94
4671,42,95
4672,42,96
4673,42,97
4674,42,98
4675,42,99
4676,42,100
4677,42,101
4678,42,102
4679,42,103
4680,42,104
4681,42,105
4682,42,106
4683,42,107
4684,42,108
4685,42,109
4686,42,110
4687,42,111
4688,42,112
4689,42,113
4690,42,114
4691,42,115
4692,42,116
4693,42,117
4694,42,118
4695,42,119
4696,42,120
4697,42,121
4698,42,122
4699,42,123
4700,42,124
4701,42,125
4702,42,126
4703,42,127
4704,43,0
4705,43,1
4706,43,2
4707,43,3
4708,43,4
4709,43,5
4710,43,6
4711,43,7
4712,43,8
4713,43,9
4714,43,10
4715,43,11
4716,43,12
4717,43,13
4718,43,14
4719,43,15
4720,43,16
4721,43,17
4722,43,18
4723,43,19
4724,43,20
4725,43,21
4726,43,22
4727,43,23
4728,43,24
4729,43,25
4730,43,26
4731,43,27
4732,43,28
4733,43,29
4734,43,30
4735,43,31
4736,43,32
4737,43,33
4738,43,34
4739,43,35
4740,43,36
4741,43,37
4742,43,38
4743,43,39
4744,43,40
4745,43,41
4746,43,42
4747,43,43
4748,43,44
4749,43,45
4750,43,46
4751,43,47
4752,43,48
4753,43,49
4754,43,50
4755,43,51
4756,43,52
4757,43,53
4758,43,54
4759,43,55
4760,43,56
4761,43,57
4762,43,58
4763,43,59
4764,43,60
4765,43,61
4766,43,62
4767,43,63
4768,43,64
4769,43,65
4770,43,66
4771,43,67
4772,43,68
4773,43,69
4774,43,70
4775,43,71
4776,43,72
4777,43,73
4778,43,74
4779,43,75
4780,43,76
4781,43,77
4782,43,78
4783,43,79
4784,43,80
4785,43,81
4786,43,82
4787,43,83
4788,43,84
4789,43,85
4790,43,86
4791,43,87
4792,43,88
4793,43,89
4794,43,90
4795,43,91
4796,43,92
4797,43,93
4798,43,94
4799,43,95
4800,43,96
4801,43,97
4802,43,98
4803,43,99
4804,43,100
4805,43,101
4806,43,102
4807,43,103
4808,43,104
4809,43,105
4810,43,106
4811,43,107
4812,43,108
4813,43,109
4814,43,110
4815,43,111
4816,43,112
4817,43,113
4818,43,114
4819,43,115
4820,43,116
4821,43,117
4822,43,118
4823,43,119
4824,43,120
4825,43,121
4826,43,122
4827,43,123
4828,43,124
4829,43,125
4830,43,126
4831,43,127
4832,44,0
4833,44,1
4834,44,2
4835,44,3
4836,44,4
4837,44,5
4838,44,6
4839,44,7
4840,44,8
4841,44,9
4842,44,10
4843,44,11
4844,44,12
4845,44,13
4846,44,14
4847,44,15
4848,44,16
4849,44,17
4850,44,18
4851,44,19
4852,44,20
4853,44,21
4854,44,22
4855,44,23
4856,44,24
4857,44,25
4858,44,26
4859,44,27
4860,44,28
4861,44,29
4862,44,30
4863,44,31
4864,44,32
4865,44,33
4866,44,34
4867,44,35
4868,44,36
4869,44,37
4870,44,38
4871,44,39
4872,44,40
4873,44,41
4874,44,42
4875,44,43
4876,44,44
4877,44,45
4878,44,46
4879,44,47
4880,44,48
4881,44,49
4882,44,50
4883,44,51
4884,44,52
4885,44,53
4886,44,54
4887,44,55
4888,44,56
4889,44,57
4890,44,58
4891,44,59
4892,44,60
4893,44,61
4894,44,62
4895,44,63
4896,44,64
4897,44,65
4898,44,66
4899,44,67
4900,44,68
4901,44,69
4902,44,70
4903,44,71
4904,44,72
4905,44,73
4906,44,74
4907,44,75
4908,44,76
4909,44,77
4910,44,78
4911,44,79
4912,44,80
4913,44,81
4914,44,82
4915,44,83
4916,44,84
4917,44,85
4918,44,86
4919,44,87
4920,44,88
4921,44,89
4922,44,90
4923,44,91
4924,44,92
4925,44,93
4926,44,94
4927,44,95
4928,44,96
4929,44,97
4930,44,98
4931,44,99
4932,44,100
4933,44,101
4934,44,102
4935,44,103
4936,44,104
4937,44,105
4938,44,106
4939,44,107
4940,44,108
4941,44,109
4942,44,110
4943,44,111
4944,44,112
4945,44,113
4946,44,114
4947,44,115
4948,44,116
4949,44,117
4950,44,118
4951,44,119
4952,44,120
4953,44,121
4954,44,122
4955,44,123
4956,44,124
4957,44,125
4958,44,126
4959,44,127
4960,45,0
4961,45,1
4962,45,2
4963,45,3
4964,45,4
4965,45,5
4966,45,6
4967,45,7
4968,45,8
4969,45,9
4970,45,10
4971,45,11
4972,45,12
4973,45,13
4974,45,14
4975,45,15
4976,45,16
4977,45,17
4978,45,18
4979,45,19
4980,45,20
4981,45,21
4982,45,22
4983,45,23
4984,45,24
4985,45,25
4986,45,26
4987,45,27
4988,45,28
4989,45,29
4990,45,30
4991,45,31
4992,45,32
4993,45,33
4994,45,34
4995,45,35
4996,45,36
4997,45,37
4998,45,38
4999,45,39
5000,45,40
5001,45,41
5002,45,42
5003,45,43
5004,45,44
5005,45,45
5006,45,46
5007,45,47
5008,45,48
5009,45,49
5010,45,50
5011,45,51
5012,45,52
5013,45,53
5014,45,54
5015,45,55
5016,45,56
5017,45,57
5018,45,58
5019,45,59
5020,45,60
5021,45,61
5022,45,62
5023,45,63
5024,45,64
5025,45,65
5026,45,66
5027,45,67
5028,45,68
5029,45,69
5030,45,70
5031,45,71
5032,45,72
5033,45,73
5034,45,74
5035,45,75
5036,45,76
5037,45,77
5038,45,78
5039,45,79
5040,45,80
5041,45,81
5042,45,82
5043,45,83
5044,45,84
5045,45,85
5046,45,86
5047,45,87
5048,45,88
5049,45,89
5050,45,90
5051,45,91
5052,45,92
5053,45,93
5054,45,94
5055,45,95
5056,45,96
5057,45,97
5058,45,98
5059,45,99
5060,45,100
5061,45,101
5062,45,102
5063,45,103
5064,45,104
5065,45,105
5066,45,106
5067,45,107
5068,45,108
5069,45,109
5070,45,110
5071,45,111
5072,45,112
5073,45,113
5074,45,114
5075,45,115
5076,45,116
5077,45,117
5078,45,118
5079,45,119
5080,45,120
5081,45,121
5082,45,122
5083,45,123
5084,45,124
5085,45,125
5086,45,126
5087,45,127
5088,46,0
5089,46,1
5090,46,2
5091,46,3
5092,46,4
5093,46,5
5094,46,6
5095,46,7
5096,46,8
5097,46,9
5098,46,10
5099,46,11
5100,46,12
5101,46,13
5102,46,14
5103,46,15
5104,46,16
5105,46,17
5106,46,18
5107,46,19
5108,46,20
5109,46,21
5110,46,22
5111,46,23
5112,46,24
5113,46,25
5114,46,26
5115,46,27
5116,46,28
5117,46,29
5118,46,30
5119,46,31
5120,46,32
5121,46,33
5122,46,34
5123,46,35
5124,46,36
5125,46,37
5126,46,38
5127,46,39
5128,46,40
5129,46,41
5130,46,42
5131,46,43
5132,46,44
5133,46,45
5134,46,46
5135,46,47
5136,46,48
5137,46,49
5138,46,50
5139,46,51
5140,46,52
5141,46,53
5142,46,54
5143,46,55
5144,46,56
5145,46,57
5146,46,58
5147,46,59
5148,46,60
5149,46,61
5150,46,62
5151,46,63
5152,46,64
5153,46,65
5154,46,66
5155,46,67
5156,46,68
5157,46,69
5158,46,70
5159,46,71
5160,46,72
5161,46,73
5162,46,74
5163,46,75
5164,46,76
5165,46,77
5166,46,78
5167,46,79
5168,46,80
5169,46,81
5170,46,82
5171,46,83
5172,46,84
5173,46,85
5174,46,86
5175,46,87
5176,46,88
5177,46,89
5178,46,90
5179,46,91
5180,46,92
5181,46,93
5182,46,94
5183,46,95
5184,46,96
5185,46,97
5186,46,98
5187,46,99
5188,46,100
5189,46,101
5190,46,102
5191,46,103
5192,46,104
5193,46,105
5194,46,106
5195,46,107
5196,46,108
5197,46,109
5198,46,110
5199,46,111
5200,46,112
5201,46,113
5202,46,114
5203,46,115
5204,46,116
5205,46,117
5206,46,118
5207,46,119
5208,46,120
5209,46,121
5210,46,122
5211,46,123
5212,46,124
5213,46,125
5214,46,126
5215,46,127
5216,47,0
5217,47,1
5218,47,2
5219,47,3
5220,47,4
5221,47,5
5222,47,6
5223,47,7
5224,47,8
5225,47,9
5226,47,10
5227,47,11
5228,47,12
5229,47,13
5230,47,14
5231,47,15
5232,47,16
5233,47,17
5234,47,18
5235,47,19
5236,47,20
5237,47,21
5238,47,22
5239,47,23
5240,47,24
5241,47,25
5242,47,26
5243,47,27
5244,47,28
5245,47,29
5246,47,30
5247,47,31
5248,47,32
5249,47,33
5250,47,34
5251,47,35
5252,47,36
5253,47,37
5254,47,38
5255,47,39
5256,47,40
5257,47,41
5258,47,42
5259,47,43
5260,47,44
5261,47,45
5262,47,46
5263,47,47
5264,47,48
5265,47,49
5266,47,50
5267,47,51
5268,47,52
5269,47,53
5270,47,54
5271,47,55
5272,47,56
5273,47,57
5274,47,58
5275,47,59
5276,47,60
5277,47,61
5278,47,62
5279,47,63
5280,47,64
5281,47,65
5282,47,66
5283,47,67
5284,47,68
5285,47,69
5286,47,70
5287,47,71
5288,47,72
5289,47,73
5290,47,74
5291,47,75
5292,47,76
5293,47,77
5294,47,78
5295,47,79
5296,47,80
5297,47,81
5298,47,82
5299,47,83
5300,47,84
5301,47,85
5302,47,86
5303,47,87
5304,47,88
5305,47,89
5306,47,90
5307,47,91
5308,47,92
5309,47,93
5310,47,94
5311,47,95
5312,47,96
5313,47,97
5314,47,98
5315,47,99
5316,47,100
5317,47,101
5318,47,102
5319,47,103
5320,47,104
5321,47,105
5322,47,106
5323,47,107
5324,47,108
5325,47,109
5326,47,110
5327,47,111
5328,47,112
5329,47,113
5330,47,114
5331,47,115
5332,47,116
5333,47,117
5334,47,118
5335,47,119
5336,47,120
5337,47,121
5338,47,122
5339,47,123
5340,47,124
5341,47,125
5342,47,126
5343,47,127
5344,48,0
5345,48,1
5346,48,2
5347,48,3
5348,48,4
5349,48,5
5350,48,6
5351,48,7
5352,48,8
5353,48,9
5354,48,10
5355,48,11
5356,48,12
5357,48,13
5358,48,14
5359,48,15
5360,48,16
5361,48,17
5362,48,18
5363,48,19
5364,48,20
5365,48,21
5366,48,22
5367,48,23
5368,48,24
5369,48,25
5370,48,26
5371,48,27
5372,48,28
5373,48,29
5374,48,30
5375,48,31
5376,48,32
5377,48,33
5378,48,34
5379,48,35
5380,48,36
5381,48,37
5382,48,38
5383,48,39
5384,48,40
5385,48,41
5386,48,42
5387,48,43
5388,48,44
5389,48,45
5390,48,46
5391,48,47
5392,48,48
5393,48,49
5394,48,50
5395,48,51
5396,48,52
5397,48,53
5398,48,54
5399,48,55
5400,48,56
5401,48,57
5402,48,58
5403,48,59
5404,48,60
5405,48,61
5406,48,62
5407,48,63
5408,48,64
5409,48,65
5410,48,66
5411,48,67
5412,48,68
5413,48,69
5414,48,70
5415,48,71
5416,48,72
5417,48,73
5418,48,74
5419,48,75
5420,48,76
5421,48,77
5422,48,78
5423,48,79
5424,48,80
5425,48,81
5426,48,82
5427,48,83
5428,48,84
5429,48,85
5430,48,86
5431,48,87
5432,48,88
5433,48,89
5434,48,90
5435,48,91
5436,48,92
5437,48,93
5438,48,94
5439,48,95
5440,48,96
5441,48,97
5442,48,98
5443,48,99
5444,48,100
5445,48,101
5446,48,102
5447,48,103
5448,48,104
5449,48,105
5450,48,106
5451,48,107
5452,48,108
5453,48,109
5454,48,110
5455,48,111
5456,48,112
5457,48,113
5458,48,114
5459,48,115
5460,48,116
5461,48,117
5462,48,118
5463,48,119
5464,48,120
5465,48,121
5466,48,122
5467,48,123
5468,48,124
5469,48,125
5470,48,126
5471,48,127
5472,49,0
5473,49,1
5474,49,2
5475,49,3
5476,49,4
5477,49,5
5478,49,6
5479,49,7
5480,49,8
5481,49,9
5482,49,10
5483,49,11
5484,49,12
5485,49,13
5486,49,14
5487,49,15
5488,49,16
5489,49,17
5490,49,18
5491,49,19
5492,49,20
5493,49,21
5494,49,22
5495,49,23
5496,49,24
5497,49,25
5498,49,26
5499,49,27
5500,49,28
5501,49,29
5502,49,30
5503,49,31
5504,49,32
5505,49,33
5506,49,34
5507,49,35
5508,49,36
5509,49,37
5510,49,38
5511,49,39
5512,49,40
5513,49,41
5514,49,42
5515,49,43
5516,49,44
5517,49,45
5518,49,46
5519,49,47
5520,49,48
5521,49,49
5522,49,50
5523,49,51
5524,49,52
5525,49,53
5526,49,54
5527,49,55
5528,49,56
5529,49,57
5530,49,58
5531,49,59
5532,49,60
5533,49,61
5534,49,62
5535,49,63
5536,49,64
5537,49,65
5538,49,66
5539,49,67
5540,49,68
5541,49,69
5542,49,70
5543,49,71
5544,49,72
5545,49,73
5546,49,74
5547,49,75
5548,49,76
5549,49,77
5550,49,78
5551,49,79
5552,49,80
5553,49,81
5554,49,82
5555,49,83
5556,49,84
5557,49,85
5558,49,86
5559,49,87
5560,49,88
5561,49,89
5562,49,90
5563,49,91
5564,49,92
5565,49,93
5566,49,94
5567,49,95
5568,49,96
5569,49,97
5570,49,98
5571,49,99
5572,49,100
5573,49,101
5574,49,102
5575,49,103
5576,49,104
5577,49,105
5578,49,106
5579,49,107
5580,49,108
5581,49,109
5582,49,110
5583,49,111
5584,49,112
5585,49,113
5586,49,114
5587,49,115
5588,49,116
5589,49,117
5590,49,118
5591,49,119
5592,49,120
5593,49,121
5594,49,122
5595,49,123
5596,49,124
5597,49,125
5598,49,126
5599,49,127
5600,50,0
5601,50,1
5602,50,2
5603,50,3
5604,50,4
5605,50,5
5606,50,6
5607,50,7
5608,50,8
5609,50,9
5610,50,10
5611,50,11
5612,50,12
5613,50,13
5614,50,14
5615,50,15
5616,50,16
5617,50,17
5618,50,18
5619,50,19
5620,50,20
5621,50,21
5622,50,22
5623,50,23
5624,50,24
5625,50,25
5626,50,26
5627,50,27
5628,50,28
5629,50,29
5630,50,30
5631,50,31
5632,50,32
5633,50,33
5634,50,34
5635,50,35
5636,50,36
5637,50,37
5638,50,38
5639,50,39
5640,50,40
5641,50,41
5642,50,42
5643,50,43
5644,50,44
5645,50,45
5646,50,46
5647,50,47
5648,50,48
5649,50,49
5650,50,50
5651,50,51
5652,50,52
5653,50,53
5654,50,54
5655,50,55
5656,50,56
5657,50,57
5658,50,58
5659,50,59
5660,50,60
5661,50,61
5662,50,62
5663,50,63
5664,50,64
5665,50,65
5666,50,66
5667,50,67
5668,50,68
5669,50,69
5670,50,70
5671,50,71
5672,50,72
5673,50,73
5674,50,74
5675,50,75
5676,50,76
5677,50,77
5678,50,78
5679,50,79
5680,50,80
5681,50,81
5682,50,82
5683,50,83
5684,50,84
5685,50,85
5686,50,86
5687,50,87
5688,50,88
5689,50,89
5690,50,90
5691,50,91
5692,50,92
5693,50,93
5694,50,94
5695,50,95
5696,50,96
5697,50,97
5698,50,98
5699,50,99
5700,50,100
5701,50,101
5702,50,102
5703,50,103
5704,50,104
5705,50,105
5706,50,106
5707,50,107
5708,50,108
5709,50,109
5710,50,110
5711,50,111
5712,50,112
5713,50,113
5714,50,114
5715,50,115
5716,50,116
5717,50,117
5718,50,118
5719,50,119
5720,50,120
5721,50,121
5722,50,122
5723,50,123
5724,50,124
5725,50,125
5726,50,126
5727,50,127
5728,51,0
5729,51,1
5730,51,2
5731,51,3
5732,51,4
5733,51,5
5734,51,6
5735,51,7
5736,51,8
5737,51,9
5738,51,10
5739,51,11
5740,51,12
5741,51,13
5742,51,14
5743,51,15
5744,51,16
5745,51,17
5746,51,18
5747,51,19
5748,51,20
5749,51,21
5750,51,22
5751,51,23
5752,51,24
5753,51,25
5754,51,26
5755,51,27
5756,51,28
5757,51,29
5758,51,30
5759,51,31
5760,51,32
5761,51,33
5762,51,34
5763,51,35
5764,51,36
5765,51,37
5766,51,38
5767,51,39
5768,51,40
5769,51,41
5770,51,42
5771,51,43
5772,51,44
5773,51,45
5774,51,46
5775,51,47
5776,51,48
5777,51,49
5778,51,50
5779,51,51
5780,51,52
5781,51,53
5782,51,54
5783,51,55
5784,51,56
5785,51,57
5786,51,58
5787,51,59
5788,51,60
5789,51,61
5790,51,62
5791,51,63
5792,51,64
5793,51,65
5794,51,66
5795,51,67
5796,51,68
5797,51,69
5798,51,70
5799,51,71
5800,51,72
5801,51,73
5802,51,74
5803,51,75
5804,51,76
5805,51,77
5806,51,78
5807,51,79
5808,51,80
5809,51,81
5810,51,82
5811,51,83
5812,51,84
5813,51,85
5814,51,86
5815,51,87
5816,51,88
5817,51,89
5818,51,90
5819,51,91
5820,51,92
5821,51,93
5822,51,94
5823,51,95
5824,51,96
5825,51,97
5826,51,98
5827,51,99
5828,51,100
5829,51,101
5830,51,102
5831,51,103
5832,51,104
5833,51,105
5834,51,106
5835,51,107
5836,51,108
5837,51,109
5838,51,110
5839,51,111
5840,51,112
5841,51,113
5842,51,114
5843,51,115
5844,51,116
5845,51,117
5846,51,118
5847,51,119
5848,51,120
5849,51,121
5850,51,122
5851,51,123
5852,51,124
5853,51,125
5854,51,126
5855,51,127
5856,52,0
5857,52,1
5858,52,2
5859,52,3
5860,52,4
5861,52,5
5862,52,6
5863,52,7
5864,52,8
5865,52,9
5866,52,10
5867,52,11
5868,52,12
5869,52,13
5870,52,14
5871,52,15
5872,52,16
5873,52,17
5874,52,18
5875,52,19
5876,52,20
5877,52,21
5878,52,22
5879,52,23
5880,52,24
5881,52,25
5882,52,26
5883,52,27
5884,52,28
5885,52,29
5886,52,30
5887,52,31
5888,52,32
5889,52,33
5890,52,34
5891,52,35
5892,52,36
5893,52,37
5894,52,38
5895,52,39
5896,52,40
5897,52,41
5898,52,42
5899,52,43
5900,52,44
5901,52,45
5902,52,46
5903,52,47
5904,52,48
5905,52,49
5906,52,50
5907,52,51
5908,52,52
5909,52,53
5910,52,54
5911,52,55
5912,52,56
5913,52,57
5914,52,58
5915,52,59
5916,52,60
5917,52,61
5918,52,62
5919,52,63
5920,52,64
5921,52,65
5922,52,66
5923,52,67
5924,52,68
5925,52,69
5926,52,70
5927,52,71
5928,52,72
5929,52,73
5930,52,74
5931,52,75
5932,52,76
5933,52,77
5934,52,78
5935,52,79
5936,52,80
5937,52,81
5938,52,82
5939,52,83
5940,52,84
5941,52,85
5942,52,86
5943,52,87
5944,52,88
5945,52,89
5946,52,90
5947,52,91
5948,52,92
5949,52,93
5950,52,94
5951,52,95
5952,52,96
5953,52,97
5954,52,98
5955,52,99
5956,52,100
5957,52,101
5958,52,102
5959,52,103
5960,52,104
5961,52,105
5962,52,106
5963,52,107
5964,52,108
5965,52,109
5966,52,110
5967,52,111
5968,52,112
5969,52,113
5970,52,114
5971,52,115
5972,52,116
5973,52,117
5974,52,118
5975,52,119
5976,52,120
5977,52,121
5978,52,122
5979,52,123
5980,52,124
5981,52,125
5982,52,126
5983,52,127
5984,53,0
5985,53,1
5986,53,2
5987,53,3
5988,53,4
5989,53,5
5990,53,6
5991,53,7
5992,53,8
5993,53,9
5994,53,10
5995,53,11
5996,53,12
5997,53,13
5998,53,14
5999,53,15
6000,53,16
6001,53,17
6002,53,18
6003,53,19
6004,53,20
6005,53,21
6006,53,22
6007,53,23
6008,53,24
6009,53,25
6010,53,26
6011,53,27
6012,53,28
6013,53,29
6014,53,30
6015,53,31
6016,53,32
6017,53,33
6018,53,34
6019,53,35
6020,53,36
6021,53,37
6022,53,38
6023,53,39
6024,53,40
6025,53,41
6026,53,42
6027,53,43
6028,53,44
6029,53,45
6030,53,46
6031,53,47
6032,53,48
6033,53,49
6034,53,50
6035,53,51
6036,53,52
6037,53,53
6038,53,54
6039,53,55
6040,53,56
6041,53,57
6042,53,58
6043,53,59
6044,53,60
6045,53,61
6046,53,62
6047,53,63
6048,53,64
6049,53,65
6050,53,66
6051,53,67
6052,53,68
6053,53,69
6054,53,70
6055,53,71
6056,53,72
6057,53,73
6058,53,74
6059,53,75
6060,53,76
6061,53,77
6062,53,78
6063,53,79
6064,53,80
6065,53,81
6066,53,82
6067,53,83
6068,53,84
6069,53,85
6070,53,86
6071,53,87
6072,53,88
6073,53,89
6074,53,90
6075,53,91
6076,53,92
6077,53,93
6078,53,94
6079,53,95
6080,53,96
6081,53,97
6082,53,98
6083,53,99
6084,53,100
6085,53,101
6086,53,102
6087,53,103
6088,53,104
6089,53,105
6090,53,106
6091,53,107
6092,53,108
6093,53,109
6094,53,110
6095,53,111
6096,53,112
6097,53,113
6098,53,114
6099,53,115
6100,53,116
6101,53,117
6102,53,118
6103,53,119
6104,53,120
6105,53,121
6106,53,122
6107,53,123
6108,53,124
6109,53,125
6110,53,126
6111,53,127
6112,54,0
6113,54,1
6114,54,2
6115,54,3
6116,54,4
6117,54,5
6118,54,6
6119,54,7
6120,54,8
6121,54,9
6122,54,10
6123,54,11
6124,54,12
6125,54,13
6126,54,14
6127,54,15
6128,54,16
6129,54,17
6130,54,18
6131,54,19
6132,54,20
6133,54,21
6134,54,22
6135,54,23
6136,54,24
6137,54,25
6138,54,26
6139,54,27
6140,54,28
6141,54,29
6142,54,30
6143,54,31
6144,54,32
6145,54,33
6146,54,34
6147,54,35
6148,54,36
6149,54,37
6150,54,38
6151,54,39
6152,54,40
6153,54,41
6154,54,42
6155,54,43
6156,54,44
6157,54,45
6158,54,46
6159,54,47
6160,54,48
6161,54,49
6162,54,50
6163,54,51
6164,54,52
6165,54,53
6166,54,54
6167,54,55
6168,54,56
6169,54,57
6170,54,58
6171,54,59
6172,54,60
6173,54,61
6174,54,62
6175,54,63
6176,54,64
6177,54,65
6178,54,66
6179,54,67
6180,54,68
6181,54,69
6182,54,70
6183,54,71
6184,54,72
6185,54,73
6186,54,74
6187,54,75
6188,54,76
6189,54,77
6190,54,78
6191,54,79
6192,54,80
6193,54,81
6194,54,82
6195,54,83
6196,54,84
6197,54,85
6198,54,86
6199,54,87
6200,54,88
6201,54,89
6202,54,90
6203,54,91
6204,54,92
6205,54,93
6206,54,94
6207,54,95
6208,54,96
6209,54,97
6210,54,98
6211,54,99
6212,54,100
6213,54,101
6214,54,102
6215,54,103
6216,54,104
6217,54,105
6218,54,106
6219,54,107
6220,54,108
6221,54,109
6222,54,110
6223,54,111
6224,54,112
6225,54,113
6226,54,114
6227,54,115
6228,54,116
6229,54,117
6230,54,118
6231,54,119
6232,54,120
6233,54,121
6234,54,122
6235,54,123
6236,54,124
6237,54,125
6238,54,126
6239,54,127
6240,55,0
6241,55,1
6242,55,2
6243,55,3
6244,55,4
6245,55,5
6246,55,6
6247,55,7
6248,55,8
6249,55,9
6250,55,10
6251,55,11
6252,55,12
6253,55,13
6254,55,14
6255,55,15
6256,55,16
6257,55,17
6258,55,18
6259,55,19
6260,55,20
6261,55,21
6262,55,22
6263,55,23
6264,55,24
6265,55,25
6266,55,26
6267,55,27
6268,55,28
6269,55,29
6270,55,30
6271,55,31
6272,55,32
6273,55,33
6274,55,34
6275,55,35
6276,55,36
6277,55,37
6278,55,38
6279,55,39
6280,55,40
6281,55,41
6282,55,42
6283,55,43
6284,55,44
6285,55,45
6286,55,46
6287,55,47
6288,55,48
6289,55,49
6290,55,50
6291,55,51
6292,55,52
6293,55,53
6294,55,54
6295,55,55
6296,55,56
6297,55,57
6298,55,58
6299,55,59
6300,55,60
6301,55,61
6302,55,62
6303,55,63
6304,55,64
6305,55,65
6306,55,66
6307,55,67
6308,55,68
6309,55,69
6310,55,70
6311,55,71
6312,55,72
6313,55,73
6314,55,74
6315,55,75
6316,55,76
6317,55,77
6318,55,78
6319,55,79
6320,55,80
6321,55,81
6322,55,82
6323,55,83
6324,55,84
6325,55,85
6326,55,86
6327,55,87
6328,55,88
6329,55,89
6330,55,90
6331,55,91
6332,55,92
6333,55,93
6334,55,94
6335,55,95
6336,55,96
6337,55,97
6338,55,98
6339,55,99
6340,55,100
6341,55,101
6342,55,102
6343,55,103
6344,55,104
6345,55,105
6346,55,106
6347,55,107
6348,55,108
6349,55,109
6350,55,110
6351,55,111
6352,55,112
6353,55,113
6354,55,114
6355,55,115
6356,55,116
6357,55,117
6358,55,118
6359,55,119
6360,55,120
6361,55,121
6362,55,122
6363,55,123
6364,55,124
6365,55,125
6366,55,126
6367,55,127
6368,56,0
6369,56,1
6370,56,2
6371,56,3
6372,56,4
6373,56,5
6374,56,6
6375,56,7
6376,56,8
6377,56,9
6378,56,10
6379,56,11
6380,56,12
6381,56,13
6382,56,14
6383,56,15
6384,56,16
6385,56,17
6386,56,18
6387,56,19
6388,56,20
6389,56,21
6390,56,22
6391,56,23
6392,56,24
6393,56,25
6394,56,26
6395,56,27
6396,56,28
6397,56,29
6398,56,30
6399,56,31
6400,56,32
6401,56,33
6402,56,34
6403,56,35
6404,56,36
6405,56,37
6406,56,38
6407,56,39
6408,56,40
6409,56,41
6410,56,42
6411,56,43
6412,56,44
6413,56,45
6414,56,46
6415,56,47
6416,56,48
6417,56,49
6418,56,50
6419,56,51
6420,56,52
6421,56,53
6422,56,54
6423,56,55
6424,56,56
6425,56,57
6426,56,58
6427,56,59
6428,56,60
6429,56,61
6430,56,62
6431,56,63
6432,56,64
6433,56,65
6434,56,66
6435,56,67
6436,56,68
6437,56,69
6438,56,70
6439,56,71
6440,56,72
6441,56,73
6442,56,74
6443,56,75
6444,56,76
6445,56,77
6446,56,78
6447,56,79
6448,56,80
6449,56,81
6450,56,82
6451,56,83
6452,56,84
6453,56,85
6454,56,86
6455,56,87
6456,56,88
6457,56,89
6458,56,90
6459,56,91
6460,56,92
6461,56,93
6462,56,94
6463,56,95
6464,56,96
6465,56,97
6466,56,98
6467,56,99
6468,56,100
6469,56,101
6470,56,102
6471,56,103
6472,56,104
6473,56,105
6474,56,106
6475,56,107
6476,56,108
6477,56,109
6478,56,110
6479,56,111
6480,56,112
6481,56,113
6482,56,114
6483,56,115
6484,56,116
6485,56,117
6486,56,118
6487,56,119
6488,56,120
6489,56,121
6490,56,122
6491,56,123
6492,56,124
6493,56,125
6494,56,126
6495,56,127
6496,57,0
6497,57,1
6498,57,2
6499,57,3
6500,57,4
6501,57,5
6502,57,6
6503,57,7
6504,57,8
6505,57,9
6506,57,10
6507,57,11
6508,57,12
6509,57,13
6510,57,14
6511,57,15
6512,57,16
6513,57,17
6514,57,18
6515,57,19
6516,57,20
6517,57,21
6518,57,22
6519,57,23
6520,57,24
6521,57,25
6522,57,26
6523,57,27
6524,57,28
6525,57,29
6526,57,30
6527,57,31
6528,57,32
6529,57,33
6530,57,34
6531,57,35
6532,57,36
6533,57,37
6534,57,38
6535,57,39
6536,57,40
6537,57,41
6538,57,42
6539,57,43
6540,57,44
6541,57,45
6542,57,46
6543,57,47
6544,57,48
6545,57,49
6546,57,50
6547,57,51
6548,57,52
6549,57,53
6550,57,54
6551,57,55
6552,57,56
6553,57,57
6554,57,58
6555,57,59
6556,57,60
6557,57,61
6558,57,62
6559,57,63
6560,57,64
6561,57,65
6562,57,66
6563,57,67
6564,57,68
6565,57,69
6566,57,70
6567,57,71
6568,57,72
6569,57,73
6570,57,74
6571,57,75
6572,57,76
6573,57,77
6574,57,78
6575,57,79
6576,57,80
6577,57,81
6578,57,82
6579,57,83
6580,57,84
6581,57,85
6582,57,86
6583,57,87
6584,57,88
6585,57,89
6586,57,90
6587,57,91
6588,57,92
6589,57,93
6590,57,94
6591,57,95
6592,57,96
6593,57,97
6594,57,98
6595,57,99
6596,57,100
6597,57,101
6598,57,102
6599,57,103
6600,57,104
6601,57,105
6602,57,106
6603,57,107
6604,57,108
6605,57,109
6606,57,110
6607,57,111
6608,57,112
6609,57,113
6610,57,114
6611,57,115
6612,57,116
6613,57,117
6614,57,118
6615,57,119
6616,57,120
6617,57,121
6618,57,122
6619,57,123
6620,57,124
6621,57,125
6622,57,126
6623,57,127
6624,58,0
6625,58,1
6626,58,2
6627,58,3
6628,58,4
6629,58,5
6630,58,6
6631,58,7
6632,58,8
6633,58,9
6634,58,10
6635,58,11
6636,58,12
6637,58,13
6638,58,14
6639,58,15
6640,58,16
6641,58,17
6642,58,18
6643,58,19
6644,58,20
6645,58,21
6646,58,22
6647,58,23
6648,58,24
6649,58,25
6650,58,26
6651,58,27
6652,58,28
6653,58,29
6654,58,30
6655,58,31
6656,58,32
6657,58,33
6658,58,34
6659,58,35
6660,58,36
6661,58,37
6662,58,38
6663,58,39
6664,58,40
6665,58,41
6666,58,42
6667,58,43
6668,58,44
6669,58,45
6670,58,46
6671,58,47
6672,58,48
6673,58,49
6674,58,50
6675,58,51
6676,58,52
6677,58,53
6678,58,54
6679,58,55
6680,58,56
6681,58,57
6682,58,58
6683,58,59
6684,58,60
6685,58,61
6686,58,62
6687,58,63
6688,58,64
6689,58,65
6690,58,66
6691,58,67
6692,58,68
6693,58,69
6694,58,70
6695,58,71
6696,58,72
6697,58,73
6698,58,74
6699,58,75
6700,58,76
6701,58,77
6702,58,78
6703,58,79
6704,58,80
6705,58,81
6706,58,82
6707,58,83
6708,58,84
6709,58,85
6710,58,86
6711,58,87
6712,58,88
6713,58,89
6714,58,90
6715,58,91
6716,58,92
6717,58,93
6718,58,94
6719,58,95
6720,58,96
6721,58,97
6722,58,98
6723,58,99
6724,58,100
6725,58,101
6726,58,102
6727,58,103
6728,58,104
6729,58,105
6730,58,106
6731,58,107
6732,58,108
6733,58,109
6734,58,110
6735,58,111
6736,58,112
6737,58,113
6738,58,114
6739,58,115
6740,58,116
6741,58,117
6742,58,118
6743,58,119
6744,58,120
6745,58,121
6746,58,122
6747,58,123
6748,58,124
6749,58,125
6750,58,126
6751,58,127
6752,59,0
6753,59,1
6754,59,2
6755,59,3
6756,59,4
6757,59,5
6758,59,6
6759,59,7
6760,59,8
6761,59,9
6762,59,10
6763,59,11
6764,59,12
6765,59,13
6766,59,14
6767,59,15
6768,59,16
6769,59,17
6770,59,18
6771,59,19
6772,59,20
6773,59,21
6774,59,22
6775,59,23
6776,59,24
6777,59,25
6778,59,26
6779,59,27
6780,59,28
6781,59,29
6782,59,30
6783,59,31
6784,59,32
6785,59,33
6786,59,34
6787,59,35
6788,59,36
6789,59,37
6790,59,38
6791,59,39
6792,59,40
6793,59,41
6794,59,42
6795,59,43
6796,59,44
6797,59,45
6798,59,46
6799,59,47
6800,59,48
6801,59,49
6802,59,50
6803,59,51
6804,59,52
6805,59,53
6806,59,54
6807,59,55
6808,59,56
6809,59,57
6810,59,58
6811,59,59
6812,59,60
6813,59,61
6814,59,62
6815,59,63
6816,59,64
6817,59,65
6818,59,66
6819,59,67
6820,59,68
6821,59,69
6822,59,70
6823,59,71
6824,59,72
6825,59,73
6826,59,74
6827,59,75
6828,59,76
6829,59,77
6830,59,78
6831,59,79
6832,59,80
6833,59,81
6834,59,82
6835,59,83
6836,59,84
6837,59,85
6838,59,86
6839,59,87
6840,59,88
6841,59,89
6842,59,90
6843,59,91
6844,59,92
6845,59,93
6846,59,94
6847,59,95
6848,59,96
6849,59,97
6850,59,98
6851,59,99
6852,59,100
6853,59,101
6854,59,102
6855,59,103
6856,59,104
6857,59,105
6858,59,106
6859,59,107
6860,59,108
6861,59,109
6862,59,110
6863,59,111
6864,59,112
6865,59,113
6866,59,114
6867,59,115
6868,59,116
6869,59,117
6870,59,118
6871,59,119
6872,59,120
6873,59,121
6874,59,122
6875,59,123
6876,59,124
6877,59,125
6878,59,126
6879,59,127
6880,60,0
6881,60,1
6882,60,2
6883,60,3
6884,60,4
6885,60,5
6886,60,6
6887,60,7
6888,60,8
6889,60,9
6890,60,10
6891,60,11
6892,60,12
6893,60,13
6894,60,14
6895,60,15
6896,60,16
6897,60,17
6898,60,18
6899,60,19
6900,60,20
6901,60,21
6902,60,22
6903,60,23
6904,60,24
6905,60,25
6906,60,26
6907,60,27
6908,60,28
6909,60,29
6910,60,30
6911,60,31
6912,60,32
6913,60,33
6914,60,34
6915,60,35
6916,60,36
6917,60,37
6918,60,38
6919,60,39
6920,60,40
6921,60,41
6922,60,42
6923,60,43
6924,60,44
6925,60,45
6926,60,46
6927,60,47
6928,60,48
6929,60,49
6930,60,50
6931,60,51
6932,60,52
6933,60,53
6934,60,54
6935,60,55
6936,60,56
6937,60,57
6938,60,58
6939,60,59
6940,60,60
6941,60,61
6942,60,62
6943,60,63
6944,60,64
6945,60,65
6946,60,66
6947,60,67
6948,60,68
6949,60,69
6950,60,70
6951,60,71
6952,60,72
6953,60,73
6954,60,74
6955,60,75
6956,60,76
6957,60,77
6958,60,78
6959,60,79
6960,60,80
6961,60,81
6962,60,82
6963,60,83
6964,60,84
6965,60,85
6966,60,86
6967,60,87
6968,60,88
6969,60,89
6970,60,90
6971,60,91
6972,60,92
6973,60,93
6974,60,94
6975,60,95
6976,60,96
6977,60,97
6978,60,98
6979,60,99
6980,60,100
6981,60,101
6982,60,102
6983,60,103
6984,60,104
6985,60,105
6986,60,106
6987,60,107
6988,60,108
6989,60,109
6990,60,110
6991,60,111
6992,60,112
6993,60,113
6994,60,114
6995,60,115
6996,60,116
6997,60,117
6998,60,118
6999,60,119
7000,60,120
7001,60,121
7002,60,122
7003,60,123
7004,60,124
7005,60,125
7006,60,126
7007,60,127
7008,61,0
7009,61,1
7010,61,2
7011,61,3
7012,61,4
7013,61,5
7014,61,6
7015,61,7
7016,61,8
7017,61,9
7018,61,10
7019,61,11
7020,61,12
7021,61,13
7022,61,14
7023,61,15
7024,61,16
7025,61,17
7026,61,18
7027,61,19
7028,61,20
7029,61,21
7030,61,22
7031,61,23
7032,61,24
7033,61,25
7034,61,26
7035,61,27
7036,61,28
7037,61,29
7038,61,30
7039,61,31
7040,61,32
7041,61,33
7042,61,34
7043,61,35
7044,61,36
7045,61,37
7046,61,38
7047,61,39
7048,61,40
7049,61,41
7050,61,42
7051,61,43
7052,61,44
7053,61,45
7054,61,46
7055,61,47
7056,61,48
7057,61,49
7058,61,50
7059,61,51
7060,61,52
7061,61,53
7062,61,54
7063,61,55
7064,61,56
7065,61,57
7066,61,58
7067,61,59
7068,61,60
7069,61,61
7070,61,62
7071,61,63
7072,61,64
7073,61,65
7074,61,66
7075,61,67
7076,61,68
7077,61,69
7078,61,70
7079,61,71
7080,61,72
7081,61,73
7082,61,74
7083,61,75
7084,61,76
7085,61,77
7086,61,78
7087,61,79
7088,61,80
7089,61,81
7090,61,82
7091,61,83
7092,61,84
7093,61,85
7094,61,86
7095,61,87
7096,61,88
7097,61,89
7098,61,90
7099,61,91
7100,61,92
7101,61,93
7102,61,94
7103,61,95
7104,61,96
7105,61,97
7106,61,98
7107,61,99
7108,61,100
7109,61,101
7110,61,102
7111,61,103
7112,61,104
7113,61,105
7114,61,106
7115,61,107
7116,61,108
7117,61,109
7118,61,110
7119,61,111
7120,61,112
7121,61,113
7122,61,114
7123,61,115
7124,61,116
7125,61,117
7126,61,118
7127,61,119
7128,61,120
7129,61,121
7130,61,122
7131,61,123
7132,61,124
7133,61,125
7134,61,126
7135,61,127
7136,62,0
7137,62,1
7138,62,2
7139,62,3
7140,62,4
7141,62,5
7142,62,6
7143,62,7
7144,62,8
7145,62,9
7146,62,10
7147,62,11
7148,62,12
7149,62,13
7150,62,14
7151,62,15
7152,62,16
7153,62,17
7154,62,18
7155,62,19
7156,62,20
7157,62,21
7158,62,22
7159,62,23
7160,62,24
7161,62,25
7162,62,26
7163,62,27
7164,62,28
7165,62,29
7166,62,30
7167,62,31
7168,62,32
7169,62,33
7170,62,34
7171,62,35
7172,62,36
7173,62,37
7174,62,38
7175,62,39
7176,62,40
7177,62,41
7178,62,42
7179,62,43
7180,62,44
7181,62,45
7182,62,46
7183,62,47
7184,62,48
7185,62,49
7186,62,50
7187,62,51
7188,62,52
7189,62,53
7190,62,54
7191,62,55
7192,62,56
7193,62,57
7194,62,58
7195,62,59
7196,62,60
7197,62,61
7198,62,62
7199,62,63
7200,62,64
7201,62,65
7202,62,66
7203,62,67
7204,62,68
7205,62,69
7206,62,70
7207,62,71
7208,62,72
7209,62,73
7210,62,74
7211,62,75
7212,62,76
7213,62,77
7214,62,78
7215,62,79
7216,62,80
7217,62,81
7218,62,82
7219,62,83
7220,62,84
7221,62,85
7222,62,86
7223,62,87
7224,62,88
7225,62,89
7226,62,90
7227,62,91
7228,62,92
7229,62,93
7230,62,94
7231,62,95
7232,62,96
7233,62,97
7234,62,98
7235,62,99
7236,62,100
7237,62,101
7238,62,102
7239,62,103
7240,62,104
7241,62,105
7242,62,106
7243,62,107
7244,62,108
7245,62,109
7246,62,110
7247,62,111
7248,62,112
7249,62,113
7250,62,114
7251,62,115
7252,62,116
7253,62,117
7254,62,118
7255,62,119
7256,62,120
7257,62,121
7258,62,122
7259,62,123
7260,62,124
7261,62,125
7262,62,126
7263,62,127
7264,63,0
7265,63,1
7266,63,2
7267,63,3
7268,63,4
7269,63,5
7270,63,6
7271,63,7
7272,63,8
7273,63,9
7274,63,10
7275,63,11
7276,63,12
7277,63,13
7278,63,14
7279,63,15
7280,63,16
7281,63,17
7282,63,18
7283,63,19
7284,63,20
7285,63,21
7286,63,22
7287,63,23
7288,63,24
7289,63,25
7290,63,26
7291,63,27
7292,63,28
7293,63,29
7294,63,30
7295,63,31
7296,63,32
7297,63,33
7298,63,34
7299,63,35
7300,63,36
7301,63,37
7302,63,38
7303,63,39
7304,63,40
7305,63,41
7306,63,42
7307,63,43
7308,63,44
7309,63,45
7310,63,46
7311,63,47
7312,63,48
7313,63,49
7314,63,50
7315,63,51
7316,63,52
7317,63,53
7318,63,54
7319,63,55
7320,63,56
7321,63,57
7322,63,58
7323,63,59
7324,63,60
7325,63,61
7326,63,62
7327,63,63
7328,63,64
7329,63,65
7330,63,66
7331,63,67
7332,63,68
7333,63,69
7334,63,70
7335,63,71
7336,63,72
7337,63,73
7338,63,74
7339,63,75
7340,63,76
7341,63,77
7342,63,78
7343,63,79
7344,63,80
7345,63,81
7346,63,82
7347,63,83
7348,63,84
7349,63,85
7350,63,86
7351,63,87
7352,63,88
7353,63,89
7354,63,90
7355,63,91
7356,63,92
7357,63,93
7358,63,94
7359,63,95
7360,63,96
7361,63,97
7362,63,98
7363,63,99
7364,63,100
7365,63,101
7366,63,102
7367,63,103
7368,63,104
7369,63,105
7370,63,106
7371,63,107
7372,63,108
7373,63,109
7374,63,110
7375,63,111
7376,63,112
7377,63,113
7378,63,114
7379,63,115
7380,63,116
7381,63,117
7382,63,118
7383,63,119
7384,63,120
7385,63,121
7386,63,122
7387,63,123
7388,63,124
7389,63,125
7390,63,126
7391,63,127
7392,64,0
7393,64,1
7394,64,2
7395,64,3
7396,64,4
7397,64,5
7398,64,6
7399,64,7
7400,64,8
7401,64,9
7402,64,10
7403,64,11
7404,64,12
7405,64,13
7406,64,14
7407,64,15
7408,64,16
7409,64,17
7410,64,18
7411,64,19
7412,64,20
7413,64,21
7414,64,22
7415,64,23
7416,64,24
7417,64,25
7418,64,26
7419,64,27
7420,64,28
7421,64,29
7422,64,30
7423,64,31
7424,64,32
7425,64,33
7426,64,34
7427,64,35
7428,64,36
7429,64,37
7430,64,38
7431,64,39
7432,64,40
7433,64,41
7434,64,42
7435,64,43
7436,64,44
7437,64,45
7438,64,46
7439,64,47
7440,64,48
7441,64,49
7442,64,50
7443,64,51
7444,64,52
7445,64,53
7446,64,54
7447,64,55
7448,64,56
7449,64,57
7450,64,58
7451,64,59
7452,64,60
7453,64,61
7454,64,62
7455,64,63
7456,64,64
7457,64,65
7458,64,66
7459,64,67
7460,64,68
7461,64,69
7462,64,70
7463,64,71
7464,64,72
7465,64,73
7466,64,74
7467,64,75
7468,64,76
7469,64,77
7470,64,78
7471,64,79
7472,64,80
7473,64,81
7474,64,82
7475,64,83
7476,64,84
7477,64,85
7478,64,86
7479,64,87
7480,64,88
7481,64,89
7482,64,90
7483,64,91
7484,64,92
7485,64,93
7486,64,94
7487,64,95
7488,64,96
7489,64,97
7490,64,98
7491,64,99
7492,64,100
7493,64,101
7494,64,102
7495,64,103
7496,64,104
7497,64,105
7498,64,106
7499,64,107
7500,64,108
7501,64,109
7502,64,110
7503,64,111
7504,64,112
7505,64,113
7506,64,114
7507,64,115
7508,64,116
7509,64,117
7510,64,118
7511,64,119
7512,64,120
7513,64,121
7514,64,122
7515,64,123
7516,64,124
7517,64,125
7518,64,126
7519,64,127
7520,65,0
7521,65,1
7522,65,2
7523,65,3
7524,65,4
7525,65,5
7526,65,6
7527,65,7
7528,65,8
7529,65,9
7530,65,10
7531,65,11
7532,65,12
7533,65,13
7534,65,14
7535,65,15
7536,65,16
7537,65,17
7538,65,18
7539,65,19
7540,65,20
7541,65,21
7542,65,22
7543,65,23
7544,65,24
7545,65,25
7546,65,26
7547,65,27
7548,65,28
7549,65,29
7550,65,30
7551,65,31
7552,65,32
7553,65,33
7554,65,34
7555,65,35
7556,65,36
7557,65,37
7558,65,38
7559,65,39
7560,65,40
7561,65,41
7562,65,42
7563,65,43
7564,65,44
7565,65,45
7566,65,46
7567,65,47
7568,65,48
7569,65,49
7570,65,50
7571,65,51
7572,65,52
7573,65,53
7574,65,54
7575,65,55
7576,65,56
7577,65,57
7578,65,58
7579,65,59
7580,65,60
7581,65,61
7582,65,62
7583,65,63
7584,65,64
7585,65,65
7586,65,66
7587,65,67
7588,65,68
7589,65,69
7590,65,70
7591,65,71
7592,65,72
7593,65,73
7594,65,74
7595,65,75
7596,65,76
7597,65,77
7598,65,78
7599,65,79
7600,65,80
7601,65,81
7602,65,82
7603,65,83
7604,65,84
7605,65,85
7606,65,86
7607,65,87
7608,65,88
7609,65,89
7610,65,90
7611,65,91
7612,65,92
7613,65,93
7614,65,94
7615,65,95
7616,65,96
7617,65,97
7618,65,98
7619,65,99
7620,65,100
7621,65,101
7622,65,102
7623,65,103
7624,65,104
7625,65,105
7626,65,106
7627,65,107
7628,65,108
7629,65,109
7630,65,110
7631,65,111
7632,65,112
7633,65,113
7634,65,114
7635,65,115
7636,65,116
7637,65,117
7638,65,118
7639,65,119
7640,65,120
7641,65,121
7642,65,122
7643,65,123
7644,65,124
7645,65,125
7646,65,126
7647,65,127
7648,66,0
7649,66,1
7650,66,2
7651,66,3
7652,66,4
7653,66,5
7654,66,6
7655,66,7
7656,66,8
7657,66,9
7658,66,10
7659,66,11
7660,66,12
7661,66,13
7662,66,14
7663,66,15
7664,66,16
7665,66,17
7666,66,18
7667,66,19
7668,66,20
7669,66,21
7670,66,22
7671,66,23
7672,66,24
7673,66,25
7674,66,26
7675,66,27
7676,66,28
7677,66,29
7678,66,30
7679,66,31
7680,66,32
7681,66,33
7682,66,34
7683,66,35
7684,66,36
7685,66,37
7686,66,38
7687,66,39
7688,66,40
7689,66,41
7690,66,42
7691,66,43
7692,66,44
7693,66,45
7694,66,46
7695,66,47
7696,66,48
7697,66,49
7698,66,50
7699,66,51
7700,66,52
7701,66,53
7702,66,54
7703,66,55
7704,66,56
7705,66,57
7706,66,58
7707,66,59
7708,66,60
7709,66,61
7710,66,62
7711,66,63
7712,66,64
7713,66,65
7714,66,66
7715,66,67
7716,66,68
7717,66,69
7718,66,70
7719,66,71
7720,66,72
7721,66,73
7722,66,74
7723,66,75
7724,66,76
7725,66,77
7726,66,78
7727,66,79
7728,66,80
7729,66,81
7730,66,82
7731,66,83
7732,66,84
7733,66,85
7734,66,86
7735,66,87
7736,66,88
7737,66,89
7738,66,90
7739,66,91
7740,66,92
7741,66,93
7742,66,94
7743,66,95
7744,66,96
7745,66,97
7746,66,98
7747,66,99
7748,66,100
7749,66,101
7750,66,102
7751,66,103
7752,66,104
7753,66,105
7754,66,106
7755,66,107
7756,66,108
7757,66,109
7758,66,110
7759,66,111
7760,66,112
7761,66,113
7762,66,114
7763,66,115
7764,66,116
7765,66,117
7766,66,118
7767,66,119
7768,66,120
7769,66,121
7770,66,122
7771,66,123
7772,66,124
7773,66,125
7774,66,126
7775,66,127
7776,67,0
7777,67,1
7778,67,2
7779,67,3
7780,67,4
7781,67,5
7782,67,6
7783,67,7
7784,67,8
7785,67,9
7786,67,10
7787,67,11
7788,67,12
7789,67,13
7790,67,14
7791,67,15
7792,67,16
7793,67,17
7794,67,18
7795,67,19
7796,67,20
7797,67,21
7798,67,22
7799,67,23
7800,67,24
7801,67,25
7802,67,26
7803,67,27
7804,67,28
7805,67,29
7806,67,30
7807,67,31
7808,67,32
7809,67,33
7810,67,34
7811,67,35
7812,67,36
7813,67,37
7814,67,38
7815,67,39
7816,67,40
7817,67,41
7818,67,42
7819,67,43
7820,67,44
7821,67,45
7822,67,46
7823,67,47
7824,67,48
7825,67,49
7826,67,50
7827,67,51
7828,67,52
7829,67,53
7830,67,54
7831,67,55
7832,67,56
7833,67,57
7834,67,58
7835,67,59
7836,67,60
7837,67,61
7838,67,62
7839,67,63
7840,67,64
7841,67,65
7842,67,66
7843,67,67
7844,67,68
7845,67,69
7846,67,70
7847,67,71
7848,67,72
7849,67,73
7850,67,74
7851,67,75
7852,67,76
7853,67,77
7854,67,78
7855,67,79
7856,67,80
7857,67,81
7858,67,82
7859,67,83
7860,67,84
7861,67,85
7862,67,86
7863,67,87
7864,67,88
7865,67,89
7866,67,90
7867,67,91
7868,67,92
7869,67,93
7870,67,94
7871,67,95
7872,67,96
7873,67,97
7874,67,98
7875,67,99
7876,67,100
7877,67,101
7878,67,102
7879,67,103
7880,67,104
7881,67,105
7882,67,106
7883,67,107
7884,67,108
7885,67,109
7886,67,110
7887,67,111
7888,67,112
7889,67,113
7890,67,114
7891,67,115
7892,67,116
7893,67,117
7894,67,118
7895,67,119
7896,67,120
7897,67,121
7898,67,122
7899,67,123
7900,67,124
7901,67,125
7902,67,126
7903,67,127
7904,68,0
7905,68,1
7906,68,2
7907,68,3
7908,68,4
7909,68,5
7910,68,6
7911,68,7
7912,68,8
7913,68,9
7914,68,10
7915,68,11
7916,68,12
7917,68,13
7918,68,14
7919,68,15
7920,68,16
7921,68,17
7922,68,18
7923,68,19
7924,68,20
7925,68,21
7926,68,22
7927,68,23
7928,68,24
7929,68,25
7930,68,26
7931,68,27
7932,68,28
7933,68,29
7934,68,30
7935,68,31
7936,68,32
7937,68,33
7938,68,34
7939,68,35
7940,68,36
7941,68,37
7942,68,38
7943,68,39
7944,68,40
7945,68,41
7946,68,42
7947,68,43
7948,68,44
7949,68,45
7950,68,46
7951,68,47
7952,68,48
7953,68,49
7954,68,50
7955,68,51
7956,68,52
7957,68,53
7958,68,54
7959,68,55
7960,68,56
7961,68,57
7962,68,58
7963,68,59
7964,68,60
7965,68,61
7966,68,62
7967,68,63
7968,68,64
7969,68,65
7970,68,66
7971,68,67
7972,68,68
7973,68,69
7974,68,70
7975,68,71
7976,68,72
7977,68,73
7978,68,74
7979,68,75
7980,68,76
7981,68,77
7982,68,78
7983,68,79
7984,68,80
7985,68,81
7986,68,82
7987,68,83
7988,68,84
7989,68,85
7990,68,86
7991,68,87
7992,68,88
7993,68,89
7994,68,90
7995,68,91
7996,68,92
7997,68,93
7998,68,94
7999,68,95
8000,68,96
8001,68,97
8002,68,98
8003,68,99
8004,68,100
8005,68,101
8006,68,102
8007,68,103
8008,68,104
8009,68,105
8010,68,106
8011,68,107
8012,68,108
8013,68,109
8014,68,110
8015,68,111
8016,68,112
8017,68,113
8018,68,114
8019,68,115
8020,68,116
8021,68,117
8022,68,118
8023,68,119
8024,68,120
8025,68,121
8026,68,122
8027,68,123
8028,68,124
8029,68,125
8030,68,126
8031,68,127
8032,69,0
8033,69,1
8034,69,2
8035,69,3
8036,69,4
8037,69,5
8038,69,6
8039,69,7
8040,69,8
8041,69,9
8042,69,10
8043,69,11
8044,69,12
8045,69,13
8046,69,14
8047,69,15
8048,69,16
8049,69,17
8050,69,18
8051,69,19
8052,69,20
8053,69,21
8054,69,22
8055,69,23
8056,69,24
8057,69,25
8058,69,26
8059,69,27
8060,69,28
8061,69,29
8062,69,30
8063,69,31
8064,69,32
8065,69,33
8066,69,34
8067,69,35
8068,69,36
8069,69,37
8070,69,38
8071,69,39
8072,69,40
8073,69,41
8074,69,42
8075,69,43
8076,69,44
8077,69,45
8078,69,46
8079,69,47
8080,69,48
8081,69,49
8082,69,50
8083,69,51
8084,69,52
8085,69,53
8086,69,54
8087,69,55
8088,69,56
8089,69,57
8090,69,58
8091,69,59
8092,69,60
8093,69,61
8094,69,62
8095,69,63
8096,69,64
8097,69,65
8098,69,66
8099,69,67
8100,69,68
8101,69,69
8102,69,70
8103,69,71
8104,69,72
8105,69,73
8106,69,74
8107,69,75
8108,69,76
8109,69,77
8110,69,78
8111,69,79
8112,69,80
8113,69,81
8114,69,82
8115,69,83
8116,69,84
8117,69,85
8118,69,86
8119,69,87
8120,69,88
8121,69,89
8122,69,90
8123,69,91
8124,69,92
8125,69,93
8126,69,94
8127,69,95
8128,69,96
8129,69,97
8130,69,98
8131,69,99
8132,69,100
8133,69,101
8134,69,102
8135,69,103
8136,69,104
8137,69,105
8138,69,106
8139,69,107
8140,69,108
8141,69,109
8142,69,110
8143,69,111
8144,69,112
8145,69,113
8146,69,114
8147,69,115
8148,69,116
8149,69,117
8150,69,118
8151,69,119
8152,69,120
8153,69,121
8154,69,122
8155,69,123
8156,69,124
8157,69,125
8158,69,126
8159,69,127
8160,70,0
8161,70,1
8162,70,2
8163,70,3
8164,70,4
8165,70,5
8166,70,6
8167,70,7
8168,70,8
8169,70,9
8170,70,10
8171,70,11
8172,70,12
8173,70,13
8174,70,14
8175,70,15
8176,70,16
8177,70,17
8178,70,18
8179,70,19
8180,70,20
8181,70,21
8182,70,22
8183,70,23
8184,70,24
8185,70,25
8186,70,26
8187,70,27
8188,70,28
8189,70,29
8190,70,30
8191,70,31
8192,70,32
8193,70,33
8194,70,34
8195,70,35
8196,70,36
8197,70,37
8198,70,38
8199,70,39
8200,70,40
8201,70,41
8202,70,42
8203,70,43
8204,70,44
8205,70,45
8206,70,46
8207,70,47
8208,70,48
8209,70,49
8210,70,50
8211,70,51
8212,70,52
8213,70,53
8214,70,54
8215,70,55
8216,70,56
8217,70,57
8218,70,58
8219,70,59
8220,70,60
8221,70,61
8222,70,62
8223,70,63
8224,70,64
8225,70,65
8226,70,66
8227,70,67
8228,70,68
8229,70,69
8230,70,70
8231,70,71
8232,70,72
8233,70,73
8234,70,74
8235,70,75
8236,70,76
8237,70,77
8238,70,78
8239,70,79
8240,70,80
8241,70,81
8242,70,82
8243,70,83
8244,70,84
8245,70,85
8246,70,86
8247,70,87
8248,70,88
8249,70,89
8250,70,90
8251,70,91
8252,70,92
8253,70,93
8254,70,94
8255,70,95
8256,70,96
8257,70,97
8258,70,98
8259,70,99
8260,70,100
8261,70,101
8262,70,102
8263,70,103
8264,70,104
8265,70,105
8266,70,106
8267,70,107
8268,70,108
8269,70,109
8270,70,110
8271,70,111
8272,70,112
8273,70,113
8274,70,114
8275,70,115
8276,70,116
8277,70,117
8278,70,118
8279,70,119
8280,70,120
8281,70,121
8282,70,122
8283,70,123
8284,70,124
8285,70,125
8286,70,126
8287,70,127
8288,71,0
8289,71,1
8290,71,2
8291,71,3
8292,71,4
8293,71,5
8294,71,6
8295,71,7
8296,71,8
8297,71,9
8298,71,10
8299,71,11
8300,71,12
8301,71,13
8302,71,14
8303,71,15
8304,71,16
8305,71,17
8306,71,18
8307,71,19
8308,71,20
8309,71,21
8310,71,22
8311,71,23
8312,71,24
8313,71,25
8314,71,26
8315,71,27
8316,71,28
8317,71,29
8318,71,30
8319,71,31
8320,71,32
8321,71,33
8322,71,34
8323,71,35
8324,71,36
8325,71,37
8326,71,38
8327,71,39
8328,71,40
8329,71,41
8330,71,42
8331,71,43
8332,71,44
8333,71,45
8334,71,46
8335,71,47
8336,71,48
8337,71,49
8338,71,50
8339,71,51
8340,71,52
8341,71,53
8342,71,54
8343,71,55
8344,71,56
8345,71,57
8346,71,58
8347,71,59
8348,71,60
8349,71,61
8350,71,62
8351,71,63
8352,71,64
8353,71,65
8354,71,66
8355,71,67
8356,71,68
8357,71,69
8358,71,70
8359,71,71
8360,71,72
8361,71,73
8362,71,74
8363,71,75
8364,71,76
8365,71,77
8366,71,78
8367,71,79
8368,71,80
8369,71,81
8370,71,82
8371,71,83
8372,71,84
8373,71,85
8374,71,86
8375,71,87
8376,71,88
8377,71,89
8378,71,90
8379,71,91
8380,71,92
8381,71,93
8382,71,94
8383,71,95
8384,71,96
8385,71,97
8386,71,98
8387,71,99
8388,71,100
8389,71,101
8390,71,102
8391,71,103
8392,71,104
8393,71,105
8394,71,106
8395,71,107
8396,71,108
8397,71,109
8398,71,110
8399,71,111
8400,71,112
8401,71,113
8402,71,114
8403,71,115
8404,71,116
8405,71,117
8406,71,118
8407,71,119
8408,71,120
8409,71,121
8410,71,122
8411,71,123
8412,71,124
8413,71,125
8414,71,126
8415,71,127
8416,72,0
8417,72,1
8418,72,2
8419,72,3
8420,72,4
8421,72,5
8422,72,6
8423,72,7
8424,72,8
8425,72,9
8426,72,10
8427,72,11
8428,72,12
8429,72,13
8430,72,14
8431,72,15
8432,72,16
8433,72,17
8434,72,18
8435,72,19
8436,72,20
8437,72,21
8438,72,22
8439,72,23
8440,72,24
8441,72,25
8442,72,26
8443,72,27
8444,72,28
8445,72,29
8446,72,30
8447,72,31
8448,72,32
8449,72,33
8450,72,34
8451,72,35
8452,72,36
8453,72,37
8454,72,38
8455,72,39
8456,72,40
8457,72,41
8458,72,42
8459,72,43
8460,72,44
8461,72,45
8462,72,46
8463,72,47
8464,72,48
8465,72,49
8466,72,50
8467,72,51
8468,72,52
8469,72,53
8470,72,54
8471,72,55
8472,72,56
8473,72,57
8474,72,58
8475,72,59
8476,72,60
8477,72,61
8478,72,62
8479,72,63
8480,72,64
8481,72,65
8482,72,66
8483,72,67
8484,72,68
8485,72,69
8486,72,70
8487,72,71
8488,72,72
8489,72,73
8490,72,74
8491,72,75
8492,72,76
8493,72,77
8494,72,78
8495,72,79
8496,72,80
8497,72,81
8498,72,82
8499,72,83
8500,72,84
8501,72,85
8502,72,86
8503,72,87
8504,72,88
8505,72,89
8506,72,90
8507,72,91
8508,72,92
8509,72,93
8510,72,94
8511,72,95
8512,72,96
8513,72,97
8514,72,98
8515,72,99
8516,72,100
8517,72,101
8518,72,102
8519,72,103
8520,72,104
8521,72,105
8522,72,106
8523,72,107
8524,72,108
8525,72,109
8526,72,110
8527,72,111
8528,72,112
8529,72,113
8530,72,114
8531,72,115
8532,72,116
8533,72,117
8534,72,118
8535,72,119
8536,72,120
8537,72,121
8538,72,122
8539,72,123
8540,72,124
8541,72,125
8542,72,126
8543,72,127
8544,73,0
8545,73,1
8546,73,2
8547,73,3
8548,73,4
8549,73,5
8550,73,6
8551,73,7
8552,73,8
8553,73,9
8554,73,10
8555,73,11
8556,73,12
8557,73,13
8558,73,14
8559,73,15
8560,73,16
8561,73,17
8562,73,18
8563,73,19
8564,73,20
8565,73,21
8566,73,22
8567,73,23
8568,73,24
8569,73,25
8570,73,26
8571,73,27
8572,73,28
8573,73,29
8574,73,30
8575,73,31
8576,73,32
8577,73,33
8578,73,34
8579,73,35
8580,73,36
8581,73,37
8582,73,38
8583,73,39
8584,73,40
8585,73,41
8586,73,42
8587,73,43
8588,73,44
8589,73,45
8590,73,46
8591,73,47
8592,73,48
8593,73,49
8594,73,50
8595,73,51
8596,73,52
8597,73,53
8598,73,54
8599,73,55
8600,73,56
8601,73,57
8602,73,58
8603,73,59
8604,73,60
8605,73,61
8606,73,62
8607,73,63
8608,73,64
8609,73,65
8610,73,66
8611,73,67
8612,73,68
8613,73,69
8614,73,70
8615,73,71
8616,73,72
8617,73,73
8618,73,74
8619,73,75
8620,73,76
8621,73,77
8622,73,78
8623,73,79
8624,73,80
8625,73,81
8626,73,82
8627,73,83
8628,73,84
8629,73,85
8630,73,86
8631,73,87
8632,73,88
8633,73,89
8634,73,90
8635,73,91
8636,73,92
8637,73,93
8638,73,94
8639,73,95
8640,73,96
8641,73,97
8642,73,98
8643,73,99
8644,73,100
8645,73,101
8646,73,102
8647,73,103
8648,73,104
8649,73,105
8650,73,106
8651,73,107
8652,73,108
8653,73,109
8654,73,110
8655,73,111
8656,73,112
8657,73,113
8658,73,114
8659,73,115
8660,73,116
8661,73,117
8662,73,118
8663,73,119
8664,73,120
8665,73,121
8666,73,122
8667,73,123
8668,73,124
8669,73,125
8670,73,126
8671,73,127
8672,74,0
8673,74,1
8674,74,2
8675,74,3
8676,74,4
8677,74,5
8678,74,6
8679,74,7
8680,74,8
8681,74,9
8682,74,10
8683,74,11
8684,74,12
8685,74,13
8686,74,14
8687,74,15
8688,74,16
8689,74,17
8690,74,18
8691,74,19
8692,74,20
8693,74,21
8694,74,22
8695,74,23
8696,74,24
8697,74,25
8698,74,26
8699,74,27
8700,74,28
8701,74,29
8702,74,30
8703,74,31
8704,74,32
8705,74,33
8706,74,34
8707,74,35
8708,74,36
8709,74,37
8710,74,38
8711,74,39
8712,74,40
8713,74,41
8714,74,42
8715,74,43
8716,74,44
8717,74,45
8718,74,46
8719,74,47
8720,74,48
8721,74,49
8722,74,50
8723,74,51
8724,74,52
8725,74,53
8726,74,54
8727,74,55
8728,74,56
8729,74,57
8730,74,58
8731,74,59
8732,74,60
8733,74,61
8734,74,62
8735,74,63
8736,74,64
8737,74,65
8738,74,66
8739,74,67
8740,74,68
8741,74,69
8742,74,70
8743,74,71
8744,74,72
8745,74,73
8746,74,74
8747,74,75
8748,74,76
8749,74,77
8750,74,78
8751,74,79
8752,74,80
8753,74,81
8754,74,82
8755,74,83
8756,74,84
8757,74,85
8758,74,86
8759,74,87
8760,74,88
8761,74,89
8762,74,90
8763,74,91
8764,74,92
8765,74,93
8766,74,94
8767,74,95
8768,74,96
8769,74,97
8770,74,98
8771,74,99
8772,74,100
8773,74,101
8774,74,102
8775,74,103
8776,74,104
8777,74,105
8778,74,106
8779,74,107
8780,74,108
8781,74,109
8782,74,110
8783,74,111
8784,74,112
8785,74,113
8786,74,114
8787,74,115
8788,74,116
8789,74,117
8790,74,118
8791,74,119
8792,74,120
8793,74,121
8794,74,122
8795,74,123
8796,74,124
8797,74,125
8798,74,126
8799,74,127
8800,75,0
8801,75,1
8802,75,2
8803,75,3
8804,75,4
8805,75,5
8806,75,6
8807,75,7
8808,75,8
8809,75,9
8810,75,10
8811,75,11
8812,75,12
8813,75,13
8814,75,14
8815,75,15
8816,75,16
8817,75,17
8818,75,18
8819,75,19
8820,75,20
8821,75,21
8822,75,22
8823,75,23
8824,75,24
8825,75,25
8826,75,26
8827,75,27
8828,75,28
8829,75,29
8830,75,30
8831,75,31
8832,75,32
8833,75,33
8834,75,34
8835,75,35
8836,75,36
8837,75,37
8838,75,38
8839,75,39
8840,75,40
8841,75,41
8842,75,42
8843,75,43
8844,75,44
8845,75,45
8846,75,46
8847,75,47
8848,75,48
8849,75,49
8850,75,50
8851,75,51
8852,75,52
8853,75,53
8854,75,54
8855,75,55
8856,75,56
8857,75,57
8858,75,58
8859,75,59
8860,75,60
8861,75,61
8862,75,62
8863,75,63
8864,75,64
8865,75,65
8866,75,66
8867,75,67
8868,75,68
8869,75,69
8870,75,70
8871,75,71
8872,75,72
8873,75,73
8874,75,74
8875,75,75
8876,75,76
8877,75,77
8878,75,78
8879,75,79
8880,75,80
8881,75,81
8882,75,82
8883,75,83
8884,75,84
8885,75,85
8886,75,86
8887,75,87
8888,75,88
8889,75,89
8890,75,90
8891,75,91
8892,75,92
8893,75,93
8894,75,94
8895,75,95
8896,75,96
8897,75,97
8898,75,98
8899,75,99
8900,75,100
8901,75,101
8902,75,102
8903,75,103
8904,75,104
8905,75,105
8906,75,106
8907,75,107
8908,75,108
8909,75,109
8910,75,110
8911,75,111
8912,75,112
8913,75,113
8914,75,114
8915,75,115
8916,75,116
8917,75,117
8918,75,118
8919,75,119
8920,75,120
8921,75,121
8922,75,122
8923,75,123
8924,75,124
8925,75,125
8926,75,126
8927,75,127
8928,76,0
8929,76,1
8930,76,2
8931,76,3
8932,76,4
8933,76,5
8934,76,6
8935,76,7
8936,76,8
8937,76,9
8938,76,10
8939,76,11
8940,76,12
8941,76,13
8942,76,14
8943,76,15
8944,76,16
8945,76,17
8946,76,18
8947,76,19
8948,76,20
8949,76,21
8950,76,22
8951,76,23
8952,76,24
8953,76,25
8954,76,26
8955,76,27
8956,76,28
8957,76,29
8958,76,30
8959,76,31
8960,76,32
8961,76,33
8962,76,34
8963,76,35
8964,76,36
8965,76,37
8966,76,38
8967,76,39
8968,76,40
8969,76,41
8970,76,42
8971,76,43
8972,76,44
8973,76,45
8974,76,46
8975,76,47
8976,76,48
8977,76,49
8978,76,50
8979,76,51
8980,76,52
8981,76,53
8982,76,54
8983,76,55
8984,76,56
8985,76,57
8986,76,58
8987,76,59
8988,76,60
8989,76,61
8990,76,62
8991,76,63
8992,76,64
8993,76,65
8994,76,66
8995,76,67
8996,76,68
8997,76,69
8998,76,70
8999,76,71
9000,76,72
9001,76,73
9002,76,74
9003,76,75
9004,76,76
9005,76,77
9006,76,78
9007,76,79
9008,76,80
9009,76,81
9010,76,82
9011,76,83
9012,76,84
9013,76,85
9014,76,86
9015,76,87
9016,76,88
9017,76,89
9018,76,90
9019,76,91
9020,76,92
9021,76,93
9022,76,94
9023,76,95
9024,76,96
9025,76,97
9026,76,98
9027,76,99
9028,76,100
9029,76,101
9030,76,102
9031,76,103
9032,76,104
9033,76,105
9034,76,106
9035,76,107
9036,76,108
9037,76,109
9038,76,110
9039,76,111
9040,76,112
9041,76,113
9042,76,114
9043,76,115
9044,76,116
9045,76,117
9046,76,118
9047,76,119
9048,76,120
9049,76,121
9050,76,122
9051,76,123
9052,76,124
9053,76,125
9054,76,126
9055,76,127
9056,77,0
9057,77,1
9058,77,2
9059,77,3
9060,77,4
9061,77,5
9062,77,6
9063,77,7
9064,77,8
9065,77,9
9066,77,10
9067,77,11
9068,77,12
9069,77,13
9070,77,14
9071,77,15
9072,77,16
9073,77,17
9074,77,18
9075,77,19
9076,77,20
9077,77,21
9078,77,22
9079,77,23
9080,77,24
9081,77,25
9082,77,26
9083,77,27
9084,77,28
9085,77,29
9086,77,30
9087,77,31
9088,77,32
9089,77,33
9090,77,34
9091,77,35
9092,77,36
9093,77,37
9094,77,38
9095,77,39
9096,77,40
9097,77,41
9098,77,42
9099,77,43
9100,77,44
9101,77,45
9102,77,46
9103,77,47
9104,77,48
9105,77,49
9106,77,50
9107,77,51
9108,77,52
9109,77,53
9110,77,54
9111,77,55
9112,77,56
9113,77,57
9114,77,58
9115,77,59
9116,77,60
9117,77,61
9118,77,62
9119,77,63
9120,77,64
9121,77,65
9122,77,66
9123,77,67
9124,77,68
9125,77,69
9126,77,70
9127,77,71
9128,77,72
9129,77,73
9130,77,74
9131,77,75
9132,77,76
9133,77,77
9134,77,78
9135,77,79
9136,77,80
9137,77,81
9138,77,82
9139,77,83
9140,77,84
9141,77,85
9142,77,86
9143,77,87
9144,77,88
9145,77,89
9146,77,90
9147,77,91
9148,77,92
9149,77,93
9150,77,94
9151,77,95
9152,77,96
9153,77,97
9154,77,98
9155,77,99
9156,77,100
9157,77,101
9158,77,102
9159,77,103
9160,77,104
9161,77,105
9162,77,106
9163,77,107
9164,77,108
9165,77,109
9166,77,110
9167,77,111
9168,77,112
9169,77,113
9170,77,114
9171,77,115
9172,77,116
9173,77,117
9174,77,118
9175,77,119
9176,77,120
9177,77,121
9178,77,122
9179,77,123
9180,77,124
9181,77,125
9182,77,126
9183,77,127
9184,78,0
9185,78,1
9186,78,2
9187,78,3
9188,78,4
9189,78,5
9190,78,6
9191,78,7
9192,78,8
9193,78,9
9194,78,10
9195,78,11
9196,78,12
9197,78,13
9198,78,14
9199,78,15
9200,78,16
9201,78,17
9202,78,18
9203,78,19
9204,78,20
9205,78,21
9206,78,22
9207,78,23
9208,78,24
9209,78,25
9210,78,26
9211,78,27
9212,78,28
9213,78,29
9214,78,30
9215,78,31
9216,78,32
9217,78,33
9218,78,34
9219,78,35
9220,78,36
9221,78,37
9222,78,38
9223,78,39
9224,78,40
9225,78,41
9226,78,42
9227,78,43
9228,78,44
9229,78,45
9230,78,46
9231,78,47
9232,78,48
9233,78,49
9234,78,50
9235,78,51
9236,78,52
9237,78,53
9238,78,54
9239,78,55
9240,78,56
9241,78,57
9242,78,58
9243,78,59
9244,78,60
9245,78,61
9246,78,62
9247,78,63
9248,78,64
9249,78,65
9250,78,66
9251,78,67
9252,78,68
9253,78,69
9254,78,70
9255,78,71
9256,78,72
9257,78,73
9258,78,74
9259,78,75
9260,78,76
9261,78,77
9262,78,78
9263,78,79
9264,78,80
9265,78,81
9266,78,82
9267,78,83
9268,78,84
9269,78,85
9270,78,86
9271,78,87
9272,78,88
9273,78,89
9274,78,90
9275,78,91
9276,78,92
9277,78,93
9278,78,94
9279,78,95
9280,78,96
9281,78,97
9282,78,98
9283,78,99
9284,78,100
9285,78,101
9286,78,102
9287,78,103
9288,78,104
9289,78,105
9290,78,106
9291,78,107
9292,78,108
9293,78,109
9294,78,110
9295,78,111
9296,78,112
9297,78,113
9298,78,114
9299,78,115
9300,78,116
9301,78,117
9302,78,118
9303,78,119
9304,78,120
9305,78,121
9306,78,122
9307,78,123
9308,78,124
9309,78,125
9310,78,126
9311,78,127
9312,79,0
9313,79,1
9314,79,2
9315,79,3
9316,79,4
9317,79,5
9318,79,6
9319,79,7
9320,79,8
9321,79,9
9322,79,10
9323,79,11
9324,79,12
9325,79,13
9326,79,14
9327,79,15
9328,79,16
9329,79,17
9330,79,18
9331,79,19
9332,79,20
9333,79,21
9334,79,22
9335,79,23
9336,79,24
9337,79,25
9338,79,26
9339,79,27
9340,79,28
9341,79,29
9342,79,30
9343,79,31
9344,79,32
9345,79,33
9346,79,34
9347,79,35
9348,79,36
9349,79,37
9350,79,38
9351,79,39
9352,79,40
9353,79,41
9354,79,42
9355,79,43
9356,79,44
9357,79,45
9358,79,46
9359,79,47
9360,79,48
9361,79,49
9362,79,50
9363,79,51
9364,79,52
9365,79,53
9366,79,54
9367,79,55
9368,79,56
9369,79,57
9370,79,58
9371,79,59
9372,79,60
9373,79,61
9374,79,62
9375,79,63
9376,79,64
9377,79,65
9378,79,66
9379,79,67
9380,79,68
9381,79,69
9382,79,70
9383,79,71
9384,79,72
9385,79,73
9386,79,74
9387,79,75
9388,79,76
9389,79,77
9390,79,78
9391,79,79
9392,79,80
9393,79,81
9394,79,82
9395,79,83
9396,79,84
9397,79,85
9398,79,86
9399,79,87
9400,79,88
9401,79,89
9402,79,90
9403,79,91
9404,79,92
9405,79,93
9406,79,94
9407,79,95
9408,79,96
9409,79,97
9410,79,98
9411,79,99
9412,79,100
9413,79,101
9414,79,102
9415,79,103
9416,79,104
9417,79,105
9418,79,106
9419,79,107
9420,79,108
9421,79,109
9422,79,110
9423,79,111
9424,79,112
9425,79,113
9426,79,114
9427,79,115
9428,79,116
9429,79,117
9430,79,118
9431,79,119
9432,79,120
9433,79,121
9434,79,122
9435,79,123
9436,79,124
9437,79,125
9438,79,126
9439,79,127
9440,80,0
9441,80,1
9442,80,2
9443,80,3
9444,80,4
9445,80,5
9446,80,6
9447,80,7
9448,80,8
9449,80,9
9450,80,10
9451,80,11
9452,80,12
9453,80,13
9454,80,14
9455,80,15
9456,80,16
9457,80,17
9458,80,18
9459,80,19
9460,80,20
9461,80,21
9462,80,22
9463,80,23
9464,80,24
9465,80,25
9466,80,26
9467,80,27
9468,80,28
9469,80,29
9470,80,30
9471,80,31
9472,80,32
9473,80,33
9474,80,34
9475,80,35
9476,80,36
9477,80,37
9478,80,38
9479,80,39
9480,80,40
9481,80,41
9482,80,42
9483,80,43
9484,80,44
9485,80,45
9486,80,46
9487,80,47
9488,80,48
9489,80,49
9490,80,50
9491,80,51
9492,80,52
9493,80,53
9494,80,54
9495,80,55
9496,80,56
9497,80,57
9498,80,58
9499,80,59
9500,80,60
9501,80,61
9502,80,62
9503,80,63
9504,80,64
9505,80,65
9506,80,66
9507,80,67
9508,80,68
9509,80,69
9510,80,70
9511,80,71
9512,80,72
9513,80,73
9514,80,74
9515,80,75
9516,80,76
9517,80,77
9518,80,78
9519,80,79
9520,80,80
9521,80,81
9522,80,82
9523,80,83
9524,80,84
9525,80,85
9526,80,86
9527,80,87
9528,80,88
9529,80,89
9530,80,90
9531,80,91
9532,80,92
9533,80,93
9534,80,94
9535,80,95
9536,80,96
9537,80,97
9538,80,98
9539,80,99
9540,80,100
9541,80,101
9542,80,102
9543,80,103
9544,80,104
9545,80,105
9546,80,106
9547,80,107
9548,80,108
9549,80,109
9550,80,110
9551,80,111
9552,80,112
9553,80,113
9554,80,114
9555,80,115
9556,80,116
9557,80,117
9558,80,118
9559,80,119
9560,80,120
9561,80,121
9562,80,122
9563,80,123
9564,80,124
9565,80,125
9566,80,126
9567,80,127
9568,81,0
9569,81,1
9570,81,2
9571,81,3
9572,81,4
9573,81,5
9574,81,6
9575,81,7
9576,81,8
9577,81,9
9578,81,10
9579,81,11
9580,81,12
9581,81,13
9582,81,14
9583,81,15
9584,81,16
9585,81,17
9586,81,18
9587,81,19
9588,81,20
9589,81,21
9590,81,22
9591,81,23
9592,81,24
9593,81,25
9594,81,26
9595,81,27
9596,81,28
9597,81,29
9598,81,30
9599,81,31
9600,81,32
9601,81,33
9602,81,34
9603,81,35
9604,81,36
9605,81,37
9606,81,38
9607,81,39
9608,81,40
9609,81,41
9610,81,42
9611,81,43
9612,81,44
9613,81,45
9614,81,46
9615,81,47
9616,81,48
9617,81,49
9618,81,50
9619,81,51
9620,81,52
9621,81,53
9622,81,54
9623,81,55
9624,81,56
9625,81,57
9626,81,58
9627,81,59
9628,81,60
9629,81,61
9630,81,62
9631,81,63
9632,81,64
9633,81,65
9634,81,66
9635,81,67
9636,81,68
9637,81,69
9638,81,70
9639,81,71
9640,81,72
9641,81,73
9642,81,74
9643,81,75
9644,81,76
9645,81,77
9646,81,78
9647,81,79
9648,81,80
9649,81,81
9650,81,82
9651,81,83
9652,81,84
9653,81,85
9654,81,86
9655,81,87
9656,81,88
9657,81,89
9658,81,90
9659,81,91
9660,81,92
9661,81,93
9662,81,94
9663,81,95
9664,81,96
9665,81,97
9666,81,98
9667,81,99
9668,81,100
9669,81,101
9670,81,102
9671,81,103
9672,81,104
9673,81,105
9674,81,106
9675,81,107
9676,81,108
9677,81,109
9678,81,110
9679,81,111
9680,81,112
9681,81,113
9682,81,114
9683,81,115
9684,81,116
9685,81,117
9686,81,118
9687,81,119
9688,81,120
9689,81,121
9690,81,122
9691,81,123
9692,81,124
9693,81,125
9694,81,126
9695,81,127
9696,82,0
9697,82,1
9698,82,2
9699,82,3
9700,82,4
9701,82,5
9702,82,6
9703,82,7
9704,82,8
9705,82,9
9706,82,10
9707,82,11
9708,82,12
9709,82,13
9710,82,14
9711,82,15
9712,82,16
9713,82,17
9714,82,18
9715,82,19
9716,82,20
9717,82,21
9718,82,22
9719,82,23
9720,82,24
9721,82,25
9722,82,26
9723,82,27
9724,82,28
9725,82,29
9726,82,30
9727,82,31
9728,82,32
9729,82,33
9730,82,34
9731,82,35
9732,82,36
9733,82,37
9734,82,38
9735,82,39
9736,82,40
9737,82,41
9738,82,42
9739,82,43
9740,82,44
9741,82,45
9742,82,46
9743,82,47
9744,82,48
9745,82,49
9746,82,50
9747,82,51
9748,82,52
9749,82,53
9750,82,54
9751,82,55
9752,82,56
9753,82,57
9754,82,58
9755,82,59
9756,82,60
9757,82,61
9758,82,62
9759,82,63
9760,82,64
9761,82,65
9762,82,66
9763,82,67
9764,82,68
9765,82,69
9766,82,70
9767,82,71
9768,82,72
9769,82,73
9770,82,74
9771,82,75
9772,82,76
9773,82,77
9774,82,78
9775,82,79
9776,82,80
9777,82,81
9778,82,82
9779,82,83
9780,82,84
9781,82,85
9782,82,86
9783,82,87
9784,82,88
9785,82,89
9786,82,90
9787,82,91
9788,82,92
9789,82,93
9790,82,94
9791,82,95
9792,82,96
9793,82,97
9794,82,98
9795,82,99
9796,82,100
9797,82,101
9798,82,102
9799,82,103
9800,82,104
9801,82,105
9802,82,106
9803,82,107
9804,82,108
9805,82,109
9806,82,110
9807,82,111
9808,82,112
9809,82,113
9810,82,114
9811,82,115
9812,82,116
9813,82,117
9814,82,118
9815,82,119
9816,82,120
9817,82,121
9818,82,122
9819,82,123
9820,82,124
9821,82,125
9822,82,126
9823,82,127
9824,83,0
9825,83,1
9826,83,2
9827,83,3
9828,83,4
9829,83,5
9830,83,6
9831,83,7
9832,83,8
9833,83,9
9834,83,10
9835,83,11
9836,83,12
9837,83,13
9838,83,14
9839,83,15
9840,83,16
9841,83,17
9842,83,18
9843,83,19
9844,83,20
9845,83,21
9846,83,22
9847,83,23
9848,83,24
9849,83,25
9850,83,26
9851,83,27
9852,83,28
9853,83,29
9854,83,30
9855,83,31
9856,83,32
9857,83,33
9858,83,34
9859,83,35
9860,83,36
9861,83,37
9862,83,38
9863,83,39
9864,83,40
9865,83,41
9866,83,42
9867,83,43
9868,83,44
9869,83,45
9870,83,46
9871,83,47
9872,83,48
9873,83,49
9874,83,50
9875,83,51
9876,83,52
9877,83,53
9878,83,54
9879,83,55
9880,83,56
9881,83,57
9882,83,58
9883,83,59
9884,83,60
9885,83,61
9886,83,62
9887,83,63
9888,83,64
9889,83,65
9890,83,66
9891,83,67
9892,83,68
9893,83,69
9894,83,70
9895,83,71
9896,83,72
9897,83,73
9898,83,74
9899,83,75
9900,83,76
9901,83,77
9902,83,78
9903,83,79
9904,83,80
9905,83,81
9906,83,82
9907,83,83
9908,83,84
9909,83,85
9910,83,86
9911,83,87
9912,83,88
9913,83,89
9914,83,90
9915,83,91
9916,83,92
9917,83,93
9918,83,94
9919,83,95
9920,83,96
9921,83,97
9922,83,98
9923,83,99
9924,83,100
9925,83,101
9926,83,102
9927,83,103
9928,83,104
9929,83,105
9930,83,106
9931,83,107
9932,83,108
9933,83,109
9934,83,110
9935,83,111
9936,83,112
9937,83,113
9938,83,114
9939,83,115
9940,83,116
9941,83,117
9942,83,118
9943,83,119
9944,83,120
9945,83,121
9946,83,122
9947,83,123
9948,83,124
9949,83,125
9950,83,126
9951,83,127
9952,84,0
9953,84,1
9954,84,2
9955,84,3
9956,84,4
9957,84,5
9958,84,6
9959,84,7
9960,84,8
9961,84,9
9962,84,10
9963,84,11
9964,84,12
9965,84,13
9966,84,14
9967,84,15
9968,84,16
9969,84,17
9970,84,18
9971,84,19
9972,84,20
9973,84,21
9974,84,22
9975,84,23
9976,84,24
9977,84,25
9978,84,26
9979,84,27
9980,84,28
9981,84,29
9982,84,30
9983,84,31
9984,84,32
9985,84,33
9986,84,34
9987,84,35
9988,84,36
9989,84,37
9990,84,38
9991,84,39
9992,84,40
9993,84,41
9994,84,42
9995,84,43
9996,84,44
9997,84,45
9998,84,46
9999,84,47
10000,84,48
10001,84,49
10002,84,50
10003,84,51
10004,84,52
10005,84,53
10006,84,54
10007,84,55
10008,84,56
10009,84,57
10010,84,58
10011,84,59
10012,84,60
10013,84,61
10014,84,62
10015,84,63
10016,84,64
10017,84,65
10018,84,66
10019,84,67
10020,84,68
10021,84,69
10022,84,70
10023,84,71
10024,84,72
10025,84,73
10026,84,74
10027,84,75
10028,84,76
10029,84,77
10030,84,78
10031,84,79
10032,84,80
10033,84,81
10034,84,82
10035,84,83
10036,84,84
10037,84,85
10038,84,86
10039,84,87
10040,84,88
10041,84,89
10042,84,90
10043,84,91
10044,84,92
10045,84,93
10046,84,94
10047,84,95
10048,84,96
10049,84,97
10050,84,98
10051,84,99
10052,84,100
10053,84,101
10054,84,102
10055,84,103
10056,84,104
10057,84,105
10058,84,106
10059,84,107
10060,84,108
10061,84,109
10062,84,110
10063,84,111
10064,84,112
10065,84,113
10066,84,114
10067,84,115
10068,84,116
10069,84,117
10070,84,118
10071,84,119
10072,84,120
10073,84,121
10074,84,122
10075,84,123
10076,84,124
10077,84,125
10078,84,126
10079,84,127
10080,85,0
10081,85,1
10082,85,2
10083,85,3
10084,85,4
10085,85,5
10086,85,6
10087,85,7
10088,85,8
10089,85,9
10090,85,10
10091,85,11
10092,85,12
10093,85,13
10094,85,14
10095,85,15
10096,85,16
10097,85,17
10098,85,18
10099,85,19
10100,85,20
10101,85,21
10102,85,22
10103,85,23
10104,85,24
10105,85,25
10106,85,26
10107,85,27
10108,85,28
10109,85,29
10110,85,30
10111,85,31
10112,85,32
10113,85,33
10114,85,34
10115,85,35
10116,85,36
10117,85,37
10118,85,38
10119,85,39
10120,85,40
10121,85,41
10122,85,42
10123,85,43
10124,85,44
10125,85,45
10126,85,46
10127,85,47
10128,85,48
10129,85,49
10130,85,50
10131,85,51
10132,85,52
10133,85,53
10134,85,54
10135,85,55
10136,85,56
10137,85,57
10138,85,58
10139,85,59
10140,85,60
10141,85,61
10142,85,62
10143,85,63
10144,85,64
10145,85,65
10146,85,66
10147,85,67
10148,85,68
10149,85,69
10150,85,70
10151,85,71
10152,85,72
10153,85,73
10154,85,74
10155,85,75
10156,85,76
10157,85,77
10158,85,78
10159,85,79
10160,85,80
10161,85,81
10162,85,82
10163,85,83
10164,85,84
10165,85,85
10166,85,86
10167,85,87
10168,85,88
10169,85,89
10170,85,90
10171,85,91
10172,85,92
10173,85,93
10174,85,94
10175,85,95
10176,85,96
10177,85,97
10178,85,98
10179,85,99
10180,85,100
10181,85,101
10182,85,102
10183,85,103
10184,85,104
10185,85,105
10186,85,106
10187,85,107
10188,85,108
10189,85,109
10190,85,110
10191,85,111
10192,85,112
10193,85,113
10194,85,114
10195,85,115
10196,85,116
10197,85,117
10198,85,118
10199,85,119
10200,85,120
10201,85,121
10202,85,122
10203,85,123
10204,85,124
10205,85,125
10206,85,126
10207,85,127
10208,86,0
10209,86,1
10210,86,2
10211,86,3
10212,86,4
10213,86,5
10214,86,6
10215,86,7
10216,86,8
10217,86,9
10218,86,10
10219,86,11
10220,86,12
10221,86,13
10222,86,14
10223,86,15
10224,86,16
10225,86,17
10226,86,18
10227,86,19
10228,86,20
10229,86,21
10230,86,22
10231,86,23
10232,86,24
10233,86,25
10234,86,26
10235,86,27
10236,86,28
10237,86,29
10238,86,30
10239,86,31
10240,86,32
10241,86,33
10242,86,34
10243,86,35
10244,86,36
10245,86,37
10246,86,38
10247,86,39
10248,86,40
10249,86,41
10250,86,42
10251,86,43
10252,86,44
10253,86,45
10254,86,46
10255,86,47
10256,86,48
10257,86,49
10258,86,50
10259,86,51
10260,86,52
10261,86,53
10262,86,54
10263,86,55
10264,86,56
10265,86,57
10266,86,58
10267,86,59
10268,86,60
10269,86,61
10270,86,62
10271,86,63
10272,86,64
10273,86,65
10274,86,66
10275,86,67
10276,86,68
10277,86,69
10278,86,70
10279,86,71
10280,86,72
10281,86,73
10282,86,74
10283,86,75
10284,86,76
10285,86,77
10286,86,78
10287,86,79
10288,86,80
10289,86,81
10290,86,82
10291,86,83
10292,86,84
10293,86,85
10294,86,86
10295,86,87
10296,86,88
10297,86,89
10298,86,90
10299,86,91
10300,86,92
10301,86,93
10302,86,94
10303,86,95
10304,86,96
10305,86,97
10306,86,98
10307,86,99
10308,86,100
10309,86,101
10310,86,102
10311,86,103
10312,86,104
10313,86,105
10314,86,106
10315,86,107
10316,86,108
10317,86,109
10318,86,110
10319,86,111
10320,86,112
10321,86,113
10322,86,114
10323,86,115
10324,86,116
10325,86,117
10326,86,118
10327,86,119
10328,86,120
10329,86,121
10330,86,122
10331,86,123
10332,86,124
10333,86,125
10334,86,126
10335,86,127
10336,87,0
10337,87,1
10338,87,2
10339,87,3
10340,87,4
10341,87,5
10342,87,6
10343,87,7
10344,87,8
10345,87,9
10346,87,10
10347,87,11
10348,87,12
10349,87,13
10350,87,14
10351,87,15
10352,87,16
10353,87,17
10354,87,18
10355,87,19
10356,87,20
10357,87,21
10358,87,22
10359,87,23
10360,87,24
10361,87,25
10362,87,26
10363,87,27
10364,87,28
10365,87,29
10366,87,30
10367,87,31
10368,87,32
10369,87,33
10370,87,34
10371,87,35
10372,87,36
10373,87,37
10374,87,38
10375,87,39
10376,87,40
10377,87,41
10378,87,42
10379,87,43
10380,87,44
10381,87,45
10382,87,46
10383,87,47
10384,87,48
10385,87,49
10386,87,50
10387,87,51
10388,87,52
10389,87,53
10390,87,54
10391,87,55
10392,87,56
10393,87,57
10394,87,58
10395,87,59
10396,87,60
10397,87,61
10398,87,62
10399,87,63
10400,87,64
10401,87,65
10402,87,66
10403,87,67
10404,87,68
10405,87,69
10406,87,70
10407,87,71
10408,87,72
10409,87,73
10410,87,74
10411,87,75
10412,87,76
10413,87,77
10414,87,78
10415,87,79
10416,87,80
10417,87,81
10418,87,82
10419,87,83
10420,87,84
10421,87,85
10422,87,86
10423,87,87
10424,87,88
10425,87,89
10426,87,90
10427,87,91
10428,87,92
10429,87,93
10430,87,94
10431,87,95
10432,87,96
10433,87,97
10434,87,98
10435,87,99
10436,87,100
10437,87,101
10438,87,102
10439,87,103
10440,87,104
10441,87,105
10442,87,106
10443,87,107
10444,87,108
10445,87,109
10446,87,110
10447,87,111
10448,87,112
10449,87,113
10450,87,114
10451,87,115
10452,87,116
10453,87,117
10454,87,118
10455,87,119
10456,87,120
10457,87,121
10458,87,122
10459,87,123
10460,87,124
10461,87,125
10462,87,126
10463,87,127
10464,88,0
10465,88,1
10466,88,2
10467,88,3
10468,88,4
10469,88,5
10470,88,6
10471,88,7
10472,88,8
10473,88,9
10474,88,10
10475,88,11
10476,88,12
10477,88,13
10478,88,14
10479,88,15
10480,88,16
10481,88,17
10482,88,18
10483,88,19
10484,88,20
10485,88,21
10486,88,22
10487,88,23
10488,88,24
10489,88,25
10490,88,26
10491,88,27
10492,88,28
10493,88,29
10494,88,30
10495,88,31
10496,88,32
10497,88,33
10498,88,34
10499,88,35
10500,88,36
10501,88,37
10502,88,38
10503,88,39
10504,88,40
10505,88,41
10506,88,42
10507,88,43
10508,88,44
10509,88,45
10510,88,46
10511,88,47
10512,88,48
10513,88,49
10514,88,50
10515,88,51
10516,88,52
10517,88,53
10518,88,54
10519,88,55
10520,88,56
10521,88,57
10522,88,58
10523,88,59
10524,88,60
10525,88,61
10526,88,62
10527,88,63
10528,88,64
10529,88,65
10530,88,66
10531,88,67
10532,88,68
10533,88,69
10534,88,70
10535,88,71
10536,88,72
10537,88,73
10538,88,74
10539,88,75
10540,88,76
10541,88,77
10542,88,78
10543,88,79
10544,88,80
10545,88,81
10546,88,82
10547,88,83
10548,88,84
10549,88,85
10550,88,86
10551,88,87
10552,88,88
10553,88,89
10554,88,90
10555,88,91
10556,88,92
10557,88,93
10558,88,94
10559,88,95
10560,88,96
10561,88,97
10562,88,98
10563,88,99
10564,88,100
10565,88,101
10566,88,102
10567,88,103
10568,88,104
10569,88,105
10570,88,106
10571,88,107
10572,88,108
10573,88,109
10574,88,110
10575,88,111
10576,88,112
10577,88,113
10578,88,114
10579,88,115
10580,88,116
10581,88,117
10582,88,118
10583,88,119
10584,88,120
10585,88,121
10586,88,122
10587,88,123
10588,88,124
10589,88,125
10590,88,126
10591,88,127
10592,89,0
10593,89,1
10594,89,2
10595,89,3
10596,89,4
10597,89,5
10598,89,6
10599,89,7
10600,89,8
10601,89,9
10602,89,10
10603,89,11
10604,89,12
10605,89,13
10606,89,14
10607,89,15
10608,89,16
10609,89,17
10610,89,18
10611,89,19
10612,89,20
10613,89,21
10614,89,22
10615,89,23
10616,89,24
10617,89,25
10618,89,26
10619,89,27
10620,89,28
10621,89,29
10622,89,30
10623,89,31
10624,89,32
10625,89,33
10626,89,34
10627,89,35
10628,89,36
10629,89,37
10630,89,38
10631,89,39
10632,89,40
10633,89,41
10634,89,42
10635,89,43
10636,89,44
10637,89,45
10638,89,46
10639,89,47
10640,89,48
10641,89,49
10642,89,50
10643,89,51
10644,89,52
10645,89,53
10646,89,54
10647,89,55
10648,89,56
10649,89,57
10650,89,58
10651,89,59
10652,89,60
10653,89,61
10654,89,62
10655,89,63
10656,89,64
10657,89,65
10658,89,66
10659,89,67
10660,89,68
10661,89,69
10662,89,70
10663,89,71
10664,89,72
10665,89,73
10666,89,74
10667,89,75
10668,89,76
10669,89,77
10670,89,78
10671,89,79
10672,89,80
10673,89,81
10674,89,82
10675,89,83
10676,89,84
10677,89,85
10678,89,86
10679,89,87
10680,89,88
10681,89,89
10682,89,90
10683,89,91
10684,89,92
10685,89,93
10686,89,94
10687,89,95
10688,89,96
10689,89,97
10690,89,98
10691,89,99
10692,89,100
10693,89,101
10694,89,102
10695,89,103
10696,89,104
10697,89,105
10698,89,106
10699,89,107
10700,89,108
10701,89,109
10702,89,110
10703,89,111
10704,89,112
10705,89,113
10706,89,114
10707,89,115
10708,89,116
10709,89,117
10710,89,118
10711,89,119
10712,89,120
10713,89,121
10714,89,122
10715,89,123
10716,89,124
10717,89,125
10718,89,126
10719,89,127
10720,90,0
10721,90,1
10722,90,2
10723,90,3
10724,90,4
10725,90,5
10726,90,6
10727,90,7
10728,90,8
10729,90,9
10730,90,10
10731,90,11
10732,90,12
10733,90,13
10734,90,14
10735,90,15
10736,90,16
10737,90,17
10738,90,18
10739,90,19
10740,90,20
10741,90,21
10742,90,22
10743,90,23
10744,90,24
10745,90,25
10746,90,26
10747,90,27
10748,90,28
10749,90,29
10750,90,30
10751,90,31
10752,90,32
10753,90,33
10754,90,34
10755,90,35
10756,90,36
10757,90,37
10758,90,38
10759,90,39
10760,90,40
10761,90,41
10762,90,42
10763,90,43
10764,90,44
10765,90,45
10766,90,46
10767,90,47
10768,90,48
10769,90,49
10770,90,50
10771,90,51
10772,90,52
10773,90,53
10774,90,54
10775,90,55
10776,90,56
10777,90,57
10778,90,58
10779,90,59
10780,90,60
10781,90,61
10782,90,62
10783,90,63
10784,90,64
10785,90,65
10786,90,66
10787,90,67
10788,90,68
10789,90,69
10790,90,70
10791,90,71
10792,90,72
10793,90,73
10794,90,74
10795,90,75
10796,90,76
10797,90,77
10798,90,78
10799,90,79
10800,90,80
10801,90,81
10802,90,82
10803,90,83
10804,90,84
10805,90,85
10806,90,86
10807,90,87
10808,90,88
10809,90,89
10810,90,90
10811,90,91
10812,90,92
10813,90,93
10814,90,94
10815,90,95
10816,90,96
10817,90,97
10818,90,98
10819,90,99
10820,90,100
10821,90,101
10822,90,102
10823,90,103
10824,90,104
10825,90,105
10826,90,106
10827,90,107
10828,90,108
10829,90,109
10830,90,110
10831,90,111
10832,90,112
10833,90,113
10834,90,114
10835,90,115
10836,90,116
10837,90,117
10838,90,118
10839,90,119
10840,90,120
10841,90,121
10842,90,122
10843,90,123
10844,90,124
10845,90,125
10846,90,126
10847,90,127
10848,91,0
10849,91,1
10850,91,2
10851,91,3
10852,91,4
10853,91,5
10854,91,6
10855,91,7
10856,91,8
10857,91,9
10858,91,10
10859,91,11
10860,91,12
10861,91,13
10862,91,14
10863,91,15
10864,91,16
10865,91,17
10866,91,18
10867,91,19
10868,91,20
10869,91,21
10870,91,22
10871,91,23
10872,91,24
10873,91,25
10874,91,26
10875,91,27
10876,91,28
10877,91,29
10878,91,30
10879,91,31
10880,91,32
10881,91,33
10882,91,34
10883,91,35
10884,91,36
10885,91,37
10886,91,38
10887,91,39
10888,91,40
10889,91,41
10890,91,42
10891,91,43
10892,91,44
10893,91,45
10894,91,46
10895,91,47
10896,91,48
10897,91,49
10898,91,50
10899,91,51
10900,91,52
10901,91,53
10902,91,54
10903,91,55
10904,91,56
10905,91,57
10906,91,58
10907,91,59
10908,91,60
10909,91,61
10910,91,62
10911,91,63
10912,91,64
10913,91,65
10914,91,66
10915,91,67
10916,91,68
10917,91,69
10918,91,70
10919,91,71
10920,91,72
10921,91,73
10922,91,74
10923,91,75
10924,91,76
10925,91,77
10926,91,78
10927,91,79
10928,91,80
10929,91,81
10930,91,82
10931,91,83
10932,91,84
10933,91,85
10934,91,86
10935,91,87
10936,91,88
10937,91,89
10938,91,90
10939,91,91
10940,91,92
10941,91,93
10942,91,94
10943,91,95
10944,91,96
10945,91,97
10946,91,98
10947,91,99
10948,91,100
10949,91,101
10950,91,102
10951,91,103
10952,91,104
10953,91,105
10954,91,106
10955,91,107
10956,91,108
10957,91,109
10958,91,110
10959,91,111
10960,91,112
10961,91,113
10962,91,114
10963,91,115
10964,91,116
10965,91,117
10966,91,118
10967,91,119
10968,91,120
10969,91,121
10970,91,122
10971,91,123
10972,91,124
10973,91,125
10974,91,126
10975,91,127
10976,92,0
10977,92,1
10978,92,2
10979,92,3
10980,92,4
10981,92,5
10982,92,6
10983,92,7
10984,92,8
10985,92,9
10986,92,10
10987,92,11
10988,92,12
10989,92,13
10990,92,14
10991,92,15
10992,92,16
10993,92,17
10994,92,18
10995,92,19
10996,92,20
10997,92,21
10998,92,22
10999,92,23
11000,92,24
11001,92,25
11002,92,26
11003,92,27
11004,92,28
11005,92,29
11006,92,30
11007,92,31
11008,92,32
11009,92,33
11010,92,34
11011,92,35
11012,92,36
11013,92,37
11014,92,38
11015,92,39
11016,92,40
11017,92,41
11018,92,42
11019,92,43
11020,92,44
11021,92,45
11022,92,46
11023,92,47
11024,92,48
11025,92,49
11026,92,50
11027,92,51
11028,92,52
11029,92,53
11030,92,54
11031,92,55
11032,92,56
11033,92,57
11034,92,58
11035,92,59
11036,92,60
11037,92,61
11038,92,62
11039,92,63
11040,92,64
11041,92,65
11042,92,66
11043,92,67
11044,92,68
11045,92,69
11046,92,70
11047,92,71
11048,92,72
11049,92,73
11050,92,74
11051,92,75
11052,92,76
11053,92,77
11054,92,78
11055,92,79
11056,92,80
11057,92,81
11058,92,82
11059,92,83
11060,92,84
11061,92,85
11062,92,86
11063,92,87
11064,92,88
11065,92,89
11066,92,90
11067,92,91
11068,92,92
11069,92,93
11070,92,94
11071,92,95
11072,92,96
11073,92,97
11074,92,98
11075,92,99
11076,92,100
11077,92,101
11078,92,102
11079,92,103
11080,92,104
11081,92,105
11082,92,106
11083,92,107
11084,92,108
11085,92,109
11086,92,110
11087,92,111
11088,92,112
11089,92,113
11090,92,114
11091,92,115
11092,92,116
11093,92,117
11094,92,118
11095,92,119
11096,92,120
11097,92,121
11098,92,122
11099,92,123
11100,92,124
11101,92,125
11102,92,126
11103,92,127
11104,93,0
11105,93,1
11106,93,2
11107,93,3
11108,93,4
11109,93,5
11110,93,6
11111,93,7
11112,93,8
11113,93,9
11114,93,10
11115,93,11
11116,93,12
11117,93,13
11118,93,14
11119,93,15
11120,93,16
11121,93,17
11122,93,18
11123,93,19
11124,93,20
11125,93,21
11126,93,22
11127,93,23
11128,93,24
11129,93,25
11130,93,26
11131,93,27
11132,93,28
11133,93,29
11134,93,30
11135,93,31
11136,93,32
11137,93,33
11138,93,34
11139,93,35
11140,93,36
11141,93,37
11142,93,38
11143,93,39
11144,93,40
11145,93,41
11146,93,42
11147,93,43
11148,93,44
11149,93,45
11150,93,46
11151,93,47
11152,93,48
11153,93,49
11154,93,50
11155,93,51
11156,93,52
11157,93,53
11158,93,54
11159,93,55
11160,93,56
11161,93,57
11162,93,58
11163,93,59
11164,93,60
11165,93,61
11166,93,62
11167,93,63
11168,93,64
11169,93,65
11170,93,66
11171,93,67
11172,93,68
11173,93,69
11174,93,70
11175,93,71
11176,93,72
11177,93,73
11178,93,74
11179,93,75
11180,93,76
11181,93,77
11182,93,78
11183,93,79
11184,93,80
11185,93,81
11186,93,82
11187,93,83
11188,93,84
11189,93,85
11190,93,86
11191,93,87
11192,93,88
11193,93,89
11194,93,90
11195,93,91
11196,93,92
11197,93,93
11198,93,94
11199,93,95
11200,93,96
11201,93,97
11202,93,98
11203,93,99
11204,93,100
11205,93,101
11206,93,102
11207,93,103
11208,93,104
11209,93,105
11210,93,106
11211,93,107
11212,93,108
11213,93,109
11214,93,110
11215,93,111
11216,93,112
11217,93,113
11218,93,114
11219,93,115
11220,93,116
11221,93,117
11222,93,118
11223,93,119
11224,93,120
11225,93,121
11226,93,122
11227,93,123
11228,93,124
11229,93,125
11230,93,126
11231,93,127
11232,94,0
11233,94,1
11234,94,2
11235,94,3
11236,94,4
11237,94,5
11238,94,6
11239,94,7
11240,94,8
11241,94,9
11242,94,10
11243,94,11
11244,94,12
11245,94,13
11246,94,14
11247,94,15
11248,94,16
11249,94,17
11250,94,18
11251,94,19
11252,94,20
11253,94,21
11254,94,22
11255,94,23
11256,94,24
11257,94,25
11258,94,26
11259,94,27
11260,94,28
11261,94,29
11262,94,30
11263,94,31
11264,94,32
11265,94,33
11266,94,34
11267,94,35
11268,94,36
11269,94,37
11270,94,38
11271,94,39
11272,94,40
11273,94,41
11274,94,42
11275,94,43
11276,94,44
11277,94,45
11278,94,46
11279,94,47
11280,94,48
11281,94,49
11282,94,50
11283,94,51
11284,94,52
11285,94,53
11286,94,54
11287,94,55
11288,94,56
11289,94,57
11290,94,58
11291,94,59
11292,94,60
11293,94,61
11294,94,62
11295,94,63
11296,94,64
11297,94,65
11298,94,66
11299,94,67
11300,94,68
11301,94,69
11302,94,70
11303,94,71
11304,94,72
11305,94,73
11306,94,74
11307,94,75
11308,94,76
11309,94,77
11310,94,78
11311,94,79
11312,94,80
11313,94,81
11314,94,82
11315,94,83
11316,94,84
11317,94,85
11318,94,86
11319,94,87
11320,94,88
11321,94,89
11322,94,90
11323,94,91
11324,94,92
11325,94,93
11326,94,94
11327,94,95
11328,94,96
11329,94,97
11330,94,98
11331,94,99
11332,94,100
11333,94,101
11334,94,102
11335,94,103
11336,94,104
11337,94,105
11338,94,106
11339,94,107
11340,94,108
11341,94,109
11342,94,110
11343,94,111
11344,94,112
11345,94,113
11346,94,114
11347,94,115
11348,94,116
11349,94,117
11350,94,118
11351,94,119
11352,94,120
11353,94,121
11354,94,122
11355,94,123
11356,94,124
11357,94,125
11358,94,126
11359,94,127
11360,95,0
11361,95,1
11362,95,2
11363,95,3
11364,95,4
11365,95,5
11366,95,6
11367,95,7
11368,95,8
11369,95,9
11370,95,10
11371,95,11
11372,95,12
11373,95,13
11374,95,14
11375,95,15
11376,95,16
11377,95,17
11378,95,18
11379,95,19
11380,95,20
11381,95,21
11382,95,22
11383,95,23
11384,95,24
11385,95,25
11386,95,26
11387,95,27
11388,95,28
11389,95,29
11390,95,30
11391,95,31
11392,95,32
11393,95,33
11394,95,34
11395,95,35
11396,95,36
11397,95,37
11398,95,38
11399,95,39
11400,95,40
11401,95,41
11402,95,42
11403,95,43
11404,95,44
11405,95,45
11406,95,46
11407,95,47
11408,95,48
11409,95,49
11410,95,50
11411,95,51
11412,95,52
11413,95,53
11414,95,54
11415,95,55
11416,95,56
11417,95,57
11418,95,58
11419,95,59
11420,95,60
11421,95,61
11422,95,62
11423,95,63
11424,95,64
11425,95,65
11426,95,66
11427,95,67
11428,95,68
11429,95,69
11430,95,70
11431,95,71
11432,95,72
11433,95,73
11434,95,74
11435,95,75
11436,95,76
11437,95,77
11438,95,78
11439,95,79
11440,95,80
11441,95,81
11442,95,82
11443,95,83
11444,95,84
11445,95,85
11446,95,86
11447,95,87
11448,95,88
11449,95,89
11450,95,90
11451,95,91
11452,95,92
11453,95,93
11454,95,94
11455,95,95
11456,95,96
11457,95,97
11458,95,98
11459,95,99
11460,95,100
11461,95,101
11462,95,102
11463,95,103
11464,95,104
11465,95,105
11466,95,106
11467,95,107
11468,95,108
11469,95,109
11470,95,110
11471,95,111
11472,95,112
11473,95,113
11474,95,114
11475,95,115
11476,95,116
11477,95,117
11478,95,118
11479,95,119
11480,95,120
11481,95,121
11482,95,122
11483,95,123
11484,95,124
11485,95,125
11486,95,126
11487,95,127
11488,96,0
11489,96,1
11490,96,2
11491,96,3
11492,96,4
11493,96,5
11494,96,6
11495,96,7
11496,96,8
11497,96,9
11498,96,10
11499,96,11
11500,96,12
11501,96,13
11502,96,14
11503,96,15
11504,96,16
11505,96,17
11506,96,18
11507,96,19
11508,96,20
11509,96,21
11510,96,22
11511,96,23
11512,96,24
11513,96,25
11514,96,26
11515,96,27
11516,96,28
11517,96,29
11518,96,30
11519,96,31
11520,96,32
11521,96,33
11522,96,34
11523,96,35
11524,96,36
11525,96,37
11526,96,38
11527,96,39
11528,96,40
11529,96,41
11530,96,42
11531,96,43
11532,96,44
11533,96,45
11534,96,46
11535,96,47
11536,96,48
11537,96,49
11538,96,50
11539,96,51
11540,96,52
11541,96,53
11542,96,54
11543,96,55
11544,96,56
11545,96,57
11546,96,58
11547,96,59
11548,96,60
11549,96,61
11550,96,62
11551,96,63
11552,96,64
11553,96,65
11554,96,66
11555,96,67
11556,96,68
11557,96,69
11558,96,70
11559,96,71
11560,96,72
11561,96,73
11562,96,74
11563,96,75
11564,96,76
11565,96,77
11566,96,78
11567,96,79
11568,96,80
11569,96,81
11570,96,82
11571,96,83
11572,96,84
11573,96,85
11574,96,86
11575,96,87
11576,96,88
11577,96,89
11578,96,90
11579,96,91
11580,96,92
11581,96,93
11582,96,94
11583,96,95
11584,96,96
11585,96,97
11586,96,98
11587,96,99
11588,96,100
11589,96,101
11590,96,102
11591,96,103
11592,96,104
11593,96,105
11594,96,106
11595,96,107
11596,96,108
11597,96,109
11598,96,110
11599,96,111
11600,96,112
11601,96,113
11602,96,114
11603,96,115
11604,96,116
11605,96,117
11606,96,118
11607,96,119
11608,96,120
11609,96,121
11610,96,122
11611,96,123
11612,96,124
11613,96,125
11614,96,126
11615,96,127
11616,97,1
11617,97,2
11618,97,3
11619,97,4
11620,97,5
11621,97,6
11622,97,7
11623,97,8
11624,97,9
11625,97,10
11626,97,11
11627,97,12
11628,97,13
11629,97,14
11630,97,15
11631,97,16
11632,97,17
11633,97,18
11634,97,19
11635,97,20
11636,97,21
11637,97,22
11638,97,23
11639,97,24
11640,97,25
11641,97,26
11642,97,27
11643,97,28
11644,97,29
11645,97,30
11646,97,31
11647,97,32
11648,97,33
11649,97,34
11650,97,35
11651,97,36
11652,97,37
11653,97,38
11654,97,39
11655,97,40
11656,97,41
11657,97,42
11658,97,43
11659,97,44
11660,97,45
11661,97,46
11662,97,47
11663,97,48
11664,97,49
11665,97,50
11666,97,51
11667,97,52
11668,97,53
11669,97,54
11670,97,55
11671,97,56
11672,97,57
11673,97,58
11674,97,59
11675,97,60
11676,97,61
11677,97,62
11678,97,63
11679,97,64
11680,97,65
11681,97,66
11682,97,67
11683,97,68
11684,97,69
11685,97,70
11686,97,71
11687,97,72
11688,97,73
11689,97,74
11690,97,75
11691,97,76
11692,97,77
11693,97,78
11694,97,79
11695,97,80
11696,97,81
11697,97,82
11698,97,83
11699,97,84
11700,97,85
11701,97,86
11702,97,87
11703,97,88
11704,97,89
11705,97,90
11706,97,91
11707,97,92
11708,97,93
11709,97,94
11710,97,95
11711,97,96
11712,97,97
11713,97,98
11714,97,99
11715,97,100
11716,97,101
11717,97,102
11718,97,103
11719,97,104
11720,97,105
11721,97,106
11722,97,107
11723,97,108
11724,97,109
11725,97,110
11726,97,111
11727,97,112
11728,97,113
11729,97,114
11730,97,115
11731,97,116
11732,97,117
11733,97,118
11734,97,119
11735,97,120
11736,97,121
11737,97,122
11738,97,123
11739,97,124
11740,97,125
11741,97,126
11742,97,127
11743,98,1
11744,98,2
11745,98,3
11746,98,4
11747,98,5
11748,98,6
11749,98,7
11750,98,8
11751,98,9
11752,98,10
11753,98,11
11754,98,12
11755,98,13
11756,98,14
11757,98,15
11758,98,16
11759,98,17
11760,98,18
11761,98,19
11762,98,20
11763,98,21
11764,98,22
11765,98,23
11766,98,24
11767,98,25
11768,98,26
11769,98,27
11770,98,28
11771,98,29
11772,98,30
11773,98,31
11774,98,32
11775,98,33
11776,98,34
11777,98,35
11778,98,36
11779,98,37
11780,98,38
11781,98,39
11782,98,40
11783,98,41
11784,98,42
11785,98,43
11786,98,44
11787,98,45
11788,98,46
11789,98,47
11790,98,48
11791,98,49
11792,98,50
11793,98,51
11794,98,52
11795,98,53
11796,98,54
11797,98,55
11798,98,56
11799,98,57
11800,98,58
11801,98,59
11802,98,60
11803,98,61
11804,98,62
11805,98,63
11806,98,64
11807,98,65
11808,98,66
11809,98,67
11810,98,68
11811,98,69
11812,98,70
11813,98,71
11814,98,72
11815,98,73
11816,98,74
11817,98,75
11818,98,76
11819,98,77
11820,98,78
11821,98,79
11822,98,80
11823,98,81
11824,98,82
11825,98,83
11826,98,84
11827,98,85
11828,98,86
11829,98,87
11830,98,88
11831,98,89
11832,98,90
11833,98,91
11834,98,92
11835,98,93
11836,98,94
11837,98,95
11838,98,96
11839,98,97
11840,98,98
11841,98,99
11842,98,100
11843,98,101
11844,98,102
11845,98,103
11846,98,104
11847,98,105
11848,98,106
11849,98,107
11850,98,108
11851,98,109
11852,98,110
11853,98,111
11854,98,112
11855,98,113
11856,98,114
11857,98,115
11858,98,116
11859,98,117
11860,98,118
11861,98,119
11862,98,120
11863,98,121
11864,98,122
11865,98,123
11866,98,124
11867,98,125
11868,98,126
11869,98,127
11870,99,2
11871,99,3
11872,99,4
11873,99,5
11874,99,6
11875,99,7
11876,99,8
11877,99,9
11878,99,10
11879,99,11
11880,99,12
11881,99,13
11882,99,14
11883,99,15
11884,99,16
11885,99,17
11886,99,18
11887,99,19
11888,99,20
11889,99,21
11890,99,22
11891,99,23
11892,99,24
11893,99,25
11894,99,26
11895,99,27
11896,99,28
11897,99,29
11898,99,30
11899,99,31
11900,99,32
11901,99,33
11902,99,34
11903,99,35
11904,99,36
11905,99,37
11906,99,38
11907,99,39
11908,99,40
11909,99,41
11910,99,42
11911,99,43
11912,99,44
11913,99,45
11914,99,46
11915,99,47
11916,99,48
11917,99,49
11918,99,50
11919,99,51
11920,99,52
11921,99,53
11922,99,54
11923,99,55
11924,99,56
11925,99,57
11926,99,58
11927,99,59
11928,99,60
11929,99,61
11930,99,62
11931,99,63
11932,99,64
11933,99,65
11934,99,66
11935,99,67
11936,99,68
11937,99,69
11938,99,70
11939,99,71
11940,99,72
11941,99,73
11942,99,74
11943,99,75
11944,99,76
11945,99,77
11946,99,78
11947,99,79
11948,99,80
11949,99,81
11950,99,82
11951,99,83
11952,99,84
11953,99,85
11954,99,86
11955,99,87
11956,99,88
11957,99,89
11958,99,90
11959,99,91
11960,99,92
11961,99,93
11962,99,94
11963,99,95
11964,99,96
11965,99,97
11966,99,98
11967,99,99
11968,99,100
11969,99,101
11970,99,102
11971,99,103
11972,99,104
11973,99,105
11974,99,106
11975,99,107
11976,99,108
11977,99,109
11978,99,110
11979,99,111
11980,99,112
11981,99,113
11982,99,114
11983,99,115
11984,99,116
11985,99,117
11986,99,118
11987,99,119
11988,99,120
11989,99,121
11990,99,122
11991,99,123
11992,99,124
11993,99,125
11994,99,126
11995,100,2
11996,100,3
11997,100,4
11998,100,5
11999,100,6
12000,100,7
12001,100,8
12002,100,9
12003,100,10
12004,100,11
12005,100,12
12006,100,13
12007,100,14
12008,100,15
12009,100,16
12010,100,17
12011,100,18
12012,100,19
12013,100,20
12014,100,21
12015,100,22
12016,100,23
12017,100,24
12018,100,25
12019,100,26
12020,100,27
12021,100,28
12022,100,29
12023,100,30
12024,100,31
12025,100,32
12026,100,33
12027,100,34
12028,100,35
12029,100,36
12030,100,37
12031,100,38
12032,100,39
12033,100,40
12034,100,41
12035,100,42
12036,100,43
12037,100,44
12038,100,45
12039,100,46
12040,100,47
12041,100,48
12042,100,49
12043,100,50
12044,100,51
12045,100,52
12046,100,53
12047,100,54
12048,100,55
12049,100,56
12050,100,57
12051,100,58
12052,100,59
12053,100,60
12054,100,61
12055,100,62
12056,100,63
12057,100,64
12058,100,65
12059,100,66
12060,100,67
12061,100,68
12062,100,69
12063,100,70
12064,100,71
12065,100,72
12066,100,73
12067,100,74
12068,100,75
12069,100,76
12070,100,77
12071,100,78
12072,100,79
12073,100,80
12074,100,81
12075,100,82
12076,100,83
12077,100,84
12078,100,85
12079,100,86
12080,100,87
12081,100,88
12082,100,89
12083,100,90
12084,100,91
12085,100,92
12086,100,93
12087,100,94
12088,100,95
12089,100,96
12090,100,97
12091,100,98
12092,100,99
12093,100,100
12094,100,101
12095,100,102
12096,100,103
12097,100,104
12098,100,105
12099,100,106
12100,100,107
12101,100,108
12102,100,109
12103,100,110
12104,100,111
12105,100,112
12106,100,113
12107,100,114
12108,100,115
12109,100,116
12110,100,117
12111,100,118
12112,100,119
12113,100,120
12114,100,121
12115,100,122
12116,100,123
12117,100,124
12118,100,125
12119,100,126
12120,101,3
12121,101,4
12122,101,5
12123,101,6
12124,101,7
12125,101,8
12126,101,9
12127,101,10
12128,101,11
12129,101,12
12130,101,13
12131,101,14
12132,101,15
12133,101,16
12134,101,17
12135,101,18
12136,101,19
12137,101,20
12138,101,21
12139,101,22
12140,101,23
12141,101,24
12142,101,25
12143,101,26
12144,101,27
12145,101,28
12146,101,29
12147,101,30
12148,101,31
12149,101,32
12150,101,33
12151,101,34
12152,101,35
12153,101,36
12154,101,37
12155,101,38
12156,101,39
12157,101,40
12158,101,41
12159,101,42
12160,101,43
12161,101,44
12162,101,45
12163,101,46
12164,101,47
12165,101,48
12166,101,49
12167,101,50
12168,101,51
12169,101,52
12170,101,53
12171,101,54
12172,101,55
12173,101,56
12174,101,57
12175,101,58
12176,101,59
12177,101,60
12178,101,61
12179,101,62
12180,101,63
12181,101,64
12182,101,65
12183,101,66
12184,101,67
12185,101,68
12186,101,69
12187,101,70
12188,101,71
12189,101,72
12190,101,73
12191,101,74
12192,101,75
12193,101,76
12194,101,77
12195,101,78
12196,101,79
12197,101,80
12198,101,81
12199,101,82
12200,101,83
12201,101,84
12202,101,85
12203,101,86
12204,101,87
12205,101,88
12206,101,89
12207,101,90
12208,101,91
12209,101,92
12210,101,93
12211,101,94
12212,101,95
12213,101,96
12214,101,97
12215,101,98
12216,101,99
12217,101,100
12218,101,101
12219,101,102
12220,101,103
12221,101,104
12222,101,105
12223,101,106
12224,101,107
12225,101,108
12226,101,109
12227,101,110
12228,101,111
12229,101,112
12230,101,113
12231,101,114
12232,101,115
12233,101,116
12234,101,117
12235,101,118
12236,101,119
12237,101,120
12238,101,121
12239,101,122
12240,101,123
12241,101,124
12242,101,125
12243,102,3
12244,102,4
12245,102,5
12246,102,6
12247,102,7
12248,102,8
12249,102,9
12250,102,10
12251,102,11
12252,102,12
12253,102,13
12254,102,14
12255,102,15
12256,102,16
12257,102,17
12258,102,18
12259,102,19
12260,102,20
12261,102,21
12262,102,22
12263,102,23
12264,102,24
12265,102,25
12266,102,26
12267,102,27
12268,102,28
12269,102,29
12270,102,30
12271,102,31
12272,102,32
12273,102,33
12274,102,34
12275,102,35
12276,102,36
12277,102,37
12278,102,38
12279,102,39
12280,102,40
12281,102,41
12282,102,42
12283,102,43
12284,102,44
12285,102,45
12286,102,46
12287,102,47
12288,102,48
12289,102,49
12290,102,50
12291,102,51
12292,102,52
12293,102,53
12294,102,54
12295,102,55
12296,102,56
12297,102,57
12298,102,58
12299,102,59
12300,102,60
12301,102,61
12302,102,62
12303,102,63
12304,102,64
12305,102,65
12306,102,66
12307,102,67
12308,102,68
12309,102,69
12310,102,70
12311,102,71
12312,102,72
12313,102,73
12314,102,74
12315,102,75
12316,102,76
12317,102,77
12318,102,78
12319,102,79
12320,102,80
12321,102,81
12322,102,82
12323,102,83
12324,102,84
12325,102,85
12326,102,86
12327,102,87
12328,102,88
12329,102,89
12330,102,90
12331,102,91
12332,102,92
12333,102,93
12334,102,94
12335,102,95
12336,102,96
12337,102,97
12338,102,98
12339,102,99
12340,102,100
12341,102,101
12342,102,102
12343,102,103
12344,102,104
12345,102,105
12346,102,106
12347,102,107
12348,102,108
12349,102,109
12350,102,110
12351,102,111
12352,102,112
12353,102,113
12354,102,114
12355,102,115
12356,102,116
12357,102,117
12358,102,118
12359,102,119
12360,102,120
12361,102,121
12362,102,122
12363,102,123
12364,102,124
12365,102,125
12366,103,4
12367,103,5
12368,103,6
12369,103,7
12370,103,8
12371,103,9
12372,103,10
12373,103,11
12374,103,12
12375,103,13
12376,103,14
12377,103,15
12378,103,16
12379,103,17
12380,103,18
12381,103,19
12382,103,20
12383,103,21
12384,103,22
12385,103,23
12386,103,24
12387,103,25
12388,103,26
12389,103,27
12390,103,28
12391,103,29
12392,103,30
12393,103,31
12394,103,32
12395,103,33
12396,103,34
12397,103,35
12398,103,36
12399,103,37
12400,103,38
12401,103,39
12402,103,40
12403,103,41
12404,103,42
12405,103,43
12406,103,44
12407,103,45
12408,103,46
12409,103,47
12410,103,48
12411,103,49
12412,103,50
12413,103,51
12414,103,52
12415,103,53
12416,103,54
12417,103,55
12418,103,56
12419,103,57
12420,103,58
12421,103,59
12422,103,60
12423,103,61
12424,103,62
12425,103,63
12426,103,64
12427,103,65
12428,103,66
12429,103,67
12430,103,68
12431,103,69
12432,103,70
12433,103,71
12434,103,72
12435,103,73
12436,103,74
12437,103,75
12438,103,76
12439,103,77
12440,103,78
12441,103,79
12442,103,80
12443,103,81
12444,103,82
12445,103,83
12446,103,84
12447,103,85
12448,103,86
12449,103,87
12450,103,88
12451,103,89
12452,103,90
12453,103,91
12454,103,92
12455,103,93
12456,103,94
12457,103,95
12458,103,96
12459,103,97
12460,103,98
12461,103,99
12462,103,100
12463,103,101
12464,103,102
12465,103,103
12466,103,104
12467,103,105
12468,103,106
12469,103,107
12470,103,108
12471,103,109
12472,103,110
12473,103,111
12474,103,112
12475,103,113
12476,103,114
12477,103,115
12478,103,116
12479,103,117
12480,103,118
12481,103,119
12482,103,120
12483,103,121
12484,103,122
12485,103,123
12486,103,124
12487,104,5
12488,104,6
12489,104,7
12490,104,8
12491,104,9
12492,104,10
12493,104,11
12494,104,12
12495,104,13
12496,104,14
12497,104,15
12498,104,16
12499,104,17
12500,104,18
12501,104,19
12502,104,20
12503,104,21
12504,104,22
12505,104,23
12506,104,24
12507,104,25
12508,104,26
12509,104,27
12510,104,28
12511,104,29
12512,104,30
12513,104,31
12514,104,32
12515,104,33
12516,104,34
12517,104,35
12518,104,36
12519,104,37
12520,104,38
12521,104,39
12522,104,40
12523,104,41
12524,104,42
12525,104,43
12526,104,44
12527,104,45
12528,104,46
12529,104,47
12530,104,48
12531,104,49
12532,104,50
12533,104,51
12534,104,52
12535,104,53
12536,104,54
12537,104,55
12538,104,56
12539,104,57
12540,104,58
12541,104,59
12542,104,60
12543,104,61
12544,104,62
12545,104,63
12546,104,64
12547,104,65
12548,104,66
12549,104,67
12550,104,68
12551,104,69
12552,104,70
12553,104,71
12554,104,72
12555,104,73
12556,104,74
12557,104,75
12558,104,76
12559,104,77
12560,104,78
12561,104,79
12562,104,80
12563,104,81
12564,104,82
12565,104,83
12566,104,84
12567,104,85
12568,104,86
12569,104,87
12570,104,88
12571,104,89
12572,104,90
12573,104,91
12574,104,92
12575,104,93
12576,104,94
12577,104,95
12578,104,96
12579,104,97
12580,104,98
12581,104,99
12582,104,100
12583,104,101
12584,104,102
12585,104,103
12586,104,104
12587,104,105
12588,104,106
12589,104,107
12590,104,108
12591,104,109
12592,104,110
12593,104,111
12594,104,112
12595,104,113
12596,104,114
12597,104,115
12598,104,116
12599,104,117
12600,104,118
12601,104,119
12602,104,120
12603,104,121
12604,104,122
12605,104,123
12606,105,5
12607,105,6
12608,105,7
12609,105,8
12610,105,9
12611,105,10
12612,105,11
12613,105,12
12614,105,13
12615,105,14
12616,105,15
12617,105,16
12618,105,17
12619,105,18
12620,105,19
12621,105,20
12622,105,21
12623,105,22
12624,105,23
12625,105,24
12626,105,25
12627,105,26
12628,105,27
12629,105,28
12630,105,29
12631,105,30
12632,105,31
12633,105,32
12634,105,33
12635,105,34
12636,105,35
12637,105,36
12638,105,37
12639,105,38
12640,105,39
12641,105,40
12642,105,41
12643,105,42
12644,105,43
12645,105,44
12646,105,45
12647,105,46
12648,105,47
12649,105,48
12650,105,49
12651,105,50
12652,105,51
12653,105,52
12654,105,53
12655,105,54
12656,105,55
12657,105,56
12658,105,57
12659,105,58
12660,105,59
12661,105,60
12662,105,61
12663,105,62
12664,105,63
12665,105,64
12666,105,65
12667,105,66
12668,105,67
12669,105,68
12670,105,69
12671,105,70
12672,105,71
12673,105,72
12674,105,73
12675,105,74
12676,105,75
12677,105,76
12678,105,77
12679,105,78
12680,105,79
12681,105,80
12682,105,81
12683,105,82
12684,105,83
12685,105,84
12686,105,85
12687,105,86
12688,105,87
12689,105,88
12690,105,89
12691,105,90
12692,105,91
12693,105,92
12694,105,93
12695,105,94
12696,105,95
12697,105,96
12698,105,97
12699,105,98
12700,105,99
12701,105,100
12702,105,101
12703,105,102
12704,105,103
12705,105,104
12706,105,105
12707,105,106
12708,105,107
12709,105,108
12710,105,109
12711,105,110
12712,105,111
12713,105,112
12714,105,113
12715,105,114
12716,105,115
12717,105,116
12718,105,117
12719,105,118
12720,105,119
12721,105,120
12722,105,121
12723,105,122
12724,105,123
12725,106,6
12726,106,7
12727,106,8
12728,106,9
12729,106,10
12730,106,11
12731,106,12
12732,106,13
12733,106,14
12734,106,15
12735,106,16
12736,106,17
12737,106,18
12738,106,19
12739,106,20
12740,106,21
12741,106,22
12742,106,23
12743,106,24
12744,106,25
12745,106,26
12746,106,27
12747,106,28
12748,106,29
12749,106,30
12750,106,31
12751,106,32
12752,106,33
12753,106,34
12754,106,35
12755,106,36
12756,106,37
12757,106,38
12758,106,39
12759,106,40
12760,106,41
12761,106,42
12762,106,43
12763,106,44
12764,106,45
12765,106,46
12766,106,47
12767,106,48
12768,106,49
12769,106,50
12770,106,51
12771,106,52
12772,106,53
12773,106,54
12774,106,55
12775,106,56
12776,106,57
12777,106,58
12778,106,59
12779,106,60
12780,106,61
12781,106,62
12782,106,63
12783,106,64
12784,106,65
12785,106,66
12786,106,67
12787,106,68
12788,106,69
12789,106,70
12790,106,71
12791,106,72
12792,106,73
12793,106,74
12794,106,75
12795,106,76
12796,106,77
12797,106,78
12798,106,79
12799,106,80
12800,106,81
12801,106,82
12802,106,83
12803,106,84
12804,106,85
12805,106,86
12806,106,87
12807,106,88
12808,106,89
12809,106,90
12810,106,91
12811,106,92
12812,106,93
12813,106,94
12814,106,95
12815,106,96
12816,106,97
12817,106,98
12818,106,99
12819,106,100
12820,106,101
12821,106,102
12822,106,103
12823,106,104
12824,106,105
12825,106,106
12826,106,107
12827,106,108
12828,106,109
12829,106,110
12830,106,111
12831,106,112
12832,106,113
12833,106,114
12834,106,115
12835,106,116
12836,106,117
12837,106,118
12838,106,119
12839,106,120
12840,106,121
12841,106,122
12842,107,7
12843,107,8
12844,107,9
12845,107,10
12846,107,11
12847,107,12
12848,107,13
12849,107,14
12850,107,15
12851,107,16
12852,107,17
12853,107,18
12854,107,19
12855,107,20
12856,107,21
12857,107,22
12858,107,23
12859,107,24
12860,107,25
12861,107,26
12862,107,27
12863,107,28
12864,107,29
12865,107,30
12866,107,31
12867,107,32
12868,107,33
12869,107,34
12870,107,35
12871,107,36
12872,107,37
12873,107,38
12874,107,39
12875,107,40
12876,107,41
12877,107,42
12878,107,43
12879,107,44
12880,107,45
12881,107,46
12882,107,47
12883,107,48
12884,107,49
12885,107,50
12886,107,51
12887,107,52
12888,107,53
12889,107,54
12890,107,55
12891,107,56
12892,107,57
12893,107,58
12894,107,59
12895,107,60
12896,107,61
12897,107,62
12898,107,63
12899,107,64
12900,107,65
12901,107,66
12902,107,67
12903,107,68
12904,107,69
12905,107,70
12906,107,71
12907,107,72
12908,107,73
12909,107,74
12910,107,75
12911,107,76
12912,107,77
12913,107,78
12914,107,79
12915,107,80
12916,107,81
12917,107,82
12918,107,83
12919,107,84
12920,107,85
12921,107,86
12922,107,87
12923,107,88
12924,107,89
12925,107,90
12926,107,91
12927,107,92
12928,107,93
12929,107,94
12930,107,95
12931,107,96
12932,107,97
12933,107,98
12934,107,99
12935,107,100
12936,107,101
12937,107,102
12938,107,103
12939,107,104
12940,107,105
12941,107,106
12942,107,107
12943,107,108
12944,107,109
12945,107,110
12946,107,111
12947,107,112
12948,107,113
12949,107,114
12950,107,115
12951,107,116
12952,107,117
12953,107,118
12954,107,119
12955,107,120
12956,107,121
12957,108,8
12958,108,9
12959,108,10
12960,108,11
12961,108,12
12962,108,13
12963,108,14
12964,108,15
12965,108,16
12966,108,17
12967,108,18
12968,108,19
12969,108,20
12970,108,21
12971,108,22
12972,108,23
12973,108,24
12974,108,25
12975,108,26
12976,108,27
12977,108,28
12978,108,29
12979,108,30
12980,108,31
12981,108,32
12982,108,33
12983,108,34
12984,108,35
12985,108,36
12986,108,37
12987,108,38
12988,108,39
12989,108,40
12990,108,41
12991,108,42
12992,108,43
12993,108,44
12994,108,45
12995,108,46
12996,108,47
12997,108,48
12998,108,49
12999,108,50
13000,108,51
13001,108,52
13002,108,53
13003,108,54
13004,108,55
13005,108,56
13006,108,57
13007,108,58
13008,108,59
13009,108,60
13010,108,61
13011,108,62
13012,108,63
13013,108,64
13014,108,65
13015,108,66
13016,108,67
13017,108,68
13018,108,69
13019,108,70
13020,108,71
13021,108,72
13022,108,73
13023,108,74
13024,108,75
13025,108,76
13026,108,77
13027,108,78
13028,108,79
13029,108,80
13030,108,81
13031,108,82
13032,108,83
13033,108,84
13034,108,85
13035,108,86
13036,108,87
13037,108,88
13038,108,89
13039,108,90
13040,108,91
13041,108,92
13042,108,93
13043,108,94
13044,108,95
13045,108,96
13046,108,97
13047,108,98
13048,108,99
13049,108,100
13050,108,101
13051,108,102
13052,108,103
13053,108,104
13054,108,105
13055,108,106
13056,108,107
13057,108,108
13058,108,109
13059,108,110
13060,108,111
13061,108,112
13062,108,113
13063,108,114
13064,108,115
13065,108,116
13066,108,117
13067,108,118
13068,108,119
13069,108,120
13070,109,8
13071,109,9
13072,109,10
13073,109,11
13074,109,12
13075,109,13
13076,109,14
13077,109,15
13078,109,16
13079,109,17
13080,109,18
13081,109,19
13082,109,20
13083,109,21
13084,109,22
13085,109,23
13086,109,24
13087,109,25
13088,109,26
13089,109,27
13090,109,28
13091,109,29
13092,109,30
13093,109,31
13094,109,32
13095,109,33
13096,109,34
13097,109,35
13098,109,36
13099,109,37
13100,109,38
13101,109,39
13102,109,40
13103,109,41
13104,109,42
13105,109,43
13106,109,44
13107,109,45
13108,109,46
13109,109,47
13110,109,48
13111,109,49
13112,109,50
13113,109,51
13114,109,52
13115,109,53
13116,109,54
13117,109,55
13118,109,56
13119,109,57
13120,109,58
13121,109,59
13122,109,60
13123,109,61
13124,109,62
13125,109,63
13126,109,64
13127,109,65
13128,109,66
13129,109,67
13130,109,68
13131,109,69
13132,109,70
13133,109,71
13134,109,72
13135,109,73
13136,109,74
13137,109,75
13138,109,76
13139,109,77
13140,109,78
13141,109,79
13142,109,80
13143,109,81
13144,109,82
13145,109,83
13146,109,84
13147,109,85
13148,109,86
13149,109,87
13150,109,88
13151,109,89
13152,109,90
13153,109,91
13154,109,92
13155,109,93
13156,109,94
13157,109,95
13158,109,96
13159,109,97
13160,109,98
13161,109,99
13162,109,100
13163,109,101
13164,109,102
13165,109,103
13166,109,104
13167,109,105
13168,109,106
13169,109,107
13170,109,108
13171,109,109
13172,109,110
13173,109,111
13174,109,112
13175,109,113
13176,109,114
13177,109,115
13178,109,116
13179,109,117
13180,109,118
13181,109,119
13182,109,120
13183,110,9
13184,110,10
13185,110,11
13186,110,12
13187,110,13
13188,110,14
13189,110,15
13190,110,16
13191,110,17
13192,110,18
13193,110,19
13194,110,20
13195,110,21
13196,110,22
13197,110,23
13198,110,24
13199,110,25
13200,110,26
13201,110,27
13202,110,28
13203,110,29
13204,110,30
13205,110,31
13206,110,32
13207,110,33
13208,110,34
13209,110,35
13210,110,36
13211,110,37
13212,110,38
13213,110,39
13214,110,40
13215,110,41
13216,110,42
13217,110,43
13218,110,44
13219,110,45
13220,110,46
13221,110,47
13222,110,48
13223,110,49
13224,110,50
13225,110,51
13226,110,52
13227,110,53
13228,110,54
13229,110,55
13230,110,56
13231,110,57
13232,110,58
13233,110,59
13234,110,60
13235,110,61
13236,110,62
13237,110,63
13238,110,64
13239,110,65
13240,110,66
13241,110,67
13242,110,68
13243,110,69
13244,110,70
13245,110,71
13246,110,72
13247,110,73
13248,110,74
13249,110,75
13250,110,76
13251,110,77
13252,110,78
13253,110,79
13254,110,80
13255,110,81
13256,110,82
13257,110,83
13258,110,84
13259,110,85
13260,110,86
13261,110,87
13262,110,88
13263,110,89
13264,110,90
13265,110,91
13266,110,92
13267,110,93
13268,110,94
13269,110,95
13270,110,96
13271,110,97
13272,110,98
13273,110,99
13274,110,100
13275,110,101
13276,110,102
13277,110,103
13278,110,104
13279,110,105
13280,110,106
13281,110,107
13282,110,108
13283,110,109
13284,110,110
13285,110,111
13286,110,112
13287,110,113
13288,110,114
13289,110,115
13290,110,116
13291,110,117
13292,110,118
13293,110,119
13294,111,10
13295,111,11
13296,111,12
13297,111,13
13298,111,14
13299,111,15
13300,111,16
13301,111,17
13302,111,18
13303,111,19
13304,111,20
13305,111,21
13306,111,22
13307,111,23
13308,111,24
13309,111,25
13310,111,26
13311,111,27
13312,111,28
13313,111,29
13314,111,30
13315,111,31
13316,111,32
13317,111,33
13318,111,34
13319,111,35
13320,111,36
13321,111,37
13322,111,38
13323,111,39
13324,111,40
13325,111,41
13326,111,42
13327,111,43
13328,111,44
13329,111,45
13330,111,46
13331,111,47
13332,111,48
13333,111,49
13334,111,50
13335,111,51
13336,111,52
13337,111,53
13338,111,54
13339,111,55
13340,111,56
13341,111,57
13342,111,58
13343,111,59
13344,111,60
13345,111,61
13346,111,62
13347,111,63
13348,111,64
13349,111,65
13350,111,66
13351,111,67
13352,111,68
13353,111,69
13354,111,70
13355,111,71
13356,111,72
13357,111,73
13358,111,74
13359,111,75
13360,111,76
13361,111,77
13362,111,78
13363,111,79
13364,111,80
13365,111,81
13366,111,82
13367,111,83
13368,111,84
13369,111,85
13370,111,86
13371,111,87
13372,111,88
13373,111,89
13374,111,90
13375,111,91
13376,111,92
13377,111,93
13378,111,94
13379,111,95
13380,111,96
13381,111,97
13382,111,98
13383,111,99
13384,111,100
13385,111,101
13386,111,102
13387,111,103
13388,111,104
13389,111,105
13390,111,106
13391,111,107
13392,111,108
13393,111,109
13394,111,110
13395,111,111
13396,111,112
13397,111,113
13398,111,114
13399,111,115
13400,111,116
13401,111,117
13402,111,118
13403,112,11
13404,112,12
13405,112,13
13406,112,14
13407,112,15
13408,112,16
13409,112,17
13410,112,18
13411,112,19
13412,112,20
13413,112,21
13414,112,22
13415,112,23
13416,112,24
13417,112,25
13418,112,26
13419,112,27
13420,112,28
13421,112,29
13422,112,30
13423,112,31
13424,112,32
13425,112,33
13426,112,34
13427,112,35
13428,112,36
13429,112,37
13430,112,38
13431,112,39
13432,112,40
13433,112,41
13434,112,42
13435,112,43
13436,112,44
13437,112,45
13438,112,46
13439,112,47
13440,112,48
13441,112,49
13442,112,50
13443,112,51
13444,112,52
13445,112,53
13446,112,54
13447,112,55
13448,112,56
13449,112,57
13450,112,58
13451,112,59
13452,112,60
13453,112,61
13454,112,62
13455,112,63
13456,112,64
13457,112,65
13458,112,66
13459,112,67
13460,112,68
13461,112,69
13462,112,70
13463,112,71
13464,112,72
13465,112,73
13466,112,74
13467,112,75
13468,112,76
13469,112,77
13470,112,78
13471,112,79
13472,112,80
13473,112,81
13474,112,82
13475,112,83
13476,112,84
13477,112,85
13478,112,86
13479,112,87
13480,112,88
13481,112,89
13482,112,90
13483,112,91
13484,112,92
13485,112,93
13486,112,94
13487,112,95
13488,112,96
13489,112,97
13490,112,98
13491,112,99
13492,112,100
13493,112,101
13494,112,102
13495,112,103
13496,112,104
13497,112,105
13498,112,106
13499,112,107
13500,112,108
13501,112,109
13502,112,110
13503,112,111
13504,112,112
13505,112,113
13506,112,114
13507,112,115
13508,112,116
13509,112,117
13510,113,12
13511,113,13
13512,113,14
13513,113,15
13514,113,16
13515,113,17
13516,113,18
13517,113,19
13518,113,20
13519,113,21
13520,113,22
13521,113,23
13522,113,24
13523,113,25
13524,113,26
13525,113,27
13526,113,28
13527,113,29
13528,113,30
13529,113,31
13530,113,32
13531,113,33
13532,113,34
13533,113,35
13534,113,36
13535,113,37
13536,113,38
13537,113,39
13538,113,40
13539,113,41
13540,113,42
13541,113,43
13542,113,44
13543,113,45
13544,113,46
13545,113,47
13546,113,48
13547,113,49
13548,113,50
13549,113,51
13550,113,52
13551,113,53
13552,113,54
13553,113,55
13554,113,56
13555,113,57
13556,113,58
13557,113,59
13558,113,60
13559,113,61
13560,113,62
13561,113,63
13562,113,64
13563,113,65
13564,113,66
13565,113,67
13566,113,68
13567,113,69
13568,113,70
13569,113,71
13570,113,72
13571,113,73
13572,113,74
13573,113,75
13574,113,76
13575,113,77
13576,113,78
13577,113,79
13578,113,80
13579,113,81
13580,113,82
13581,113,83
13582,113,84
13583,113,85
13584,113,86
13585,113,87
13586,113,88
13587,113,89
13588,113,90
13589,113,91
13590,113,92
13591,113,93
13592,113,94
13593,113,95
13594,113,96
13595,113,97
13596,113,98
13597,113,99
13598,113,100
13599,113,101
13600,113,102
13601,113,103
13602,113,104
13603,113,105
13604,113,106
13605,113,107
13606,113,108
13607,113,109
13608,113,110
13609,113,111
13610,113,112
13611,113,113
13612,113,114
13613,113,115
13614,113,116
13615,114,13
13616,114,14
13617,114,15
13618,114,16
13619,114,17
13620,114,18
13621,114,19
13622,114,20
13623,114,21
13624,114,22
13625,114,23
13626,114,24
13627,114,25
13628,114,26
13629,114,27
13630,114,28
13631,114,29
13632,114,30
13633,114,31
13634,114,32
13635,114,33
13636,114,34
13637,114,35
13638,114,36
13639,114,37
13640,114,38
13641,114,39
13642,114,40
13643,114,41
13644,114,42
13645,114,43
13646,114,44
13647,114,45
13648,114,46
13649,114,47
13650,114,48
13651,114,49
13652,114,50
13653,114,51
13654,114,52
13655,114,53
13656,114,54
13657,114,55
13658,114,56
13659,114,57
13660,114,58
13661,114,59
13662,114,60
13663,114,61
13664,114,62
13665,114,63
13666,114,64
13667,114,65
13668,114,66
13669,114,67
13670,114,68
13671,114,69
13672,114,70
13673,114,71
13674,114,72
13675,114,73
13676,114,74
13677,114,75
13678,114,76
13679,114,77
13680,114,78
13681,114,79
13682,114,80
13683,114,81
13684,114,82
13685,114,83
13686,114,84
13687,114,85
13688,114,86
13689,114,87
13690,114,88
13691,114,89
13692,114,90
13693,114,91
13694,114,92
13695,114,93
13696,114,94
13697,114,95
13698,114,96
13699,114,97
13700,114,98
13701,114,99
13702,114,100
13703,114,101
13704,114,102
13705,114,103
13706,114,104
13707,114,105
13708,114,106
13709,114,107
13710,114,108
13711,114,109
13712,114,110
13713,114,111
13714,114,112
13715,114,113
13716,114,114
13717,114,115
13718,115,14
13719,115,15
13720,115,16
13721,115,17
13722,115,18
13723,115,19
13724,115,20
13725,115,21
13726,115,22
13727,115,23
13728,115,24
13729,115,25
13730,115,26
13731,115,27
13732,115,28
13733,115,29
13734,115,30
13735,115,31
13736,115,32
13737,115,33
13738,115,34
13739,115,35
13740,115,36
13741,115,37
13742,115,38
13743,115,39
13744,115,40
13745,115,41
13746,115,42
13747,115,43
13748,115,44
13749,115,45
13750,115,46
13751,115,47
13752,115,48
13753,115,49
13754,115,50
13755,115,51
13756,115,52
13757,115,53
13758,115,54
13759,115,55
13760,115,56
13761,115,57
13762,115,58
13763,115,59
13764,115,60
13765,115,61
13766,115,62
13767,115,63
13768,115,64
13769,115,65
13770,115,66
13771,115,67
13772,115,68
13773,115,69
13774,115,70
13775,115,71
13776,115,72
13777,115,73
13778,115,74
13779,115,75
13780,115,76
13781,115,77
13782,115,78
13783,115,79
13784,115,80
13785,115,81
13786,115,82
13787,115,83
13788,115,84
13789,115,85
13790,115,86
13791,115,87
13792,115,88
13793,115,89
13794,115,90
13795,115,91
13796,115,92
13797,115,93
13798,115,94
13799,115,95
13800,115,96
13801,115,97
13802,115,98
13803,115,99
13804,115,100
13805,115,101
13806,115,102
13807,115,103
13808,115,104
13809,115,105
13810,115,106
13811,115,107
13812,115,108
13813,115,109
13814,115,110
13815,115,111
13816,115,112
13817,115,113
13818,115,114
13819,116,15
13820,116,16
13821,116,17
13822,116,18
13823,116,19
13824,116,20
13825,116,21
13826,116,22
13827,116,23
13828,116,24
13829,116,25
13830,116,26
13831,116,27
13832,116,28
13833,116,29
13834,116,30
13835,116,31
13836,116,32
13837,116,33
13838,116,34
13839,116,35
13840,116,36
13841,116,37
13842,116,38
13843,116,39
13844,116,40
13845,116,41
13846,116,42
13847,116,43
13848,116,44
13849,116,45
13850,116,46
13851,116,47
13852,116,48
13853,116,49
13854,116,50
13855,116,51
13856,116,52
13857,116,53
13858,116,54
13859,116,55
13860,116,56
13861,116,57
13862,116,58
13863,116,59
13864,116,60
13865,116,61
13866,116,62
13867,116,63
13868,116,64
13869,116,65
13870,116,66
13871,116,67
13872,116,68
13873,116,69
13874,116,70
13875,116,71
13876,116,72
13877,116,73
13878,116,74
13879,116,75
13880,116,76
13881,116,77
13882,116,78
13883,116,79
13884,116,80
13885,116,81
13886,116,82
13887,116,83
13888,116,84
13889,116,85
13890,116,86
13891,116,87
13892,116,88
13893,116,89
13894,116,90
13895,116,91
13896,116,92
13897,116,93
13898,116,94
13899,116,95
13900,116,96
13901,116,97
13902,116,98
13903,116,99
13904,116,100
13905,116,101
13906,116,102
13907,116,103
13908,116,104
13909,116,105
13910,116,106
13911,116,107
13912,116,108
13913,116,109
13914,116,110
13915,116,111
13916,116,112
13917,116,113
13918,117,16
13919,117,17
13920,117,18
13921,117,19
13922,117,20
13923,117,21
13924,117,22
13925,117,23
13926,117,24
13927,117,25
13928,117,26
13929,117,27
13930,117,28
13931,117,29
13932,117,30
13933,117,31
13934,117,32
13935,117,33
13936,117,34
13937,117,35
13938,117,36
13939,117,37
13940,117,38
13941,117,39
13942,117,40
13943,117,41
13944,117,42
13945,117,43
13946,117,44
13947,117,45
13948,117,46
13949,117,47
13950,117,48
13951,117,49
13952,117,50
13953,117,51
13954,117,52
13955,117,53
13956,117,54
13957,117,55
13958,117,56
13959,117,57
13960,117,58
13961,117,59
13962,117,60
13963,117,61
13964,117,62
13965,117,63
13966,117,64
13967,117,65
13968,117,66
13969,117,67
13970,117,68
13971,117,69
13972,117,70
13973,117,71
13974,117,72
13975,117,73
13976,117,74
13977,117,75
13978,117,76
13979,117,77
13980,117,78
13981,117,79
13982,117,80
13983,117,81
13984,117,82
13985,117,83
13986,117,84
13987,117,85
13988,117,86
13989,117,87
13990,117,88
13991,117,89
13992,117,90
13993,117,91
13994,117,92
13995,117,93
13996,117,94
13997,117,95
13998,117,96
13999,117,97
14000,117,98
14001,117,99
14002,117,100
14003,117,101
14004,117,102
14005,117,103
14006,117,104
14007,117,105
14008,117,106
14009,117,107
14010,117,108
14011,117,109
14012,117,110
14013,117,111
14014,117,112
14015,118,17
14016,118,18
14017,118,19
14018,118,20
14019,118,21
14020,118,22
14021,118,23
14022,118,24
14023,118,25
14024,118,26
14025,118,27
14026,118,28
14027,118,29
14028,118,30
14029,118,31
14030,118,32
14031,118,33
14032,118,34
14033,118,35
14034,118,36
14035,118,37
14036,118,38
14037,118,39
14038,118,40
14039,118,41
14040,118,42
14041,118,43
14042,118,44
14043,118,45
14044,118,46
14045,118,47
14046,118,48
14047,118,49
14048,118,50
14049,118,51
14050,118,52
14051,118,53
14052,118,54
14053,118,55
14054,118,56
14055,118,57
14056,118,58
14057,118,59
14058,118,60
14059,118,61
14060,118,62
14061,118,63
14062,118,64
14063,118,65
14064,118,66
14065,118,67
14066,118,68
14067,118,69
14068,118,70
14069,118,71
14070,118,72
14071,118,73
14072,118,74
14073,118,75
14074,118,76
14075,118,77
14076,118,78
14077,118,79
14078,118,80
14079,118,81
14080,118,82
14081,118,83
14082,118,84
14083,118,85
14084,118,86
14085,118,87
14086,118,88
14087,118,89
14088,118,90
14089,118,91
14090,118,92
14091,118,93
14092,118,94
14093,118,95
14094,118,96
14095,118,97
14096,118,98
14097,118,99
14098,118,100
14099,118,101
14100,118,102
14101,118,103
14102,118,104
14103,118,105
14104,118,106
14105,118,107
14106,118,108
14107,118,109
14108,118,110
14109,118,111
14110,119,18
14111,119,19
14112,119,20
14113,119,21
14114,119,22
14115,119,23
14116,119,24
14117,119,25
14118,119,26
14119,119,27
14120,119,28
14121,119,29
14122,119,30
14123,119,31
14124,119,32
14125,119,33
14126,119,34
14127,119,35
14128,119,36
14129,119,37
14130,119,38
14131,119,39
14132,119,40
14133,119,41
14134,119,42
14135,119,43
14136,119,44
14137,119,45
14138,119,46
14139,119,47
14140,119,48
14141,119,49
14142,119,50
14143,119,51
14144,119,52
14145,119,53
14146,119,54
14147,119,55
14148,119,56
14149,119,57
14150,119,58
14151,119,59
14152,119,60
14153,119,61
14154,119,62
14155,119,63
14156,119,64
14157,119,65
14158,119,66
14159,119,67
14160,119,68
14161,119,69
14162,119,70
14163,119,71
14164,119,72
14165,119,73
14166,119,74
14167,119,75
14168,119,76
14169,119,77
14170,119,78
14171,119,79
14172,119,80
14173,119,81
14174,119,82
14175,119,83
14176,119,84
14177,119,85
14178,119,86
14179,119,87
14180,119,88
14181,119,89
14182,119,90
14183,119,91
14184,119,92
14185,119,93
14186,119,94
14187,119,95
14188,119,96
14189,119,97
14190,119,98
14191,119,99
14192,119,100
14193,119,101
14194,119,102
14195,119,103
14196,119,104
14197,119,105
14198,119,106
14199,119,107
14200,119,108
14201,119,109
14202,119,110
14203,120,19
14204,120,20
14205,120,21
14206,120,22
14207,120,23
14208,120,24
14209,120,25
14210,120,26
14211,120,27
14212,120,28
14213,120,29
14214,120,30
14215,120,31
14216,120,32
14217,120,33
14218,120,34
14219,120,35
14220,120,36
14221,120,37
14222,120,38
14223,120,39
14224,120,40
14225,120,41
14226,120,42
14227,120,43
14228,120,44
14229,120,45
14230,120,46
14231,120,47
14232,120,48
14233,120,49
14234,120,50
14235,120,51
14236,120,52
14237,120,53
14238,120,54
14239,120,55
14240,120,56
14241,120,57
14242,120,58
14243,120,59
14244,120,60
14245,120,61
14246,120,62
14247,120,63
14248,120,64
14249,120,65
14250,120,66
14251,120,67
14252,120,68
14253,120,69
14254,120,70
14255,120,71
14256,120,72
14257,120,73
14258,120,74
14259,120,75
14260,120,76
14261,120,77
14262,120,78
14263,120,79
14264,120,80
14265,120,81
14266,120,82
14267,120,83
14268,120,84
14269,120,85
14270,120,86
14271,120,87
14272,120,88
14273,120,89
14274,120,90
14275,120,91
14276,120,92
14277,120,93
14278,120,94
14279,120,95
14280,120,96
14281,120,97
14282,120,98
14283,120,99
14284,120,100
14285,120,101
14286,120,102
14287,120,103
14288,120,104
14289,120,105
14290,120,106
14291,120,107
14292,120,108
14293,120,109
14294,121,21
14295,121,22
14296,121,23
14297,121,24
14298,121,25
14299,121,26
14300,121,27
14301,121,28
14302,121,29
14303,121,30
14304,121,31
14305,121,32
14306,121,33
14307,121,34
14308,121,35
14309,121,36
14310,121,37
14311,121,38
14312,121,39
14313,121,40
14314,121,41
14315,121,42
14316,121,43
14317,121,44
14318,121,45
14319,121,46
14320,121,47
14321,121,48
14322,121,49
14323,121,50
14324,121,51
14325,121,52
14326,121,53
14327,121,54
14328,121,55
14329,121,56
14330,121,57
14331,121,58
14332,121,59
14333,121,60
14334,121,61
14335,121,62
14336,121,63
14337,121,64
14338,121,65
14339,121,66
14340,121,67
14341,121,68
14342,121,69
14343,121,70
14344,121,71
14345,121,72
14346,121,73
14347,121,74
14348,121,75
14349,121,76
14350,121,77
14351,121,78
14352,121,79
14353,121,80
14354,121,81
14355,121,82
14356,121,83
14357,121,84
14358,121,85
14359,121,86
14360,121,87
14361,121,88
14362,121,89
14363,121,90
14364,121,91
14365,121,92
14366,121,93
14367,121,94
14368,121,95
14369,121,96
14370,121,97
14371,121,98
14372,121,99
14373,121,100
14374,121,101
14375,121,102
14376,121,103
14377,121,104
14378,121,105
14379,121,106
14380,121,107
14381,122,22
14382,122,23
14383,122,24
14384,122,25
14385,122,26
14386,122,27
14387,122,28
14388,122,29
14389,122,30
14390,122,31
14391,122,32
14392,122,33
14393,122,34
14394,122,35
14395,122,36
14396,122,37
14397,122,38
14398,122,39
14399,122,40
14400,122,41
14401,122,42
14402,122,43
14403,122,44
14404,122,45
14405,122,46
14406,122,47
14407,122,48
14408,122,49
14409,122,50
14410,122,51
14411,122,52
14412,122,53
14413,122,54
14414,122,55
14415,122,56
14416,122,57
14417,122,58
14418,122,59
14419,122,60
14420,122,61
14421,122,62
14422,122,63
14423,122,64
14424,122,65
14425,122,66
14426,122,67
14427,122,68
14428,122,69
14429,122,70
14430,122,71
14431,122,72
14432,122,73
14433,122,74
14434,122,75
14435,122,76
14436,122,77
14437,122,78
14438,122,79
14439,122,80
14440,122,81
14441,122,82
14442,122,83
14443,122,84
14444,122,85
14445,122,86
14446,122,87
14447,122,88
14448,122,89
14449,122,90
14450,122,91
14451,122,92
14452,122,93
14453,122,94
14454,122,95
14455,122,96
14456,122,97
14457,122,98
14458,122,99
14459,122,100
14460,122,101
14461,122,102
14462,122,103
14463,122,104
14464,122,105
14465,122,106
14466,123,23
14467,123,24
14468,123,25
14469,123,26
14470,123,27
14471,123,28
14472,123,29
14473,123,30
14474,123,31
14475,123,32
14476,123,33
14477,123,34
14478,123,35
14479,123,36
14480,123,37
14481,123,38
14482,123,39
14483,123,40
14484,123,41
14485,123,42
14486,123,43
14487,123,44
14488,123,45
14489,123,46
14490,123,47
14491,123,48
14492,123,49
14493,123,50
14494,123,51
14495,123,52
14496,123,53
14497,123,54
14498,123,55
14499,123,56
14500,123,57
14501,123,58
14502,123,59
14503,123,60
14504,123,61
14505,123,62
14506,123,63
14507,123,64
14508,123,65
14509,123,66
14510,123,67
14511,123,68
14512,123,69
14513,123,70
14514,123,71
14515,123,72
14516,123,73
14517,123,74
14518,123,75
14519,123,76
14520,123,77
14521,123,78
14522,123,79
14523,123,80
14524,123,81
14525,123,82
14526,123,83
14527,123,84
14528,123,85
14529,123,86
14530,123,87
14531,123,88
14532,123,89
14533,123,90
14534,123,91
14535,123,92
14536,123,93
14537,123,94
14538,123,95
14539,123,96
14540,123,97
14541,123,98
14542,123,99
14543,123,100
14544,123,101
14545,123,102
14546,123,103
14547,123,104
14548,123,105
14549,124,25
14550,124,26
14551,124,27
14552,124,28
14553,124,29
14554,124,30
14555,124,31
14556,124,32
14557,124,33
14558,124,34
14559,124,35
14560,124,36
14561,124,37
14562,124,38
14563,124,39
14564,124,40
14565,124,41
14566,124,42
14567,124,43
14568,124,44
14569,124,45
14570,124,46
14571,124,47
14572,124,48
14573,124,49
14574,124,50
14575,124,51
14576,124,52
14577,124,53
14578,124,54
14579,124,55
14580,124,56
14581,124,57
14582,124,58
14583,124,59
14584,124,60
14585,124,61
14586,124,62
14587,124,63
14588,124,64
14589,124,65
14590,124,66
14591,124,67
14592,124,68
14593,124,69
14594,124,70
14595,124,71
14596,124,72
14597,124,73
14598,124,74
14599,124,75
14600,124,76
14601,124,77
14602,124,78
14603,124,79
14604,124,80
14605,124,81
14606,124,82
14607,124,83
14608,124,84
14609,124,85
14610,124,86
14611,124,87
14612,124,88
14613,124,89
14614,124,90
14615,124,91
14616,124,92
14617,124,93
14618,124,94
14619,124,95
14620,124,96
14621,124,97
14622,124,98
14623,124,99
14624,124,100
14625,124,101
14626,124,102
14627,124,103
14628,125,26
14629,125,27
14630,125,28
14631,125,29
14632,125,30
14633,125,31
14634,125,32
14635,125,33
14636,125,34
14637,125,35
14638,125,36
14639,125,37
14640,125,38
14641,125,39
14642,125,40
14643,125,41
14644,125,42
14645,125,43
14646,125,44
14647,125,45
14648,125,46
14649,125,47
14650,125,48
14651,125,49
14652,125,50
14653,125,51
14654,125,52
14655,125,53
14656,125,54
14657,125,55
14658,125,56
14659,125,57
14660,125,58
14661,125,59
14662,125,60
14663,125,61
14664,125,62
14665,125,63
14666,125,64
14667,125,65
14668,125,66
14669,125,67
14670,125,68
14671,125,69
14672,125,70
14673,125,71
14674,125,72
14675,125,73
14676,125,74
14677,125,75
14678,125,76
14679,125,77
14680,125,78
14681,125,79
14682,125,80
14683,125,81
14684,125,82
14685,125,83
14686,125,84
14687,125,85
14688,125,86
14689,125,87
14690,125,88
14691,125,89
14692,125,90
14693,125,91
14694,125,92
14695,125,93
14696,125,94
14697,125,95
14698,125,96
14699,125,97
14700,125,98
14701,125,99
14702,125,100
14703,125,101
14704,125,102
14705,126,28
14706,126,29
14707,126,30
14708,126,31
14709,126,32
14710,126,33
14711,126,34
14712,126,35
14713,126,36
14714,126,37
14715,126,38
14716,126,39
14717,126,40
14718,126,41
14719,126,42
14720,126,43
14721,126,44
14722,126,45
14723,126,46
14724,126,47
14725,126,48
14726,126,49
14727,126,50
14728,126,51
14729,126,52
14730,126,53
14731,126,54
14732,126,55
14733,126,56
14734,126,57
14735,126,58
14736,126,59
14737,126,60
14738,126,61
14739,126,62
14740,126,63
14741,126,64
14742,126,65
14743,126,66
14744,126,67
14745,126,68
14746,126,69
14747,126,70
14748,126,71
14749,126,72
14750,126,73
14751,126,74
14752,126,75
14753,126,76
14754,126,77
14755,126,78
14756,126,79
14757,126,80
14758,126,81
14759,126,82
14760,126,83
14761,126,84
14762,126,85
14763,126,86
14764,126,87
14765,126,88
14766,126,89
14767,126,90
14768,126,91
14769,126,92
14770,126,93
14771,126,94
14772,126,95
14773,126,96
14774,126,97
14775,126,98
14776,126,99
14777,126,100
14778,127,30
14779,127,31
14780,127,32
14781,127,33
14782,127,34
14783,127,35
14784,127,36
14785,127,37
14786,127,38
14787,127,39
14788,127,40
14789,127,41
14790,127,42
14791,127,43
14792,127,44
14793,127,45
14794,127,46
14795,127,47
14796,127,48
14797,127,49
14798,127,50
14799,127,51
14800,127,52
14801,127,53
14802,127,54
14803,127,55
14804,127,56
14805,127,57
14806,127,58
14807,127,59
14808,127,60
14809,127,61
14810,127,62
14811,127,63
14812,127,64
14813,127,65
14814,127,66
14815,127,67
14816,127,68
14817,127,69
14818,127,70
14819,127,71
14820,127,72
14821,127,73
14822,127,74
14823,127,75
14824,127,76
14825,127,77
14826,127,78
14827,127,79
14828,127,80
14829,127,81
14830,127,82
14831,127,83
14832,127,84
14833,127,85
14834,127,86
14835,127,87
14836,127,88
14837,127,89
14838,127,90
14839,127,91
14840,127,92
14841,127,93
14842,127,94
14843,127,95
14844,127,96
14845,127,97
14846,127,98
