,0,1
0,0,96
1,0,97
2,0,98
3,0,99
4,0,100
5,0,101
6,0,102
7,0,103
8,0,104
9,0,105
10,0,106
11,0,107
12,0,108
13,0,109
14,0,110
15,0,111
16,0,112
17,0,113
18,0,114
19,0,115
20,0,116
21,0,117
22,0,118
23,0,119
24,0,120
25,0,121
26,0,122
27,0,123
28,0,124
29,0,125
30,0,126
31,0,127
32,0,128
33,0,129
34,0,130
35,0,131
36,0,132
37,0,133
38,0,134
39,0,135
40,0,136
41,0,137
42,0,138
43,0,139
44,0,140
45,0,141
46,0,142
47,0,143
48,0,144
49,0,145
50,0,146
51,0,147
52,0,148
53,0,149
54,0,150
55,0,151
56,0,152
57,0,153
58,0,154
59,0,155
60,0,156
61,0,157
62,0,158
63,0,159
64,0,160
65,1,93
66,1,94
67,1,95
68,1,96
69,1,97
70,1,98
71,1,99
72,1,100
73,1,101
74,1,102
75,1,103
76,1,104
77,1,105
78,1,106
79,1,107
80,1,108
81,1,109
82,1,110
83,1,111
84,1,112
85,1,113
86,1,114
87,1,115
88,1,116
89,1,117
90,1,118
91,1,119
92,1,120
93,1,121
94,1,122
95,1,123
96,1,124
97,1,125
98,1,126
99,1,127
100,1,128
101,1,129
102,1,130
103,1,131
104,1,132
105,1,133
106,1,134
107,1,135
108,1,136
109,1,137
110,1,138
111,1,139
112,1,140
113,1,141
114,1,142
115,1,143
116,1,144
117,1,145
118,1,146
119,1,147
120,1,148
121,1,149
122,1,150
123,1,151
124,1,152
125,1,153
126,1,154
127,1,155
128,1,156
129,1,157
130,1,158
131,1,159
132,1,160
133,1,161
134,1,162
135,1,163
136,2,89
137,2,90
138,2,91
139,2,92
140,2,93
141,2,94
142,2,95
143,2,96
144,2,97
145,2,98
146,2,99
147,2,100
148,2,101
149,2,102
150,2,103
151,2,104
152,2,105
153,2,106
154,2,107
155,2,108
156,2,109
157,2,110
158,2,111
159,2,112
160,2,113
161,2,114
162,2,115
163,2,116
164,2,117
165,2,118
166,2,119
167,2,120
168,2,121
169,2,122
170,2,123
171,2,124
172,2,125
173,2,126
174,2,127
175,2,128
176,2,129
177,2,130
178,2,131
179,2,132
180,2,133
181,2,134
182,2,135
183,2,136
184,2,137
185,2,138
186,2,139
187,2,140
188,2,141
189,2,142
190,2,143
191,2,144
192,2,145
193,2,146
194,2,147
195,2,148
196,2,149
197,2,150
198,2,151
199,2,152
200,2,153
201,2,154
202,2,155
203,2,156
204,2,157
205,2,158
206,2,159
207,2,160
208,2,161
209,2,162
210,2,163
211,2,164
212,2,165
213,2,166
214,2,167
215,3,86
216,3,87
217,3,88
218,3,89
219,3,90
220,3,91
221,3,92
222,3,93
223,3,94
224,3,95
225,3,96
226,3,97
227,3,98
228,3,99
229,3,100
230,3,101
231,3,102
232,3,103
233,3,104
234,3,105
235,3,106
236,3,107
237,3,108
238,3,109
239,3,110
240,3,111
241,3,112
242,3,113
243,3,114
244,3,115
245,3,116
246,3,117
247,3,118
248,3,119
249,3,120
250,3,121
251,3,122
252,3,123
253,3,124
254,3,125
255,3,126
256,3,127
257,3,128
258,3,129
259,3,130
260,3,131
261,3,132
262,3,133
263,3,134
264,3,135
265,3,136
266,3,137
267,3,138
268,3,139
269,3,140
270,3,141
271,3,142
272,3,143
273,3,144
274,3,145
275,3,146
276,3,147
277,3,148
278,3,149
279,3,150
280,3,151
281,3,152
282,3,153
283,3,154
284,3,155
285,3,156
286,3,157
287,3,158
288,3,159
289,3,160
290,3,161
291,3,162
292,3,163
293,3,164
294,3,165
295,3,166
296,3,167
297,3,168
298,3,169
299,3,170
300,4,83
301,4,84
302,4,85
303,4,86
304,4,87
305,4,88
306,4,89
307,4,90
308,4,91
309,4,92
310,4,93
311,4,94
312,4,95
313,4,96
314,4,97
315,4,98
316,4,99
317,4,100
318,4,101
319,4,102
320,4,103
321,4,104
322,4,105
323,4,106
324,4,107
325,4,108
326,4,109
327,4,110
328,4,111
329,4,112
330,4,113
331,4,114
332,4,115
333,4,116
334,4,117
335,4,118
336,4,119
337,4,120
338,4,121
339,4,122
340,4,123
341,4,124
342,4,125
343,4,126
344,4,127
345,4,128
346,4,129
347,4,130
348,4,131
349,4,132
350,4,133
351,4,134
352,4,135
353,4,136
354,4,137
355,4,138
356,4,139
357,4,140
358,4,141
359,4,142
360,4,143
361,4,144
362,4,145
363,4,146
364,4,147
365,4,148
366,4,149
367,4,150
368,4,151
369,4,152
370,4,153
371,4,154
372,4,155
373,4,156
374,4,157
375,4,158
376,4,159
377,4,160
378,4,161
379,4,162
380,4,163
381,4,164
382,4,165
383,4,166
384,4,167
385,4,168
386,4,169
387,4,170
388,4,171
389,4,172
390,4,173
391,5,81
392,5,82
393,5,83
394,5,84
395,5,85
396,5,86
397,5,87
398,5,88
399,5,89
400,5,90
401,5,91
402,5,92
403,5,93
404,5,94
405,5,95
406,5,96
407,5,97
408,5,98
409,5,99
410,5,100
411,5,101
412,5,102
413,5,103
414,5,104
415,5,105
416,5,106
417,5,107
418,5,108
419,5,109
420,5,110
421,5,111
422,5,112
423,5,113
424,5,114
425,5,115
426,5,116
427,5,117
428,5,118
429,5,119
430,5,120
431,5,121
432,5,122
433,5,123
434,5,124
435,5,125
436,5,126
437,5,127
438,5,128
439,5,129
440,5,130
441,5,131
442,5,132
443,5,133
444,5,134
445,5,135
446,5,136
447,5,137
448,5,138
449,5,139
450,5,140
451,5,141
452,5,142
453,5,143
454,5,144
455,5,145
456,5,146
457,5,147
458,5,148
459,5,149
460,5,150
461,5,151
462,5,152
463,5,153
464,5,154
465,5,155
466,5,156
467,5,157
468,5,158
469,5,159
470,5,160
471,5,161
472,5,162
473,5,163
474,5,164
475,5,165
476,5,166
477,5,167
478,5,168
479,5,169
480,5,170
481,5,171
482,5,172
483,5,173
484,5,174
485,5,175
486,6,78
487,6,79
488,6,80
489,6,81
490,6,82
491,6,83
492,6,84
493,6,85
494,6,86
495,6,87
496,6,88
497,6,89
498,6,90
499,6,91
500,6,92
501,6,93
502,6,94
503,6,95
504,6,96
505,6,97
506,6,98
507,6,99
508,6,100
509,6,101
510,6,102
511,6,103
512,6,104
513,6,105
514,6,106
515,6,107
516,6,108
517,6,109
518,6,110
519,6,111
520,6,112
521,6,113
522,6,114
523,6,115
524,6,116
525,6,117
526,6,118
527,6,119
528,6,120
529,6,121
530,6,122
531,6,123
532,6,124
533,6,125
534,6,126
535,6,127
536,6,128
537,6,129
538,6,130
539,6,131
540,6,132
541,6,133
542,6,134
543,6,135
544,6,136
545,6,137
546,6,138
547,6,139
548,6,140
549,6,141
550,6,142
551,6,143
552,6,144
553,6,145
554,6,146
555,6,147
556,6,148
557,6,149
558,6,150
559,6,151
560,6,152
561,6,153
562,6,154
563,6,155
564,6,156
565,6,157
566,6,158
567,6,159
568,6,160
569,6,161
570,6,162
571,6,163
572,6,164
573,6,165
574,6,166
575,6,167
576,6,168
577,6,169
578,6,170
579,6,171
580,6,172
581,6,173
582,6,174
583,6,175
584,6,176
585,6,177
586,6,178
587,7,76
588,7,77
589,7,78
590,7,79
591,7,80
592,7,81
593,7,82
594,7,83
595,7,84
596,7,85
597,7,86
598,7,87
599,7,88
600,7,89
601,7,90
602,7,91
603,7,92
604,7,93
605,7,94
606,7,95
607,7,96
608,7,97
609,7,98
610,7,99
611,7,100
612,7,101
613,7,102
614,7,103
615,7,104
616,7,105
617,7,106
618,7,107
619,7,108
620,7,109
621,7,110
622,7,111
623,7,112
624,7,113
625,7,114
626,7,115
627,7,116
628,7,117
629,7,118
630,7,119
631,7,120
632,7,121
633,7,122
634,7,123
635,7,124
636,7,125
637,7,126
638,7,127
639,7,128
640,7,129
641,7,130
642,7,131
643,7,132
644,7,133
645,7,134
646,7,135
647,7,136
648,7,137
649,7,138
650,7,139
651,7,140
652,7,141
653,7,142
654,7,143
655,7,144
656,7,145
657,7,146
658,7,147
659,7,148
660,7,149
661,7,150
662,7,151
663,7,152
664,7,153
665,7,154
666,7,155
667,7,156
668,7,157
669,7,158
670,7,159
671,7,160
672,7,161
673,7,162
674,7,163
675,7,164
676,7,165
677,7,166
678,7,167
679,7,168
680,7,169
681,7,170
682,7,171
683,7,172
684,7,173
685,7,174
686,7,175
687,7,176
688,7,177
689,7,178
690,7,179
691,7,180
692,8,74
693,8,75
694,8,76
695,8,77
696,8,78
697,8,79
698,8,80
699,8,81
700,8,82
701,8,83
702,8,84
703,8,85
704,8,86
705,8,87
706,8,88
707,8,89
708,8,90
709,8,91
710,8,92
711,8,93
712,8,94
713,8,95
714,8,96
715,8,97
716,8,98
717,8,99
718,8,100
719,8,101
720,8,102
721,8,103
722,8,104
723,8,105
724,8,106
725,8,107
726,8,108
727,8,109
728,8,110
729,8,111
730,8,112
731,8,113
732,8,114
733,8,115
734,8,116
735,8,117
736,8,118
737,8,119
738,8,120
739,8,121
740,8,122
741,8,123
742,8,124
743,8,125
744,8,126
745,8,127
746,8,128
747,8,129
748,8,130
749,8,131
750,8,132
751,8,133
752,8,134
753,8,135
754,8,136
755,8,137
756,8,138
757,8,139
758,8,140
759,8,141
760,8,142
761,8,143
762,8,144
763,8,145
764,8,146
765,8,147
766,8,148
767,8,149
768,8,150
769,8,151
770,8,152
771,8,153
772,8,154
773,8,155
774,8,156
775,8,157
776,8,158
777,8,159
778,8,160
779,8,161
780,8,162
781,8,163
782,8,164
783,8,165
784,8,166
785,8,167
786,8,168
787,8,169
788,8,170
789,8,171
790,8,172
791,8,173
792,8,174
793,8,175
794,8,176
795,8,177
796,8,178
797,8,179
798,8,180
799,8,181
800,8,182
801,9,71
802,9,72
803,9,73
804,9,74
805,9,75
806,9,76
807,9,77
808,9,78
809,9,79
810,9,80
811,9,81
812,9,82
813,9,83
814,9,84
815,9,85
816,9,86
817,9,87
818,9,88
819,9,89
820,9,90
821,9,91
822,9,92
823,9,93
824,9,94
825,9,95
826,9,96
827,9,97
828,9,98
829,9,99
830,9,100
831,9,101
832,9,102
833,9,103
834,9,104
835,9,105
836,9,106
837,9,107
838,9,108
839,9,109
840,9,110
841,9,111
842,9,112
843,9,113
844,9,114
845,9,115
846,9,116
847,9,117
848,9,118
849,9,119
850,9,120
851,9,121
852,9,122
853,9,123
854,9,124
855,9,125
856,9,126
857,9,127
858,9,128
859,9,129
860,9,130
861,9,131
862,9,132
863,9,133
864,9,134
865,9,135
866,9,136
867,9,137
868,9,138
869,9,139
870,9,140
871,9,141
872,9,142
873,9,143
874,9,144
875,9,145
876,9,146
877,9,147
878,9,148
879,9,149
880,9,150
881,9,151
882,9,152
883,9,153
884,9,154
885,9,155
886,9,156
887,9,157
888,9,158
889,9,159
890,9,160
891,9,161
892,9,162
893,9,163
894,9,164
895,9,165
896,9,166
897,9,167
898,9,168
899,9,169
900,9,170
901,9,171
902,9,172
903,9,173
904,9,174
905,9,175
906,9,176
907,9,177
908,9,178
909,9,179
910,9,180
911,9,181
912,9,182
913,9,183
914,9,184
915,9,185
916,10,69
917,10,70
918,10,71
919,10,72
920,10,73
921,10,74
922,10,75
923,10,76
924,10,77
925,10,78
926,10,79
927,10,80
928,10,81
929,10,82
930,10,83
931,10,84
932,10,85
933,10,86
934,10,87
935,10,88
936,10,89
937,10,90
938,10,91
939,10,92
940,10,93
941,10,94
942,10,95
943,10,96
944,10,97
945,10,98
946,10,99
947,10,100
948,10,101
949,10,102
950,10,103
951,10,104
952,10,105
953,10,106
954,10,107
955,10,108
956,10,109
957,10,110
958,10,111
959,10,112
960,10,113
961,10,114
962,10,115
963,10,116
964,10,117
965,10,118
966,10,119
967,10,120
968,10,121
969,10,122
970,10,123
971,10,124
972,10,125
973,10,126
974,10,127
975,10,128
976,10,129
977,10,130
978,10,131
979,10,132
980,10,133
981,10,134
982,10,135
983,10,136
984,10,137
985,10,138
986,10,139
987,10,140
988,10,141
989,10,142
990,10,143
991,10,144
992,10,145
993,10,146
994,10,147
995,10,148
996,10,149
997,10,150
998,10,151
999,10,152
1000,10,153
1001,10,154
1002,10,155
1003,10,156
1004,10,157
1005,10,158
1006,10,159
1007,10,160
1008,10,161
1009,10,162
1010,10,163
1011,10,164
1012,10,165
1013,10,166
1014,10,167
1015,10,168
1016,10,169
1017,10,170
1018,10,171
1019,10,172
1020,10,173
1021,10,174
1022,10,175
1023,10,176
1024,10,177
1025,10,178
1026,10,179
1027,10,180
1028,10,181
1029,10,182
1030,10,183
1031,10,184
1032,10,185
1033,10,186
1034,10,187
1035,11,67
1036,11,68
1037,11,69
1038,11,70
1039,11,71
1040,11,72
1041,11,73
1042,11,74
1043,11,75
1044,11,76
1045,11,77
1046,11,78
1047,11,79
1048,11,80
1049,11,81
1050,11,82
1051,11,83
1052,11,84
1053,11,85
1054,11,86
1055,11,87
1056,11,88
1057,11,89
1058,11,90
1059,11,91
1060,11,92
1061,11,93
1062,11,94
1063,11,95
1064,11,96
1065,11,97
1066,11,98
1067,11,99
1068,11,100
1069,11,101
1070,11,102
1071,11,103
1072,11,104
1073,11,105
1074,11,106
1075,11,107
1076,11,108
1077,11,109
1078,11,110
1079,11,111
1080,11,112
1081,11,113
1082,11,114
1083,11,115
1084,11,116
1085,11,117
1086,11,118
1087,11,119
1088,11,120
1089,11,121
1090,11,122
1091,11,123
1092,11,124
1093,11,125
1094,11,126
1095,11,127
1096,11,128
1097,11,129
1098,11,130
1099,11,131
1100,11,132
1101,11,133
1102,11,134
1103,11,135
1104,11,136
1105,11,137
1106,11,138
1107,11,139
1108,11,140
1109,11,141
1110,11,142
1111,11,143
1112,11,144
1113,11,145
1114,11,146
1115,11,147
1116,11,148
1117,11,149
1118,11,150
1119,11,151
1120,11,152
1121,11,153
1122,11,154
1123,11,155
1124,11,156
1125,11,157
1126,11,158
1127,11,159
1128,11,160
1129,11,161
1130,11,162
1131,11,163
1132,11,164
1133,11,165
1134,11,166
1135,11,167
1136,11,168
1137,11,169
1138,11,170
1139,11,171
1140,11,172
1141,11,173
1142,11,174
1143,11,175
1144,11,176
1145,11,177
1146,11,178
1147,11,179
1148,11,180
1149,11,181
1150,11,182
1151,11,183
1152,11,184
1153,11,185
1154,11,186
1155,11,187
1156,11,188
1157,11,189
1158,12,66
1159,12,67
1160,12,68
1161,12,69
1162,12,70
1163,12,71
1164,12,72
1165,12,73
1166,12,74
1167,12,75
1168,12,76
1169,12,77
1170,12,78
1171,12,79
1172,12,80
1173,12,81
1174,12,82
1175,12,83
1176,12,84
1177,12,85
1178,12,86
1179,12,87
1180,12,88
1181,12,89
1182,12,90
1183,12,91
1184,12,92
1185,12,93
1186,12,94
1187,12,95
1188,12,96
1189,12,97
1190,12,98
1191,12,99
1192,12,100
1193,12,101
1194,12,102
1195,12,103
1196,12,104
1197,12,105
1198,12,106
1199,12,107
1200,12,108
1201,12,109
1202,12,110
1203,12,111
1204,12,112
1205,12,113
1206,12,114
1207,12,115
1208,12,116
1209,12,117
1210,12,118
1211,12,119
1212,12,120
1213,12,121
1214,12,122
1215,12,123
1216,12,124
1217,12,125
1218,12,126
1219,12,127
1220,12,128
1221,12,129
1222,12,130
1223,12,131
1224,12,132
1225,12,133
1226,12,134
1227,12,135
1228,12,136
1229,12,137
1230,12,138
1231,12,139
1232,12,140
1233,12,141
1234,12,142
1235,12,143
1236,12,144
1237,12,145
1238,12,146
1239,12,147
1240,12,148
1241,12,149
1242,12,150
1243,12,151
1244,12,152
1245,12,153
1246,12,154
1247,12,155
1248,12,156
1249,12,157
1250,12,158
1251,12,159
1252,12,160
1253,12,161
1254,12,162
1255,12,163
1256,12,164
1257,12,165
1258,12,166
1259,12,167
1260,12,168
1261,12,169
1262,12,170
1263,12,171
1264,12,172
1265,12,173
1266,12,174
1267,12,175
1268,12,176
1269,12,177
1270,12,178
1271,12,179
1272,12,180
1273,12,181
1274,12,182
1275,12,183
1276,12,184
1277,12,185
1278,12,186
1279,12,187
1280,12,188
1281,12,189
1282,12,190
1283,13,64
1284,13,65
1285,13,66
1286,13,67
1287,13,68
1288,13,69
1289,13,70
1290,13,71
1291,13,72
1292,13,73
1293,13,74
1294,13,75
1295,13,76
1296,13,77
1297,13,78
1298,13,79
1299,13,80
1300,13,81
1301,13,82
1302,13,83
1303,13,84
1304,13,85
1305,13,86
1306,13,87
1307,13,88
1308,13,89
1309,13,90
1310,13,91
1311,13,92
1312,13,93
1313,13,94
1314,13,95
1315,13,96
1316,13,97
1317,13,98
1318,13,99
1319,13,100
1320,13,101
1321,13,102
1322,13,103
1323,13,104
1324,13,105
1325,13,106
1326,13,107
1327,13,108
1328,13,109
1329,13,110
1330,13,111
1331,13,112
1332,13,113
1333,13,114
1334,13,115
1335,13,116
1336,13,117
1337,13,118
1338,13,119
1339,13,120
1340,13,121
1341,13,122
1342,13,123
1343,13,124
1344,13,125
1345,13,126
1346,13,127
1347,13,128
1348,13,129
1349,13,130
1350,13,131
1351,13,132
1352,13,133
1353,13,134
1354,13,135
1355,13,136
1356,13,137
1357,13,138
1358,13,139
1359,13,140
1360,13,141
1361,13,142
1362,13,143
1363,13,144
1364,13,145
1365,13,146
1366,13,147
1367,13,148
1368,13,149
1369,13,150
1370,13,151
1371,13,152
1372,13,153
1373,13,154
1374,13,155
1375,13,156
1376,13,157
1377,13,158
1378,13,159
1379,13,160
1380,13,161
1381,13,162
1382,13,163
1383,13,164
1384,13,165
1385,13,166
1386,13,167
1387,13,168
1388,13,169
1389,13,170
1390,13,171
1391,13,172
1392,13,173
1393,13,174
1394,13,175
1395,13,176
1396,13,177
1397,13,178
1398,13,179
1399,13,180
1400,13,181
1401,13,182
1402,13,183
1403,13,184
1404,13,185
1405,13,186
1406,13,187
1407,13,188
1408,13,189
1409,13,190
1410,13,191
1411,13,192
1412,14,62
1413,14,63
1414,14,64
1415,14,65
1416,14,66
1417,14,67
1418,14,68
1419,14,69
1420,14,70
1421,14,71
1422,14,72
1423,14,73
1424,14,74
1425,14,75
1426,14,76
1427,14,77
1428,14,78
1429,14,79
1430,14,80
1431,14,81
1432,14,82
1433,14,83
1434,14,84
1435,14,85
1436,14,86
1437,14,87
1438,14,88
1439,14,89
1440,14,90
1441,14,91
1442,14,92
1443,14,93
1444,14,94
1445,14,95
1446,14,96
1447,14,97
1448,14,98
1449,14,99
1450,14,100
1451,14,101
1452,14,102
1453,14,103
1454,14,104
1455,14,105
1456,14,106
1457,14,107
1458,14,108
1459,14,109
1460,14,110
1461,14,111
1462,14,112
1463,14,113
1464,14,114
1465,14,115
1466,14,116
1467,14,117
1468,14,118
1469,14,119
1470,14,120
1471,14,121
1472,14,122
1473,14,123
1474,14,124
1475,14,125
1476,14,126
1477,14,127
1478,14,128
1479,14,129
1480,14,130
1481,14,131
1482,14,132
1483,14,133
1484,14,134
1485,14,135
1486,14,136
1487,14,137
1488,14,138
1489,14,139
1490,14,140
1491,14,141
1492,14,142
1493,14,143
1494,14,144
1495,14,145
1496,14,146
1497,14,147
1498,14,148
1499,14,149
1500,14,150
1501,14,151
1502,14,152
1503,14,153
1504,14,154
1505,14,155
1506,14,156
1507,14,157
1508,14,158
1509,14,159
1510,14,160
1511,14,161
1512,14,162
1513,14,163
1514,14,164
1515,14,165
1516,14,166
1517,14,167
1518,14,168
1519,14,169
1520,14,170
1521,14,171
1522,14,172
1523,14,173
1524,14,174
1525,14,175
1526,14,176
1527,14,177
1528,14,178
1529,14,179
1530,14,180
1531,14,181
1532,14,182
1533,14,183
1534,14,184
1535,14,185
1536,14,186
1537,14,187
1538,14,188
1539,14,189
1540,14,190
1541,14,191
1542,14,192
1543,14,193
1544,14,194
1545,15,60
1546,15,61
1547,15,62
1548,15,63
1549,15,64
1550,15,65
1551,15,66
1552,15,67
1553,15,68
1554,15,69
1555,15,70
1556,15,71
1557,15,72
1558,15,73
1559,15,74
1560,15,75
1561,15,76
1562,15,77
1563,15,78
1564,15,79
1565,15,80
1566,15,81
1567,15,82
1568,15,83
1569,15,84
1570,15,85
1571,15,86
1572,15,87
1573,15,88
1574,15,89
1575,15,90
1576,15,91
1577,15,92
1578,15,93
1579,15,94
1580,15,95
1581,15,96
1582,15,97
1583,15,98
1584,15,99
1585,15,100
1586,15,101
1587,15,102
1588,15,103
1589,15,104
1590,15,105
1591,15,106
1592,15,107
1593,15,108
1594,15,109
1595,15,110
1596,15,111
1597,15,112
1598,15,113
1599,15,114
1600,15,115
1601,15,116
1602,15,117
1603,15,118
1604,15,119
1605,15,120
1606,15,121
1607,15,122
1608,15,123
1609,15,124
1610,15,125
1611,15,126
1612,15,127
1613,15,128
1614,15,129
1615,15,130
1616,15,131
1617,15,132
1618,15,133
1619,15,134
1620,15,135
1621,15,136
1622,15,137
1623,15,138
1624,15,139
1625,15,140
1626,15,141
1627,15,142
1628,15,143
1629,15,144
1630,15,145
1631,15,146
1632,15,147
1633,15,148
1634,15,149
1635,15,150
1636,15,151
1637,15,152
1638,15,153
1639,15,154
1640,15,155
1641,15,156
1642,15,157
1643,15,158
1644,15,159
1645,15,160
1646,15,161
1647,15,162
1648,15,163
1649,15,164
1650,15,165
1651,15,166
1652,15,167
1653,15,168
1654,15,169
1655,15,170
1656,15,171
1657,15,172
1658,15,173
1659,15,174
1660,15,175
1661,15,176
1662,15,177
1663,15,178
1664,15,179
1665,15,180
1666,15,181
1667,15,182
1668,15,183
1669,15,184
1670,15,185
1671,15,186
1672,15,187
1673,15,188
1674,15,189
1675,15,190
1676,15,191
1677,15,192
1678,15,193
1679,15,194
1680,15,195
1681,15,196
1682,16,59
1683,16,60
1684,16,61
1685,16,62
1686,16,63
1687,16,64
1688,16,65
1689,16,66
1690,16,67
1691,16,68
1692,16,69
1693,16,70
1694,16,71
1695,16,72
1696,16,73
1697,16,74
1698,16,75
1699,16,76
1700,16,77
1701,16,78
1702,16,79
1703,16,80
1704,16,81
1705,16,82
1706,16,83
1707,16,84
1708,16,85
1709,16,86
1710,16,87
1711,16,88
1712,16,89
1713,16,90
1714,16,91
1715,16,92
1716,16,93
1717,16,94
1718,16,95
1719,16,96
1720,16,97
1721,16,98
1722,16,99
1723,16,100
1724,16,101
1725,16,102
1726,16,103
1727,16,104
1728,16,105
1729,16,106
1730,16,107
1731,16,108
1732,16,109
1733,16,110
1734,16,111
1735,16,112
1736,16,113
1737,16,114
1738,16,115
1739,16,116
1740,16,117
1741,16,118
1742,16,119
1743,16,120
1744,16,121
1745,16,122
1746,16,123
1747,16,124
1748,16,125
1749,16,126
1750,16,127
1751,16,128
1752,16,129
1753,16,130
1754,16,131
1755,16,132
1756,16,133
1757,16,134
1758,16,135
1759,16,136
1760,16,137
1761,16,138
1762,16,139
1763,16,140
1764,16,141
1765,16,142
1766,16,143
1767,16,144
1768,16,145
1769,16,146
1770,16,147
1771,16,148
1772,16,149
1773,16,150
1774,16,151
1775,16,152
1776,16,153
1777,16,154
1778,16,155
1779,16,156
1780,16,157
1781,16,158
1782,16,159
1783,16,160
1784,16,161
1785,16,162
1786,16,163
1787,16,164
1788,16,165
1789,16,166
1790,16,167
1791,16,168
1792,16,169
1793,16,170
1794,16,171
1795,16,172
1796,16,173
1797,16,174
1798,16,175
1799,16,176
1800,16,177
1801,16,178
1802,16,179
1803,16,180
1804,16,181
1805,16,182
1806,16,183
1807,16,184
1808,16,185
1809,16,186
1810,16,187
1811,16,188
1812,16,189
1813,16,190
1814,16,191
1815,16,192
1816,16,193
1817,16,194
1818,16,195
1819,16,196
1820,16,197
1821,17,57
1822,17,58
1823,17,59
1824,17,60
1825,17,61
1826,17,62
1827,17,63
1828,17,64
1829,17,65
1830,17,66
1831,17,67
1832,17,68
1833,17,69
1834,17,70
1835,17,71
1836,17,72
1837,17,73
1838,17,74
1839,17,75
1840,17,76
1841,17,77
1842,17,78
1843,17,79
1844,17,80
1845,17,81
1846,17,82
1847,17,83
1848,17,84
1849,17,85
1850,17,86
1851,17,87
1852,17,88
1853,17,89
1854,17,90
1855,17,91
1856,17,92
1857,17,93
1858,17,94
1859,17,95
1860,17,96
1861,17,97
1862,17,98
1863,17,99
1864,17,100
1865,17,101
1866,17,102
1867,17,103
1868,17,104
1869,17,105
1870,17,106
1871,17,107
1872,17,108
1873,17,109
1874,17,110
1875,17,111
1876,17,112
1877,17,113
1878,17,114
1879,17,115
1880,17,116
1881,17,117
1882,17,118
1883,17,119
1884,17,120
1885,17,121
1886,17,122
1887,17,123
1888,17,124
1889,17,125
1890,17,126
1891,17,127
1892,17,128
1893,17,129
1894,17,130
1895,17,131
1896,17,132
1897,17,133
1898,17,134
1899,17,135
1900,17,136
1901,17,137
1902,17,138
1903,17,139
1904,17,140
1905,17,141
1906,17,142
1907,17,143
1908,17,144
1909,17,145
1910,17,146
1911,17,147
1912,17,148
1913,17,149
1914,17,150
1915,17,151
1916,17,152
1917,17,153
1918,17,154
1919,17,155
1920,17,156
1921,17,157
1922,17,158
1923,17,159
1924,17,160
1925,17,161
1926,17,162
1927,17,163
1928,17,164
1929,17,165
1930,17,166
1931,17,167
1932,17,168
1933,17,169
1934,17,170
1935,17,171
1936,17,172
1937,17,173
1938,17,174
1939,17,175
1940,17,176
1941,17,177
1942,17,178
1943,17,179
1944,17,180
1945,17,181
1946,17,182
1947,17,183
1948,17,184
1949,17,185
1950,17,186
1951,17,187
1952,17,188
1953,17,189
1954,17,190
1955,17,191
1956,17,192
1957,17,193
1958,17,194
1959,17,195
1960,17,196
1961,17,197
1962,17,198
1963,17,199
1964,18,56
1965,18,57
1966,18,58
1967,18,59
1968,18,60
1969,18,61
1970,18,62
1971,18,63
1972,18,64
1973,18,65
1974,18,66
1975,18,67
1976,18,68
1977,18,69
1978,18,70
1979,18,71
1980,18,72
1981,18,73
1982,18,74
1983,18,75
1984,18,76
1985,18,77
1986,18,78
1987,18,79
1988,18,80
1989,18,81
1990,18,82
1991,18,83
1992,18,84
1993,18,85
1994,18,86
1995,18,87
1996,18,88
1997,18,89
1998,18,90
1999,18,91
2000,18,92
2001,18,93
2002,18,94
2003,18,95
2004,18,96
2005,18,97
2006,18,98
2007,18,99
2008,18,100
2009,18,101
2010,18,102
2011,18,103
2012,18,104
2013,18,105
2014,18,106
2015,18,107
2016,18,108
2017,18,109
2018,18,110
2019,18,111
2020,18,112
2021,18,113
2022,18,114
2023,18,115
2024,18,116
2025,18,117
2026,18,118
2027,18,119
2028,18,120
2029,18,121
2030,18,122
2031,18,123
2032,18,124
2033,18,125
2034,18,126
2035,18,127
2036,18,128
2037,18,129
2038,18,130
2039,18,131
2040,18,132
2041,18,133
2042,18,134
2043,18,135
2044,18,136
2045,18,137
2046,18,138
2047,18,139
2048,18,140
2049,18,141
2050,18,142
2051,18,143
2052,18,144
2053,18,145
2054,18,146
2055,18,147
2056,18,148
2057,18,149
2058,18,150
2059,18,151
2060,18,152
2061,18,153
2062,18,154
2063,18,155
2064,18,156
2065,18,157
2066,18,158
2067,18,159
2068,18,160
2069,18,161
2070,18,162
2071,18,163
2072,18,164
2073,18,165
2074,18,166
2075,18,167
2076,18,168
2077,18,169
2078,18,170
2079,18,171
2080,18,172
2081,18,173
2082,18,174
2083,18,175
2084,18,176
2085,18,177
2086,18,178
2087,18,179
2088,18,180
2089,18,181
2090,18,182
2091,18,183
2092,18,184
2093,18,185
2094,18,186
2095,18,187
2096,18,188
2097,18,189
2098,18,190
2099,18,191
2100,18,192
2101,18,193
2102,18,194
2103,18,195
2104,18,196
2105,18,197
2106,18,198
2107,18,199
2108,18,200
2109,19,54
2110,19,55
2111,19,56
2112,19,57
2113,19,58
2114,19,59
2115,19,60
2116,19,61
2117,19,62
2118,19,63
2119,19,64
2120,19,65
2121,19,66
2122,19,67
2123,19,68
2124,19,69
2125,19,70
2126,19,71
2127,19,72
2128,19,73
2129,19,74
2130,19,75
2131,19,76
2132,19,77
2133,19,78
2134,19,79
2135,19,80
2136,19,81
2137,19,82
2138,19,83
2139,19,84
2140,19,85
2141,19,86
2142,19,87
2143,19,88
2144,19,89
2145,19,90
2146,19,91
2147,19,92
2148,19,93
2149,19,94
2150,19,95
2151,19,96
2152,19,97
2153,19,98
2154,19,99
2155,19,100
2156,19,101
2157,19,102
2158,19,103
2159,19,104
2160,19,105
2161,19,106
2162,19,107
2163,19,108
2164,19,109
2165,19,110
2166,19,111
2167,19,112
2168,19,113
2169,19,114
2170,19,115
2171,19,116
2172,19,117
2173,19,118
2174,19,119
2175,19,120
2176,19,121
2177,19,122
2178,19,123
2179,19,124
2180,19,125
2181,19,126
2182,19,127
2183,19,128
2184,19,129
2185,19,130
2186,19,131
2187,19,132
2188,19,133
2189,19,134
2190,19,135
2191,19,136
2192,19,137
2193,19,138
2194,19,139
2195,19,140
2196,19,141
2197,19,142
2198,19,143
2199,19,144
2200,19,145
2201,19,146
2202,19,147
2203,19,148
2204,19,149
2205,19,150
2206,19,151
2207,19,152
2208,19,153
2209,19,154
2210,19,155
2211,19,156
2212,19,157
2213,19,158
2214,19,159
2215,19,160
2216,19,161
2217,19,162
2218,19,163
2219,19,164
2220,19,165
2221,19,166
2222,19,167
2223,19,168
2224,19,169
2225,19,170
2226,19,171
2227,19,172
2228,19,173
2229,19,174
2230,19,175
2231,19,176
2232,19,177
2233,19,178
2234,19,179
2235,19,180
2236,19,181
2237,19,182
2238,19,183
2239,19,184
2240,19,185
2241,19,186
2242,19,187
2243,19,188
2244,19,189
2245,19,190
2246,19,191
2247,19,192
2248,19,193
2249,19,194
2250,19,195
2251,19,196
2252,19,197
2253,19,198
2254,19,199
2255,19,200
2256,19,201
2257,19,202
2258,20,53
2259,20,54
2260,20,55
2261,20,56
2262,20,57
2263,20,58
2264,20,59
2265,20,60
2266,20,61
2267,20,62
2268,20,63
2269,20,64
2270,20,65
2271,20,66
2272,20,67
2273,20,68
2274,20,69
2275,20,70
2276,20,71
2277,20,72
2278,20,73
2279,20,74
2280,20,75
2281,20,76
2282,20,77
2283,20,78
2284,20,79
2285,20,80
2286,20,81
2287,20,82
2288,20,83
2289,20,84
2290,20,85
2291,20,86
2292,20,87
2293,20,88
2294,20,89
2295,20,90
2296,20,91
2297,20,92
2298,20,93
2299,20,94
2300,20,95
2301,20,96
2302,20,97
2303,20,98
2304,20,99
2305,20,100
2306,20,101
2307,20,102
2308,20,103
2309,20,104
2310,20,105
2311,20,106
2312,20,107
2313,20,108
2314,20,109
2315,20,110
2316,20,111
2317,20,112
2318,20,113
2319,20,114
2320,20,115
2321,20,116
2322,20,117
2323,20,118
2324,20,119
2325,20,120
2326,20,121
2327,20,122
2328,20,123
2329,20,124
2330,20,125
2331,20,126
2332,20,127
2333,20,128
2334,20,129
2335,20,130
2336,20,131
2337,20,132
2338,20,133
2339,20,134
2340,20,135
2341,20,136
2342,20,137
2343,20,138
2344,20,139
2345,20,140
2346,20,141
2347,20,142
2348,20,143
2349,20,144
2350,20,145
2351,20,146
2352,20,147
2353,20,148
2354,20,149
2355,20,150
2356,20,151
2357,20,152
2358,20,153
2359,20,154
2360,20,155
2361,20,156
2362,20,157
2363,20,158
2364,20,159
2365,20,160
2366,20,161
2367,20,162
2368,20,163
2369,20,164
2370,20,165
2371,20,166
2372,20,167
2373,20,168
2374,20,169
2375,20,170
2376,20,171
2377,20,172
2378,20,173
2379,20,174
2380,20,175
2381,20,176
2382,20,177
2383,20,178
2384,20,179
2385,20,180
2386,20,181
2387,20,182
2388,20,183
2389,20,184
2390,20,185
2391,20,186
2392,20,187
2393,20,188
2394,20,189
2395,20,190
2396,20,191
2397,20,192
2398,20,193
2399,20,194
2400,20,195
2401,20,196
2402,20,197
2403,20,198
2404,20,199
2405,20,200
2406,20,201
2407,20,202
2408,20,203
2409,21,51
2410,21,52
2411,21,53
2412,21,54
2413,21,55
2414,21,56
2415,21,57
2416,21,58
2417,21,59
2418,21,60
2419,21,61
2420,21,62
2421,21,63
2422,21,64
2423,21,65
2424,21,66
2425,21,67
2426,21,68
2427,21,69
2428,21,70
2429,21,71
2430,21,72
2431,21,73
2432,21,74
2433,21,75
2434,21,76
2435,21,77
2436,21,78
2437,21,79
2438,21,80
2439,21,81
2440,21,82
2441,21,83
2442,21,84
2443,21,85
2444,21,86
2445,21,87
2446,21,88
2447,21,89
2448,21,90
2449,21,91
2450,21,92
2451,21,93
2452,21,94
2453,21,95
2454,21,96
2455,21,97
2456,21,98
2457,21,99
2458,21,100
2459,21,101
2460,21,102
2461,21,103
2462,21,104
2463,21,105
2464,21,106
2465,21,107
2466,21,108
2467,21,109
2468,21,110
2469,21,111
2470,21,112
2471,21,113
2472,21,114
2473,21,115
2474,21,116
2475,21,117
2476,21,118
2477,21,119
2478,21,120
2479,21,121
2480,21,122
2481,21,123
2482,21,124
2483,21,125
2484,21,126
2485,21,127
2486,21,128
2487,21,129
2488,21,130
2489,21,131
2490,21,132
2491,21,133
2492,21,134
2493,21,135
2494,21,136
2495,21,137
2496,21,138
2497,21,139
2498,21,140
2499,21,141
2500,21,142
2501,21,143
2502,21,144
2503,21,145
2504,21,146
2505,21,147
2506,21,148
2507,21,149
2508,21,150
2509,21,151
2510,21,152
2511,21,153
2512,21,154
2513,21,155
2514,21,156
2515,21,157
2516,21,158
2517,21,159
2518,21,160
2519,21,161
2520,21,162
2521,21,163
2522,21,164
2523,21,165
2524,21,166
2525,21,167
2526,21,168
2527,21,169
2528,21,170
2529,21,171
2530,21,172
2531,21,173
2532,21,174
2533,21,175
2534,21,176
2535,21,177
2536,21,178
2537,21,179
2538,21,180
2539,21,181
2540,21,182
2541,21,183
2542,21,184
2543,21,185
2544,21,186
2545,21,187
2546,21,188
2547,21,189
2548,21,190
2549,21,191
2550,21,192
2551,21,193
2552,21,194
2553,21,195
2554,21,196
2555,21,197
2556,21,198
2557,21,199
2558,21,200
2559,21,201
2560,21,202
2561,21,203
2562,21,204
2563,21,205
2564,22,50
2565,22,51
2566,22,52
2567,22,53
2568,22,54
2569,22,55
2570,22,56
2571,22,57
2572,22,58
2573,22,59
2574,22,60
2575,22,61
2576,22,62
2577,22,63
2578,22,64
2579,22,65
2580,22,66
2581,22,67
2582,22,68
2583,22,69
2584,22,70
2585,22,71
2586,22,72
2587,22,73
2588,22,74
2589,22,75
2590,22,76
2591,22,77
2592,22,78
2593,22,79
2594,22,80
2595,22,81
2596,22,82
2597,22,83
2598,22,84
2599,22,85
2600,22,86
2601,22,87
2602,22,88
2603,22,89
2604,22,90
2605,22,91
2606,22,92
2607,22,93
2608,22,94
2609,22,95
2610,22,96
2611,22,97
2612,22,98
2613,22,99
2614,22,100
2615,22,101
2616,22,102
2617,22,103
2618,22,104
2619,22,105
2620,22,106
2621,22,107
2622,22,108
2623,22,109
2624,22,110
2625,22,111
2626,22,112
2627,22,113
2628,22,114
2629,22,115
2630,22,116
2631,22,117
2632,22,118
2633,22,119
2634,22,120
2635,22,121
2636,22,122
2637,22,123
2638,22,124
2639,22,125
2640,22,126
2641,22,127
2642,22,128
2643,22,129
2644,22,130
2645,22,131
2646,22,132
2647,22,133
2648,22,134
2649,22,135
2650,22,136
2651,22,137
2652,22,138
2653,22,139
2654,22,140
2655,22,141
2656,22,142
2657,22,143
2658,22,144
2659,22,145
2660,22,146
2661,22,147
2662,22,148
2663,22,149
2664,22,150
2665,22,151
2666,22,152
2667,22,153
2668,22,154
2669,22,155
2670,22,156
2671,22,157
2672,22,158
2673,22,159
2674,22,160
2675,22,161
2676,22,162
2677,22,163
2678,22,164
2679,22,165
2680,22,166
2681,22,167
2682,22,168
2683,22,169
2684,22,170
2685,22,171
2686,22,172
2687,22,173
2688,22,174
2689,22,175
2690,22,176
2691,22,177
2692,22,178
2693,22,179
2694,22,180
2695,22,181
2696,22,182
2697,22,183
2698,22,184
2699,22,185
2700,22,186
2701,22,187
2702,22,188
2703,22,189
2704,22,190
2705,22,191
2706,22,192
2707,22,193
2708,22,194
2709,22,195
2710,22,196
2711,22,197
2712,22,198
2713,22,199
2714,22,200
2715,22,201
2716,22,202
2717,22,203
2718,22,204
2719,22,205
2720,22,206
2721,23,49
2722,23,50
2723,23,51
2724,23,52
2725,23,53
2726,23,54
2727,23,55
2728,23,56
2729,23,57
2730,23,58
2731,23,59
2732,23,60
2733,23,61
2734,23,62
2735,23,63
2736,23,64
2737,23,65
2738,23,66
2739,23,67
2740,23,68
2741,23,69
2742,23,70
2743,23,71
2744,23,72
2745,23,73
2746,23,74
2747,23,75
2748,23,76
2749,23,77
2750,23,78
2751,23,79
2752,23,80
2753,23,81
2754,23,82
2755,23,83
2756,23,84
2757,23,85
2758,23,86
2759,23,87
2760,23,88
2761,23,89
2762,23,90
2763,23,91
2764,23,92
2765,23,93
2766,23,94
2767,23,95
2768,23,96
2769,23,97
2770,23,98
2771,23,99
2772,23,100
2773,23,101
2774,23,102
2775,23,103
2776,23,104
2777,23,105
2778,23,106
2779,23,107
2780,23,108
2781,23,109
2782,23,110
2783,23,111
2784,23,112
2785,23,113
2786,23,114
2787,23,115
2788,23,116
2789,23,117
2790,23,118
2791,23,119
2792,23,120
2793,23,121
2794,23,122
2795,23,123
2796,23,124
2797,23,125
2798,23,126
2799,23,127
2800,23,128
2801,23,129
2802,23,130
2803,23,131
2804,23,132
2805,23,133
2806,23,134
2807,23,135
2808,23,136
2809,23,137
2810,23,138
2811,23,139
2812,23,140
2813,23,141
2814,23,142
2815,23,143
2816,23,144
2817,23,145
2818,23,146
2819,23,147
2820,23,148
2821,23,149
2822,23,150
2823,23,151
2824,23,152
2825,23,153
2826,23,154
2827,23,155
2828,23,156
2829,23,157
2830,23,158
2831,23,159
2832,23,160
2833,23,161
2834,23,162
2835,23,163
2836,23,164
2837,23,165
2838,23,166
2839,23,167
2840,23,168
2841,23,169
2842,23,170
2843,23,171
2844,23,172
2845,23,173
2846,23,174
2847,23,175
2848,23,176
2849,23,177
2850,23,178
2851,23,179
2852,23,180
2853,23,181
2854,23,182
2855,23,183
2856,23,184
2857,23,185
2858,23,186
2859,23,187
2860,23,188
2861,23,189
2862,23,190
2863,23,191
2864,23,192
2865,23,193
2866,23,194
2867,23,195
2868,23,196
2869,23,197
2870,23,198
2871,23,199
2872,23,200
2873,23,201
2874,23,202
2875,23,203
2876,23,204
2877,23,205
2878,23,206
2879,23,207
2880,24,47
2881,24,48
2882,24,49
2883,24,50
2884,24,51
2885,24,52
2886,24,53
2887,24,54
2888,24,55
2889,24,56
2890,24,57
2891,24,58
2892,24,59
2893,24,60
2894,24,61
2895,24,62
2896,24,63
2897,24,64
2898,24,65
2899,24,66
2900,24,67
2901,24,68
2902,24,69
2903,24,70
2904,24,71
2905,24,72
2906,24,73
2907,24,74
2908,24,75
2909,24,76
2910,24,77
2911,24,78
2912,24,79
2913,24,80
2914,24,81
2915,24,82
2916,24,83
2917,24,84
2918,24,85
2919,24,86
2920,24,87
2921,24,88
2922,24,89
2923,24,90
2924,24,91
2925,24,92
2926,24,93
2927,24,94
2928,24,95
2929,24,96
2930,24,97
2931,24,98
2932,24,99
2933,24,100
2934,24,101
2935,24,102
2936,24,103
2937,24,104
2938,24,105
2939,24,106
2940,24,107
2941,24,108
2942,24,109
2943,24,110
2944,24,111
2945,24,112
2946,24,113
2947,24,114
2948,24,115
2949,24,116
2950,24,117
2951,24,118
2952,24,119
2953,24,120
2954,24,121
2955,24,122
2956,24,123
2957,24,124
2958,24,125
2959,24,126
2960,24,127
2961,24,128
2962,24,129
2963,24,130
2964,24,131
2965,24,132
2966,24,133
2967,24,134
2968,24,135
2969,24,136
2970,24,137
2971,24,138
2972,24,139
2973,24,140
2974,24,141
2975,24,142
2976,24,143
2977,24,144
2978,24,145
2979,24,146
2980,24,147
2981,24,148
2982,24,149
2983,24,150
2984,24,151
2985,24,152
2986,24,153
2987,24,154
2988,24,155
2989,24,156
2990,24,157
2991,24,158
2992,24,159
2993,24,160
2994,24,161
2995,24,162
2996,24,163
2997,24,164
2998,24,165
2999,24,166
3000,24,167
3001,24,168
3002,24,169
3003,24,170
3004,24,171
3005,24,172
3006,24,173
3007,24,174
3008,24,175
3009,24,176
3010,24,177
3011,24,178
3012,24,179
3013,24,180
3014,24,181
3015,24,182
3016,24,183
3017,24,184
3018,24,185
3019,24,186
3020,24,187
3021,24,188
3022,24,189
3023,24,190
3024,24,191
3025,24,192
3026,24,193
3027,24,194
3028,24,195
3029,24,196
3030,24,197
3031,24,198
3032,24,199
3033,24,200
3034,24,201
3035,24,202
3036,24,203
3037,24,204
3038,24,205
3039,24,206
3040,24,207
3041,24,208
3042,24,209
3043,25,46
3044,25,47
3045,25,48
3046,25,49
3047,25,50
3048,25,51
3049,25,52
3050,25,53
3051,25,54
3052,25,55
3053,25,56
3054,25,57
3055,25,58
3056,25,59
3057,25,60
3058,25,61
3059,25,62
3060,25,63
3061,25,64
3062,25,65
3063,25,66
3064,25,67
3065,25,68
3066,25,69
3067,25,70
3068,25,71
3069,25,72
3070,25,73
3071,25,74
3072,25,75
3073,25,76
3074,25,77
3075,25,78
3076,25,79
3077,25,80
3078,25,81
3079,25,82
3080,25,83
3081,25,84
3082,25,85
3083,25,86
3084,25,87
3085,25,88
3086,25,89
3087,25,90
3088,25,91
3089,25,92
3090,25,93
3091,25,94
3092,25,95
3093,25,96
3094,25,97
3095,25,98
3096,25,99
3097,25,100
3098,25,101
3099,25,102
3100,25,103
3101,25,104
3102,25,105
3103,25,106
3104,25,107
3105,25,108
3106,25,109
3107,25,110
3108,25,111
3109,25,112
3110,25,113
3111,25,114
3112,25,115
3113,25,116
3114,25,117
3115,25,118
3116,25,119
3117,25,120
3118,25,121
3119,25,122
3120,25,123
3121,25,124
3122,25,125
3123,25,126
3124,25,127
3125,25,128
3126,25,129
3127,25,130
3128,25,131
3129,25,132
3130,25,133
3131,25,134
3132,25,135
3133,25,136
3134,25,137
3135,25,138
3136,25,139
3137,25,140
3138,25,141
3139,25,142
3140,25,143
3141,25,144
3142,25,145
3143,25,146
3144,25,147
3145,25,148
3146,25,149
3147,25,150
3148,25,151
3149,25,152
3150,25,153
3151,25,154
3152,25,155
3153,25,156
3154,25,157
3155,25,158
3156,25,159
3157,25,160
3158,25,161
3159,25,162
3160,25,163
3161,25,164
3162,25,165
3163,25,166
3164,25,167
3165,25,168
3166,25,169
3167,25,170
3168,25,171
3169,25,172
3170,25,173
3171,25,174
3172,25,175
3173,25,176
3174,25,177
3175,25,178
3176,25,179
3177,25,180
3178,25,181
3179,25,182
3180,25,183
3181,25,184
3182,25,185
3183,25,186
3184,25,187
3185,25,188
3186,25,189
3187,25,190
3188,25,191
3189,25,192
3190,25,193
3191,25,194
3192,25,195
3193,25,196
3194,25,197
3195,25,198
3196,25,199
3197,25,200
3198,25,201
3199,25,202
3200,25,203
3201,25,204
3202,25,205
3203,25,206
3204,25,207
3205,25,208
3206,25,209
3207,25,210
3208,26,45
3209,26,46
3210,26,47
3211,26,48
3212,26,49
3213,26,50
3214,26,51
3215,26,52
3216,26,53
3217,26,54
3218,26,55
3219,26,56
3220,26,57
3221,26,58
3222,26,59
3223,26,60
3224,26,61
3225,26,62
3226,26,63
3227,26,64
3228,26,65
3229,26,66
3230,26,67
3231,26,68
3232,26,69
3233,26,70
3234,26,71
3235,26,72
3236,26,73
3237,26,74
3238,26,75
3239,26,76
3240,26,77
3241,26,78
3242,26,79
3243,26,80
3244,26,81
3245,26,82
3246,26,83
3247,26,84
3248,26,85
3249,26,86
3250,26,87
3251,26,88
3252,26,89
3253,26,90
3254,26,91
3255,26,92
3256,26,93
3257,26,94
3258,26,95
3259,26,96
3260,26,97
3261,26,98
3262,26,99
3263,26,100
3264,26,101
3265,26,102
3266,26,103
3267,26,104
3268,26,105
3269,26,106
3270,26,107
3271,26,108
3272,26,109
3273,26,110
3274,26,111
3275,26,112
3276,26,113
3277,26,114
3278,26,115
3279,26,116
3280,26,117
3281,26,118
3282,26,119
3283,26,120
3284,26,121
3285,26,122
3286,26,123
3287,26,124
3288,26,125
3289,26,126
3290,26,127
3291,26,128
3292,26,129
3293,26,130
3294,26,131
3295,26,132
3296,26,133
3297,26,134
3298,26,135
3299,26,136
3300,26,137
3301,26,138
3302,26,139
3303,26,140
3304,26,141
3305,26,142
3306,26,143
3307,26,144
3308,26,145
3309,26,146
3310,26,147
3311,26,148
3312,26,149
3313,26,150
3314,26,151
3315,26,152
3316,26,153
3317,26,154
3318,26,155
3319,26,156
3320,26,157
3321,26,158
3322,26,159
3323,26,160
3324,26,161
3325,26,162
3326,26,163
3327,26,164
3328,26,165
3329,26,166
3330,26,167
3331,26,168
3332,26,169
3333,26,170
3334,26,171
3335,26,172
3336,26,173
3337,26,174
3338,26,175
3339,26,176
3340,26,177
3341,26,178
3342,26,179
3343,26,180
3344,26,181
3345,26,182
3346,26,183
3347,26,184
3348,26,185
3349,26,186
3350,26,187
3351,26,188
3352,26,189
3353,26,190
3354,26,191
3355,26,192
3356,26,193
3357,26,194
3358,26,195
3359,26,196
3360,26,197
3361,26,198
3362,26,199
3363,26,200
3364,26,201
3365,26,202
3366,26,203
3367,26,204
3368,26,205
3369,26,206
3370,26,207
3371,26,208
3372,26,209
3373,26,210
3374,26,211
3375,27,44
3376,27,45
3377,27,46
3378,27,47
3379,27,48
3380,27,49
3381,27,50
3382,27,51
3383,27,52
3384,27,53
3385,27,54
3386,27,55
3387,27,56
3388,27,57
3389,27,58
3390,27,59
3391,27,60
3392,27,61
3393,27,62
3394,27,63
3395,27,64
3396,27,65
3397,27,66
3398,27,67
3399,27,68
3400,27,69
3401,27,70
3402,27,71
3403,27,72
3404,27,73
3405,27,74
3406,27,75
3407,27,76
3408,27,77
3409,27,78
3410,27,79
3411,27,80
3412,27,81
3413,27,82
3414,27,83
3415,27,84
3416,27,85
3417,27,86
3418,27,87
3419,27,88
3420,27,89
3421,27,90
3422,27,91
3423,27,92
3424,27,93
3425,27,94
3426,27,95
3427,27,96
3428,27,97
3429,27,98
3430,27,99
3431,27,100
3432,27,101
3433,27,102
3434,27,103
3435,27,104
3436,27,105
3437,27,106
3438,27,107
3439,27,108
3440,27,109
3441,27,110
3442,27,111
3443,27,112
3444,27,113
3445,27,114
3446,27,115
3447,27,116
3448,27,117
3449,27,118
3450,27,119
3451,27,120
3452,27,121
3453,27,122
3454,27,123
3455,27,124
3456,27,125
3457,27,126
3458,27,127
3459,27,128
3460,27,129
3461,27,130
3462,27,131
3463,27,132
3464,27,133
3465,27,134
3466,27,135
3467,27,136
3468,27,137
3469,27,138
3470,27,139
3471,27,140
3472,27,141
3473,27,142
3474,27,143
3475,27,144
3476,27,145
3477,27,146
3478,27,147
3479,27,148
3480,27,149
3481,27,150
3482,27,151
3483,27,152
3484,27,153
3485,27,154
3486,27,155
3487,27,156
3488,27,157
3489,27,158
3490,27,159
3491,27,160
3492,27,161
3493,27,162
3494,27,163
3495,27,164
3496,27,165
3497,27,166
3498,27,167
3499,27,168
3500,27,169
3501,27,170
3502,27,171
3503,27,172
3504,27,173
3505,27,174
3506,27,175
3507,27,176
3508,27,177
3509,27,178
3510,27,179
3511,27,180
3512,27,181
3513,27,182
3514,27,183
3515,27,184
3516,27,185
3517,27,186
3518,27,187
3519,27,188
3520,27,189
3521,27,190
3522,27,191
3523,27,192
3524,27,193
3525,27,194
3526,27,195
3527,27,196
3528,27,197
3529,27,198
3530,27,199
3531,27,200
3532,27,201
3533,27,202
3534,27,203
3535,27,204
3536,27,205
3537,27,206
3538,27,207
3539,27,208
3540,27,209
3541,27,210
3542,27,211
3543,27,212
3544,28,42
3545,28,43
3546,28,44
3547,28,45
3548,28,46
3549,28,47
3550,28,48
3551,28,49
3552,28,50
3553,28,51
3554,28,52
3555,28,53
3556,28,54
3557,28,55
3558,28,56
3559,28,57
3560,28,58
3561,28,59
3562,28,60
3563,28,61
3564,28,62
3565,28,63
3566,28,64
3567,28,65
3568,28,66
3569,28,67
3570,28,68
3571,28,69
3572,28,70
3573,28,71
3574,28,72
3575,28,73
3576,28,74
3577,28,75
3578,28,76
3579,28,77
3580,28,78
3581,28,79
3582,28,80
3583,28,81
3584,28,82
3585,28,83
3586,28,84
3587,28,85
3588,28,86
3589,28,87
3590,28,88
3591,28,89
3592,28,90
3593,28,91
3594,28,92
3595,28,93
3596,28,94
3597,28,95
3598,28,96
3599,28,97
3600,28,98
3601,28,99
3602,28,100
3603,28,101
3604,28,102
3605,28,103
3606,28,104
3607,28,105
3608,28,106
3609,28,107
3610,28,108
3611,28,109
3612,28,110
3613,28,111
3614,28,112
3615,28,113
3616,28,114
3617,28,115
3618,28,116
3619,28,117
3620,28,118
3621,28,119
3622,28,120
3623,28,121
3624,28,122
3625,28,123
3626,28,124
3627,28,125
3628,28,126
3629,28,127
3630,28,128
3631,28,129
3632,28,130
3633,28,131
3634,28,132
3635,28,133
3636,28,134
3637,28,135
3638,28,136
3639,28,137
3640,28,138
3641,28,139
3642,28,140
3643,28,141
3644,28,142
3645,28,143
3646,28,144
3647,28,145
3648,28,146
3649,28,147
3650,28,148
3651,28,149
3652,28,150
3653,28,151
3654,28,152
3655,28,153
3656,28,154
3657,28,155
3658,28,156
3659,28,157
3660,28,158
3661,28,159
3662,28,160
3663,28,161
3664,28,162
3665,28,163
3666,28,164
3667,28,165
3668,28,166
3669,28,167
3670,28,168
3671,28,169
3672,28,170
3673,28,171
3674,28,172
3675,28,173
3676,28,174
3677,28,175
3678,28,176
3679,28,177
3680,28,178
3681,28,179
3682,28,180
3683,28,181
3684,28,182
3685,28,183
3686,28,184
3687,28,185
3688,28,186
3689,28,187
3690,28,188
3691,28,189
3692,28,190
3693,28,191
3694,28,192
3695,28,193
3696,28,194
3697,28,195
3698,28,196
3699,28,197
3700,28,198
3701,28,199
3702,28,200
3703,28,201
3704,28,202
3705,28,203
3706,28,204
3707,28,205
3708,28,206
3709,28,207
3710,28,208
3711,28,209
3712,28,210
3713,28,211
3714,28,212
3715,28,213
3716,28,214
3717,29,41
3718,29,42
3719,29,43
3720,29,44
3721,29,45
3722,29,46
3723,29,47
3724,29,48
3725,29,49
3726,29,50
3727,29,51
3728,29,52
3729,29,53
3730,29,54
3731,29,55
3732,29,56
3733,29,57
3734,29,58
3735,29,59
3736,29,60
3737,29,61
3738,29,62
3739,29,63
3740,29,64
3741,29,65
3742,29,66
3743,29,67
3744,29,68
3745,29,69
3746,29,70
3747,29,71
3748,29,72
3749,29,73
3750,29,74
3751,29,75
3752,29,76
3753,29,77
3754,29,78
3755,29,79
3756,29,80
3757,29,81
3758,29,82
3759,29,83
3760,29,84
3761,29,85
3762,29,86
3763,29,87
3764,29,88
3765,29,89
3766,29,90
3767,29,91
3768,29,92
3769,29,93
3770,29,94
3771,29,95
3772,29,96
3773,29,97
3774,29,98
3775,29,99
3776,29,100
3777,29,101
3778,29,102
3779,29,103
3780,29,104
3781,29,105
3782,29,106
3783,29,107
3784,29,108
3785,29,109
3786,29,110
3787,29,111
3788,29,112
3789,29,113
3790,29,114
3791,29,115
3792,29,116
3793,29,117
3794,29,118
3795,29,119
3796,29,120
3797,29,121
3798,29,122
3799,29,123
3800,29,124
3801,29,125
3802,29,126
3803,29,127
3804,29,128
3805,29,129
3806,29,130
3807,29,131
3808,29,132
3809,29,133
3810,29,134
3811,29,135
3812,29,136
3813,29,137
3814,29,138
3815,29,139
3816,29,140
3817,29,141
3818,29,142
3819,29,143
3820,29,144
3821,29,145
3822,29,146
3823,29,147
3824,29,148
3825,29,149
3826,29,150
3827,29,151
3828,29,152
3829,29,153
3830,29,154
3831,29,155
3832,29,156
3833,29,157
3834,29,158
3835,29,159
3836,29,160
3837,29,161
3838,29,162
3839,29,163
3840,29,164
3841,29,165
3842,29,166
3843,29,167
3844,29,168
3845,29,169
3846,29,170
3847,29,171
3848,29,172
3849,29,173
3850,29,174
3851,29,175
3852,29,176
3853,29,177
3854,29,178
3855,29,179
3856,29,180
3857,29,181
3858,29,182
3859,29,183
3860,29,184
3861,29,185
3862,29,186
3863,29,187
3864,29,188
3865,29,189
3866,29,190
3867,29,191
3868,29,192
3869,29,193
3870,29,194
3871,29,195
3872,29,196
3873,29,197
3874,29,198
3875,29,199
3876,29,200
3877,29,201
3878,29,202
3879,29,203
3880,29,204
3881,29,205
3882,29,206
3883,29,207
3884,29,208
3885,29,209
3886,29,210
3887,29,211
3888,29,212
3889,29,213
3890,29,214
3891,29,215
3892,30,40
3893,30,41
3894,30,42
3895,30,43
3896,30,44
3897,30,45
3898,30,46
3899,30,47
3900,30,48
3901,30,49
3902,30,50
3903,30,51
3904,30,52
3905,30,53
3906,30,54
3907,30,55
3908,30,56
3909,30,57
3910,30,58
3911,30,59
3912,30,60
3913,30,61
3914,30,62
3915,30,63
3916,30,64
3917,30,65
3918,30,66
3919,30,67
3920,30,68
3921,30,69
3922,30,70
3923,30,71
3924,30,72
3925,30,73
3926,30,74
3927,30,75
3928,30,76
3929,30,77
3930,30,78
3931,30,79
3932,30,80
3933,30,81
3934,30,82
3935,30,83
3936,30,84
3937,30,85
3938,30,86
3939,30,87
3940,30,88
3941,30,89
3942,30,90
3943,30,91
3944,30,92
3945,30,93
3946,30,94
3947,30,95
3948,30,96
3949,30,97
3950,30,98
3951,30,99
3952,30,100
3953,30,101
3954,30,102
3955,30,103
3956,30,104
3957,30,105
3958,30,106
3959,30,107
3960,30,108
3961,30,109
3962,30,110
3963,30,111
3964,30,112
3965,30,113
3966,30,114
3967,30,115
3968,30,116
3969,30,117
3970,30,118
3971,30,119
3972,30,120
3973,30,121
3974,30,122
3975,30,123
3976,30,124
3977,30,125
3978,30,126
3979,30,127
3980,30,128
3981,30,129
3982,30,130
3983,30,131
3984,30,132
3985,30,133
3986,30,134
3987,30,135
3988,30,136
3989,30,137
3990,30,138
3991,30,139
3992,30,140
3993,30,141
3994,30,142
3995,30,143
3996,30,144
3997,30,145
3998,30,146
3999,30,147
4000,30,148
4001,30,149
4002,30,150
4003,30,151
4004,30,152
4005,30,153
4006,30,154
4007,30,155
4008,30,156
4009,30,157
4010,30,158
4011,30,159
4012,30,160
4013,30,161
4014,30,162
4015,30,163
4016,30,164
4017,30,165
4018,30,166
4019,30,167
4020,30,168
4021,30,169
4022,30,170
4023,30,171
4024,30,172
4025,30,173
4026,30,174
4027,30,175
4028,30,176
4029,30,177
4030,30,178
4031,30,179
4032,30,180
4033,30,181
4034,30,182
4035,30,183
4036,30,184
4037,30,185
4038,30,186
4039,30,187
4040,30,188
4041,30,189
4042,30,190
4043,30,191
4044,30,192
4045,30,193
4046,30,194
4047,30,195
4048,30,196
4049,30,197
4050,30,198
4051,30,199
4052,30,200
4053,30,201
4054,30,202
4055,30,203
4056,30,204
4057,30,205
4058,30,206
4059,30,207
4060,30,208
4061,30,209
4062,30,210
4063,30,211
4064,30,212
4065,30,213
4066,30,214
4067,30,215
4068,30,216
4069,31,39
4070,31,40
4071,31,41
4072,31,42
4073,31,43
4074,31,44
4075,31,45
4076,31,46
4077,31,47
4078,31,48
4079,31,49
4080,31,50
4081,31,51
4082,31,52
4083,31,53
4084,31,54
4085,31,55
4086,31,56
4087,31,57
4088,31,58
4089,31,59
4090,31,60
4091,31,61
4092,31,62
4093,31,63
4094,31,64
4095,31,65
4096,31,66
4097,31,67
4098,31,68
4099,31,69
4100,31,70
4101,31,71
4102,31,72
4103,31,73
4104,31,74
4105,31,75
4106,31,76
4107,31,77
4108,31,78
4109,31,79
4110,31,80
4111,31,81
4112,31,82
4113,31,83
4114,31,84
4115,31,85
4116,31,86
4117,31,87
4118,31,88
4119,31,89
4120,31,90
4121,31,91
4122,31,92
4123,31,93
4124,31,94
4125,31,95
4126,31,96
4127,31,97
4128,31,98
4129,31,99
4130,31,100
4131,31,101
4132,31,102
4133,31,103
4134,31,104
4135,31,105
4136,31,106
4137,31,107
4138,31,108
4139,31,109
4140,31,110
4141,31,111
4142,31,112
4143,31,113
4144,31,114
4145,31,115
4146,31,116
4147,31,117
4148,31,118
4149,31,119
4150,31,120
4151,31,121
4152,31,122
4153,31,123
4154,31,124
4155,31,125
4156,31,126
4157,31,127
4158,31,128
4159,31,129
4160,31,130
4161,31,131
4162,31,132
4163,31,133
4164,31,134
4165,31,135
4166,31,136
4167,31,137
4168,31,138
4169,31,139
4170,31,140
4171,31,141
4172,31,142
4173,31,143
4174,31,144
4175,31,145
4176,31,146
4177,31,147
4178,31,148
4179,31,149
4180,31,150
4181,31,151
4182,31,152
4183,31,153
4184,31,154
4185,31,155
4186,31,156
4187,31,157
4188,31,158
4189,31,159
4190,31,160
4191,31,161
4192,31,162
4193,31,163
4194,31,164
4195,31,165
4196,31,166
4197,31,167
4198,31,168
4199,31,169
4200,31,170
4201,31,171
4202,31,172
4203,31,173
4204,31,174
4205,31,175
4206,31,176
4207,31,177
4208,31,178
4209,31,179
4210,31,180
4211,31,181
4212,31,182
4213,31,183
4214,31,184
4215,31,185
4216,31,186
4217,31,187
4218,31,188
4219,31,189
4220,31,190
4221,31,191
4222,31,192
4223,31,193
4224,31,194
4225,31,195
4226,31,196
4227,31,197
4228,31,198
4229,31,199
4230,31,200
4231,31,201
4232,31,202
4233,31,203
4234,31,204
4235,31,205
4236,31,206
4237,31,207
4238,31,208
4239,31,209
4240,31,210
4241,31,211
4242,31,212
4243,31,213
4244,31,214
4245,31,215
4246,31,216
4247,31,217
4248,32,38
4249,32,39
4250,32,40
4251,32,41
4252,32,42
4253,32,43
4254,32,44
4255,32,45
4256,32,46
4257,32,47
4258,32,48
4259,32,49
4260,32,50
4261,32,51
4262,32,52
4263,32,53
4264,32,54
4265,32,55
4266,32,56
4267,32,57
4268,32,58
4269,32,59
4270,32,60
4271,32,61
4272,32,62
4273,32,63
4274,32,64
4275,32,65
4276,32,66
4277,32,67
4278,32,68
4279,32,69
4280,32,70
4281,32,71
4282,32,72
4283,32,73
4284,32,74
4285,32,75
4286,32,76
4287,32,77
4288,32,78
4289,32,79
4290,32,80
4291,32,81
4292,32,82
4293,32,83
4294,32,84
4295,32,85
4296,32,86
4297,32,87
4298,32,88
4299,32,89
4300,32,90
4301,32,91
4302,32,92
4303,32,93
4304,32,94
4305,32,95
4306,32,96
4307,32,97
4308,32,98
4309,32,99
4310,32,100
4311,32,101
4312,32,102
4313,32,103
4314,32,104
4315,32,105
4316,32,106
4317,32,107
4318,32,108
4319,32,109
4320,32,110
4321,32,111
4322,32,112
4323,32,113
4324,32,114
4325,32,115
4326,32,116
4327,32,117
4328,32,118
4329,32,119
4330,32,120
4331,32,121
4332,32,122
4333,32,123
4334,32,124
4335,32,125
4336,32,126
4337,32,127
4338,32,128
4339,32,129
4340,32,130
4341,32,131
4342,32,132
4343,32,133
4344,32,134
4345,32,135
4346,32,136
4347,32,137
4348,32,138
4349,32,139
4350,32,140
4351,32,141
4352,32,142
4353,32,143
4354,32,144
4355,32,145
4356,32,146
4357,32,147
4358,32,148
4359,32,149
4360,32,150
4361,32,151
4362,32,152
4363,32,153
4364,32,154
4365,32,155
4366,32,156
4367,32,157
4368,32,158
4369,32,159
4370,32,160
4371,32,161
4372,32,162
4373,32,163
4374,32,164
4375,32,165
4376,32,166
4377,32,167
4378,32,168
4379,32,169
4380,32,170
4381,32,171
4382,32,172
4383,32,173
4384,32,174
4385,32,175
4386,32,176
4387,32,177
4388,32,178
4389,32,179
4390,32,180
4391,32,181
4392,32,182
4393,32,183
4394,32,184
4395,32,185
4396,32,186
4397,32,187
4398,32,188
4399,32,189
4400,32,190
4401,32,191
4402,32,192
4403,32,193
4404,32,194
4405,32,195
4406,32,196
4407,32,197
4408,32,198
4409,32,199
4410,32,200
4411,32,201
4412,32,202
4413,32,203
4414,32,204
4415,32,205
4416,32,206
4417,32,207
4418,32,208
4419,32,209
4420,32,210
4421,32,211
4422,32,212
4423,32,213
4424,32,214
4425,32,215
4426,32,216
4427,32,217
4428,32,218
4429,33,37
4430,33,38
4431,33,39
4432,33,40
4433,33,41
4434,33,42
4435,33,43
4436,33,44
4437,33,45
4438,33,46
4439,33,47
4440,33,48
4441,33,49
4442,33,50
4443,33,51
4444,33,52
4445,33,53
4446,33,54
4447,33,55
4448,33,56
4449,33,57
4450,33,58
4451,33,59
4452,33,60
4453,33,61
4454,33,62
4455,33,63
4456,33,64
4457,33,65
4458,33,66
4459,33,67
4460,33,68
4461,33,69
4462,33,70
4463,33,71
4464,33,72
4465,33,73
4466,33,74
4467,33,75
4468,33,76
4469,33,77
4470,33,78
4471,33,79
4472,33,80
4473,33,81
4474,33,82
4475,33,83
4476,33,84
4477,33,85
4478,33,86
4479,33,87
4480,33,88
4481,33,89
4482,33,90
4483,33,91
4484,33,92
4485,33,93
4486,33,94
4487,33,95
4488,33,96
4489,33,97
4490,33,98
4491,33,99
4492,33,100
4493,33,101
4494,33,102
4495,33,103
4496,33,104
4497,33,105
4498,33,106
4499,33,107
4500,33,108
4501,33,109
4502,33,110
4503,33,111
4504,33,112
4505,33,113
4506,33,114
4507,33,115
4508,33,116
4509,33,117
4510,33,118
4511,33,119
4512,33,120
4513,33,121
4514,33,122
4515,33,123
4516,33,124
4517,33,125
4518,33,126
4519,33,127
4520,33,128
4521,33,129
4522,33,130
4523,33,131
4524,33,132
4525,33,133
4526,33,134
4527,33,135
4528,33,136
4529,33,137
4530,33,138
4531,33,139
4532,33,140
4533,33,141
4534,33,142
4535,33,143
4536,33,144
4537,33,145
4538,33,146
4539,33,147
4540,33,148
4541,33,149
4542,33,150
4543,33,151
4544,33,152
4545,33,153
4546,33,154
4547,33,155
4548,33,156
4549,33,157
4550,33,158
4551,33,159
4552,33,160
4553,33,161
4554,33,162
4555,33,163
4556,33,164
4557,33,165
4558,33,166
4559,33,167
4560,33,168
4561,33,169
4562,33,170
4563,33,171
4564,33,172
4565,33,173
4566,33,174
4567,33,175
4568,33,176
4569,33,177
4570,33,178
4571,33,179
4572,33,180
4573,33,181
4574,33,182
4575,33,183
4576,33,184
4577,33,185
4578,33,186
4579,33,187
4580,33,188
4581,33,189
4582,33,190
4583,33,191
4584,33,192
4585,33,193
4586,33,194
4587,33,195
4588,33,196
4589,33,197
4590,33,198
4591,33,199
4592,33,200
4593,33,201
4594,33,202
4595,33,203
4596,33,204
4597,33,205
4598,33,206
4599,33,207
4600,33,208
4601,33,209
4602,33,210
4603,33,211
4604,33,212
4605,33,213
4606,33,214
4607,33,215
4608,33,216
4609,33,217
4610,33,218
4611,33,219
4612,34,36
4613,34,37
4614,34,38
4615,34,39
4616,34,40
4617,34,41
4618,34,42
4619,34,43
4620,34,44
4621,34,45
4622,34,46
4623,34,47
4624,34,48
4625,34,49
4626,34,50
4627,34,51
4628,34,52
4629,34,53
4630,34,54
4631,34,55
4632,34,56
4633,34,57
4634,34,58
4635,34,59
4636,34,60
4637,34,61
4638,34,62
4639,34,63
4640,34,64
4641,34,65
4642,34,66
4643,34,67
4644,34,68
4645,34,69
4646,34,70
4647,34,71
4648,34,72
4649,34,73
4650,34,74
4651,34,75
4652,34,76
4653,34,77
4654,34,78
4655,34,79
4656,34,80
4657,34,81
4658,34,82
4659,34,83
4660,34,84
4661,34,85
4662,34,86
4663,34,87
4664,34,88
4665,34,89
4666,34,90
4667,34,91
4668,34,92
4669,34,93
4670,34,94
4671,34,95
4672,34,96
4673,34,97
4674,34,98
4675,34,99
4676,34,100
4677,34,101
4678,34,102
4679,34,103
4680,34,104
4681,34,105
4682,34,106
4683,34,107
4684,34,108
4685,34,109
4686,34,110
4687,34,111
4688,34,112
4689,34,113
4690,34,114
4691,34,115
4692,34,116
4693,34,117
4694,34,118
4695,34,119
4696,34,120
4697,34,121
4698,34,122
4699,34,123
4700,34,124
4701,34,125
4702,34,126
4703,34,127
4704,34,128
4705,34,129
4706,34,130
4707,34,131
4708,34,132
4709,34,133
4710,34,134
4711,34,135
4712,34,136
4713,34,137
4714,34,138
4715,34,139
4716,34,140
4717,34,141
4718,34,142
4719,34,143
4720,34,144
4721,34,145
4722,34,146
4723,34,147
4724,34,148
4725,34,149
4726,34,150
4727,34,151
4728,34,152
4729,34,153
4730,34,154
4731,34,155
4732,34,156
4733,34,157
4734,34,158
4735,34,159
4736,34,160
4737,34,161
4738,34,162
4739,34,163
4740,34,164
4741,34,165
4742,34,166
4743,34,167
4744,34,168
4745,34,169
4746,34,170
4747,34,171
4748,34,172
4749,34,173
4750,34,174
4751,34,175
4752,34,176
4753,34,177
4754,34,178
4755,34,179
4756,34,180
4757,34,181
4758,34,182
4759,34,183
4760,34,184
4761,34,185
4762,34,186
4763,34,187
4764,34,188
4765,34,189
4766,34,190
4767,34,191
4768,34,192
4769,34,193
4770,34,194
4771,34,195
4772,34,196
4773,34,197
4774,34,198
4775,34,199
4776,34,200
4777,34,201
4778,34,202
4779,34,203
4780,34,204
4781,34,205
4782,34,206
4783,34,207
4784,34,208
4785,34,209
4786,34,210
4787,34,211
4788,34,212
4789,34,213
4790,34,214
4791,34,215
4792,34,216
4793,34,217
4794,34,218
4795,34,219
4796,34,220
4797,35,35
4798,35,36
4799,35,37
4800,35,38
4801,35,39
4802,35,40
4803,35,41
4804,35,42
4805,35,43
4806,35,44
4807,35,45
4808,35,46
4809,35,47
4810,35,48
4811,35,49
4812,35,50
4813,35,51
4814,35,52
4815,35,53
4816,35,54
4817,35,55
4818,35,56
4819,35,57
4820,35,58
4821,35,59
4822,35,60
4823,35,61
4824,35,62
4825,35,63
4826,35,64
4827,35,65
4828,35,66
4829,35,67
4830,35,68
4831,35,69
4832,35,70
4833,35,71
4834,35,72
4835,35,73
4836,35,74
4837,35,75
4838,35,76
4839,35,77
4840,35,78
4841,35,79
4842,35,80
4843,35,81
4844,35,82
4845,35,83
4846,35,84
4847,35,85
4848,35,86
4849,35,87
4850,35,88
4851,35,89
4852,35,90
4853,35,91
4854,35,92
4855,35,93
4856,35,94
4857,35,95
4858,35,96
4859,35,97
4860,35,98
4861,35,99
4862,35,100
4863,35,101
4864,35,102
4865,35,103
4866,35,104
4867,35,105
4868,35,106
4869,35,107
4870,35,108
4871,35,109
4872,35,110
4873,35,111
4874,35,112
4875,35,113
4876,35,114
4877,35,115
4878,35,116
4879,35,117
4880,35,118
4881,35,119
4882,35,120
4883,35,121
4884,35,122
4885,35,123
4886,35,124
4887,35,125
4888,35,126
4889,35,127
4890,35,128
4891,35,129
4892,35,130
4893,35,131
4894,35,132
4895,35,133
4896,35,134
4897,35,135
4898,35,136
4899,35,137
4900,35,138
4901,35,139
4902,35,140
4903,35,141
4904,35,142
4905,35,143
4906,35,144
4907,35,145
4908,35,146
4909,35,147
4910,35,148
4911,35,149
4912,35,150
4913,35,151
4914,35,152
4915,35,153
4916,35,154
4917,35,155
4918,35,156
4919,35,157
4920,35,158
4921,35,159
4922,35,160
4923,35,161
4924,35,162
4925,35,163
4926,35,164
4927,35,165
4928,35,166
4929,35,167
4930,35,168
4931,35,169
4932,35,170
4933,35,171
4934,35,172
4935,35,173
4936,35,174
4937,35,175
4938,35,176
4939,35,177
4940,35,178
4941,35,179
4942,35,180
4943,35,181
4944,35,182
4945,35,183
4946,35,184
4947,35,185
4948,35,186
4949,35,187
4950,35,188
4951,35,189
4952,35,190
4953,35,191
4954,35,192
4955,35,193
4956,35,194
4957,35,195
4958,35,196
4959,35,197
4960,35,198
4961,35,199
4962,35,200
4963,35,201
4964,35,202
4965,35,203
4966,35,204
4967,35,205
4968,35,206
4969,35,207
4970,35,208
4971,35,209
4972,35,210
4973,35,211
4974,35,212
4975,35,213
4976,35,214
4977,35,215
4978,35,216
4979,35,217
4980,35,218
4981,35,219
4982,35,220
4983,35,221
4984,36,34
4985,36,35
4986,36,36
4987,36,37
4988,36,38
4989,36,39
4990,36,40
4991,36,41
4992,36,42
4993,36,43
4994,36,44
4995,36,45
4996,36,46
4997,36,47
4998,36,48
4999,36,49
5000,36,50
5001,36,51
5002,36,52
5003,36,53
5004,36,54
5005,36,55
5006,36,56
5007,36,57
5008,36,58
5009,36,59
5010,36,60
5011,36,61
5012,36,62
5013,36,63
5014,36,64
5015,36,65
5016,36,66
5017,36,67
5018,36,68
5019,36,69
5020,36,70
5021,36,71
5022,36,72
5023,36,73
5024,36,74
5025,36,75
5026,36,76
5027,36,77
5028,36,78
5029,36,79
5030,36,80
5031,36,81
5032,36,82
5033,36,83
5034,36,84
5035,36,85
5036,36,86
5037,36,87
5038,36,88
5039,36,89
5040,36,90
5041,36,91
5042,36,92
5043,36,93
5044,36,94
5045,36,95
5046,36,96
5047,36,97
5048,36,98
5049,36,99
5050,36,100
5051,36,101
5052,36,102
5053,36,103
5054,36,104
5055,36,105
5056,36,106
5057,36,107
5058,36,108
5059,36,109
5060,36,110
5061,36,111
5062,36,112
5063,36,113
5064,36,114
5065,36,115
5066,36,116
5067,36,117
5068,36,118
5069,36,119
5070,36,120
5071,36,121
5072,36,122
5073,36,123
5074,36,124
5075,36,125
5076,36,126
5077,36,127
5078,36,128
5079,36,129
5080,36,130
5081,36,131
5082,36,132
5083,36,133
5084,36,134
5085,36,135
5086,36,136
5087,36,137
5088,36,138
5089,36,139
5090,36,140
5091,36,141
5092,36,142
5093,36,143
5094,36,144
5095,36,145
5096,36,146
5097,36,147
5098,36,148
5099,36,149
5100,36,150
5101,36,151
5102,36,152
5103,36,153
5104,36,154
5105,36,155
5106,36,156
5107,36,157
5108,36,158
5109,36,159
5110,36,160
5111,36,161
5112,36,162
5113,36,163
5114,36,164
5115,36,165
5116,36,166
5117,36,167
5118,36,168
5119,36,169
5120,36,170
5121,36,171
5122,36,172
5123,36,173
5124,36,174
5125,36,175
5126,36,176
5127,36,177
5128,36,178
5129,36,179
5130,36,180
5131,36,181
5132,36,182
5133,36,183
5134,36,184
5135,36,185
5136,36,186
5137,36,187
5138,36,188
5139,36,189
5140,36,190
5141,36,191
5142,36,192
5143,36,193
5144,36,194
5145,36,195
5146,36,196
5147,36,197
5148,36,198
5149,36,199
5150,36,200
5151,36,201
5152,36,202
5153,36,203
5154,36,204
5155,36,205
5156,36,206
5157,36,207
5158,36,208
5159,36,209
5160,36,210
5161,36,211
5162,36,212
5163,36,213
5164,36,214
5165,36,215
5166,36,216
5167,36,217
5168,36,218
5169,36,219
5170,36,220
5171,36,221
5172,36,222
5173,37,33
5174,37,34
5175,37,35
5176,37,36
5177,37,37
5178,37,38
5179,37,39
5180,37,40
5181,37,41
5182,37,42
5183,37,43
5184,37,44
5185,37,45
5186,37,46
5187,37,47
5188,37,48
5189,37,49
5190,37,50
5191,37,51
5192,37,52
5193,37,53
5194,37,54
5195,37,55
5196,37,56
5197,37,57
5198,37,58
5199,37,59
5200,37,60
5201,37,61
5202,37,62
5203,37,63
5204,37,64
5205,37,65
5206,37,66
5207,37,67
5208,37,68
5209,37,69
5210,37,70
5211,37,71
5212,37,72
5213,37,73
5214,37,74
5215,37,75
5216,37,76
5217,37,77
5218,37,78
5219,37,79
5220,37,80
5221,37,81
5222,37,82
5223,37,83
5224,37,84
5225,37,85
5226,37,86
5227,37,87
5228,37,88
5229,37,89
5230,37,90
5231,37,91
5232,37,92
5233,37,93
5234,37,94
5235,37,95
5236,37,96
5237,37,97
5238,37,98
5239,37,99
5240,37,100
5241,37,101
5242,37,102
5243,37,103
5244,37,104
5245,37,105
5246,37,106
5247,37,107
5248,37,108
5249,37,109
5250,37,110
5251,37,111
5252,37,112
5253,37,113
5254,37,114
5255,37,115
5256,37,116
5257,37,117
5258,37,118
5259,37,119
5260,37,120
5261,37,121
5262,37,122
5263,37,123
5264,37,124
5265,37,125
5266,37,126
5267,37,127
5268,37,128
5269,37,129
5270,37,130
5271,37,131
5272,37,132
5273,37,133
5274,37,134
5275,37,135
5276,37,136
5277,37,137
5278,37,138
5279,37,139
5280,37,140
5281,37,141
5282,37,142
5283,37,143
5284,37,144
5285,37,145
5286,37,146
5287,37,147
5288,37,148
5289,37,149
5290,37,150
5291,37,151
5292,37,152
5293,37,153
5294,37,154
5295,37,155
5296,37,156
5297,37,157
5298,37,158
5299,37,159
5300,37,160
5301,37,161
5302,37,162
5303,37,163
5304,37,164
5305,37,165
5306,37,166
5307,37,167
5308,37,168
5309,37,169
5310,37,170
5311,37,171
5312,37,172
5313,37,173
5314,37,174
5315,37,175
5316,37,176
5317,37,177
5318,37,178
5319,37,179
5320,37,180
5321,37,181
5322,37,182
5323,37,183
5324,37,184
5325,37,185
5326,37,186
5327,37,187
5328,37,188
5329,37,189
5330,37,190
5331,37,191
5332,37,192
5333,37,193
5334,37,194
5335,37,195
5336,37,196
5337,37,197
5338,37,198
5339,37,199
5340,37,200
5341,37,201
5342,37,202
5343,37,203
5344,37,204
5345,37,205
5346,37,206
5347,37,207
5348,37,208
5349,37,209
5350,37,210
5351,37,211
5352,37,212
5353,37,213
5354,37,214
5355,37,215
5356,37,216
5357,37,217
5358,37,218
5359,37,219
5360,37,220
5361,37,221
5362,37,222
5363,37,223
5364,38,32
5365,38,33
5366,38,34
5367,38,35
5368,38,36
5369,38,37
5370,38,38
5371,38,39
5372,38,40
5373,38,41
5374,38,42
5375,38,43
5376,38,44
5377,38,45
5378,38,46
5379,38,47
5380,38,48
5381,38,49
5382,38,50
5383,38,51
5384,38,52
5385,38,53
5386,38,54
5387,38,55
5388,38,56
5389,38,57
5390,38,58
5391,38,59
5392,38,60
5393,38,61
5394,38,62
5395,38,63
5396,38,64
5397,38,65
5398,38,66
5399,38,67
5400,38,68
5401,38,69
5402,38,70
5403,38,71
5404,38,72
5405,38,73
5406,38,74
5407,38,75
5408,38,76
5409,38,77
5410,38,78
5411,38,79
5412,38,80
5413,38,81
5414,38,82
5415,38,83
5416,38,84
5417,38,85
5418,38,86
5419,38,87
5420,38,88
5421,38,89
5422,38,90
5423,38,91
5424,38,92
5425,38,93
5426,38,94
5427,38,95
5428,38,96
5429,38,97
5430,38,98
5431,38,99
5432,38,100
5433,38,101
5434,38,102
5435,38,103
5436,38,104
5437,38,105
5438,38,106
5439,38,107
5440,38,108
5441,38,109
5442,38,110
5443,38,111
5444,38,112
5445,38,113
5446,38,114
5447,38,115
5448,38,116
5449,38,117
5450,38,118
5451,38,119
5452,38,120
5453,38,121
5454,38,122
5455,38,123
5456,38,124
5457,38,125
5458,38,126
5459,38,127
5460,38,128
5461,38,129
5462,38,130
5463,38,131
5464,38,132
5465,38,133
5466,38,134
5467,38,135
5468,38,136
5469,38,137
5470,38,138
5471,38,139
5472,38,140
5473,38,141
5474,38,142
5475,38,143
5476,38,144
5477,38,145
5478,38,146
5479,38,147
5480,38,148
5481,38,149
5482,38,150
5483,38,151
5484,38,152
5485,38,153
5486,38,154
5487,38,155
5488,38,156
5489,38,157
5490,38,158
5491,38,159
5492,38,160
5493,38,161
5494,38,162
5495,38,163
5496,38,164
5497,38,165
5498,38,166
5499,38,167
5500,38,168
5501,38,169
5502,38,170
5503,38,171
5504,38,172
5505,38,173
5506,38,174
5507,38,175
5508,38,176
5509,38,177
5510,38,178
5511,38,179
5512,38,180
5513,38,181
5514,38,182
5515,38,183
5516,38,184
5517,38,185
5518,38,186
5519,38,187
5520,38,188
5521,38,189
5522,38,190
5523,38,191
5524,38,192
5525,38,193
5526,38,194
5527,38,195
5528,38,196
5529,38,197
5530,38,198
5531,38,199
5532,38,200
5533,38,201
5534,38,202
5535,38,203
5536,38,204
5537,38,205
5538,38,206
5539,38,207
5540,38,208
5541,38,209
5542,38,210
5543,38,211
5544,38,212
5545,38,213
5546,38,214
5547,38,215
5548,38,216
5549,38,217
5550,38,218
5551,38,219
5552,38,220
5553,38,221
5554,38,222
5555,38,223
5556,38,224
5557,39,31
5558,39,32
5559,39,33
5560,39,34
5561,39,35
5562,39,36
5563,39,37
5564,39,38
5565,39,39
5566,39,40
5567,39,41
5568,39,42
5569,39,43
5570,39,44
5571,39,45
5572,39,46
5573,39,47
5574,39,48
5575,39,49
5576,39,50
5577,39,51
5578,39,52
5579,39,53
5580,39,54
5581,39,55
5582,39,56
5583,39,57
5584,39,58
5585,39,59
5586,39,60
5587,39,61
5588,39,62
5589,39,63
5590,39,64
5591,39,65
5592,39,66
5593,39,67
5594,39,68
5595,39,69
5596,39,70
5597,39,71
5598,39,72
5599,39,73
5600,39,74
5601,39,75
5602,39,76
5603,39,77
5604,39,78
5605,39,79
5606,39,80
5607,39,81
5608,39,82
5609,39,83
5610,39,84
5611,39,85
5612,39,86
5613,39,87
5614,39,88
5615,39,89
5616,39,90
5617,39,91
5618,39,92
5619,39,93
5620,39,94
5621,39,95
5622,39,96
5623,39,97
5624,39,98
5625,39,99
5626,39,100
5627,39,101
5628,39,102
5629,39,103
5630,39,104
5631,39,105
5632,39,106
5633,39,107
5634,39,108
5635,39,109
5636,39,110
5637,39,111
5638,39,112
5639,39,113
5640,39,114
5641,39,115
5642,39,116
5643,39,117
5644,39,118
5645,39,119
5646,39,120
5647,39,121
5648,39,122
5649,39,123
5650,39,124
5651,39,125
5652,39,126
5653,39,127
5654,39,128
5655,39,129
5656,39,130
5657,39,131
5658,39,132
5659,39,133
5660,39,134
5661,39,135
5662,39,136
5663,39,137
5664,39,138
5665,39,139
5666,39,140
5667,39,141
5668,39,142
5669,39,143
5670,39,144
5671,39,145
5672,39,146
5673,39,147
5674,39,148
5675,39,149
5676,39,150
5677,39,151
5678,39,152
5679,39,153
5680,39,154
5681,39,155
5682,39,156
5683,39,157
5684,39,158
5685,39,159
5686,39,160
5687,39,161
5688,39,162
5689,39,163
5690,39,164
5691,39,165
5692,39,166
5693,39,167
5694,39,168
5695,39,169
5696,39,170
5697,39,171
5698,39,172
5699,39,173
5700,39,174
5701,39,175
5702,39,176
5703,39,177
5704,39,178
5705,39,179
5706,39,180
5707,39,181
5708,39,182
5709,39,183
5710,39,184
5711,39,185
5712,39,186
5713,39,187
5714,39,188
5715,39,189
5716,39,190
5717,39,191
5718,39,192
5719,39,193
5720,39,194
5721,39,195
5722,39,196
5723,39,197
5724,39,198
5725,39,199
5726,39,200
5727,39,201
5728,39,202
5729,39,203
5730,39,204
5731,39,205
5732,39,206
5733,39,207
5734,39,208
5735,39,209
5736,39,210
5737,39,211
5738,39,212
5739,39,213
5740,39,214
5741,39,215
5742,39,216
5743,39,217
5744,39,218
5745,39,219
5746,39,220
5747,39,221
5748,39,222
5749,39,223
5750,39,224
5751,39,225
5752,40,30
5753,40,31
5754,40,32
5755,40,33
5756,40,34
5757,40,35
5758,40,36
5759,40,37
5760,40,38
5761,40,39
5762,40,40
5763,40,41
5764,40,42
5765,40,43
5766,40,44
5767,40,45
5768,40,46
5769,40,47
5770,40,48
5771,40,49
5772,40,50
5773,40,51
5774,40,52
5775,40,53
5776,40,54
5777,40,55
5778,40,56
5779,40,57
5780,40,58
5781,40,59
5782,40,60
5783,40,61
5784,40,62
5785,40,63
5786,40,64
5787,40,65
5788,40,66
5789,40,67
5790,40,68
5791,40,69
5792,40,70
5793,40,71
5794,40,72
5795,40,73
5796,40,74
5797,40,75
5798,40,76
5799,40,77
5800,40,78
5801,40,79
5802,40,80
5803,40,81
5804,40,82
5805,40,83
5806,40,84
5807,40,85
5808,40,86
5809,40,87
5810,40,88
5811,40,89
5812,40,90
5813,40,91
5814,40,92
5815,40,93
5816,40,94
5817,40,95
5818,40,96
5819,40,97
5820,40,98
5821,40,99
5822,40,100
5823,40,101
5824,40,102
5825,40,103
5826,40,104
5827,40,105
5828,40,106
5829,40,107
5830,40,108
5831,40,109
5832,40,110
5833,40,111
5834,40,112
5835,40,113
5836,40,114
5837,40,115
5838,40,116
5839,40,117
5840,40,118
5841,40,119
5842,40,120
5843,40,121
5844,40,122
5845,40,123
5846,40,124
5847,40,125
5848,40,126
5849,40,127
5850,40,128
5851,40,129
5852,40,130
5853,40,131
5854,40,132
5855,40,133
5856,40,134
5857,40,135
5858,40,136
5859,40,137
5860,40,138
5861,40,139
5862,40,140
5863,40,141
5864,40,142
5865,40,143
5866,40,144
5867,40,145
5868,40,146
5869,40,147
5870,40,148
5871,40,149
5872,40,150
5873,40,151
5874,40,152
5875,40,153
5876,40,154
5877,40,155
5878,40,156
5879,40,157
5880,40,158
5881,40,159
5882,40,160
5883,40,161
5884,40,162
5885,40,163
5886,40,164
5887,40,165
5888,40,166
5889,40,167
5890,40,168
5891,40,169
5892,40,170
5893,40,171
5894,40,172
5895,40,173
5896,40,174
5897,40,175
5898,40,176
5899,40,177
5900,40,178
5901,40,179
5902,40,180
5903,40,181
5904,40,182
5905,40,183
5906,40,184
5907,40,185
5908,40,186
5909,40,187
5910,40,188
5911,40,189
5912,40,190
5913,40,191
5914,40,192
5915,40,193
5916,40,194
5917,40,195
5918,40,196
5919,40,197
5920,40,198
5921,40,199
5922,40,200
5923,40,201
5924,40,202
5925,40,203
5926,40,204
5927,40,205
5928,40,206
5929,40,207
5930,40,208
5931,40,209
5932,40,210
5933,40,211
5934,40,212
5935,40,213
5936,40,214
5937,40,215
5938,40,216
5939,40,217
5940,40,218
5941,40,219
5942,40,220
5943,40,221
5944,40,222
5945,40,223
5946,40,224
5947,40,225
5948,40,226
5949,41,29
5950,41,30
5951,41,31
5952,41,32
5953,41,33
5954,41,34
5955,41,35
5956,41,36
5957,41,37
5958,41,38
5959,41,39
5960,41,40
5961,41,41
5962,41,42
5963,41,43
5964,41,44
5965,41,45
5966,41,46
5967,41,47
5968,41,48
5969,41,49
5970,41,50
5971,41,51
5972,41,52
5973,41,53
5974,41,54
5975,41,55
5976,41,56
5977,41,57
5978,41,58
5979,41,59
5980,41,60
5981,41,61
5982,41,62
5983,41,63
5984,41,64
5985,41,65
5986,41,66
5987,41,67
5988,41,68
5989,41,69
5990,41,70
5991,41,71
5992,41,72
5993,41,73
5994,41,74
5995,41,75
5996,41,76
5997,41,77
5998,41,78
5999,41,79
6000,41,80
6001,41,81
6002,41,82
6003,41,83
6004,41,84
6005,41,85
6006,41,86
6007,41,87
6008,41,88
6009,41,89
6010,41,90
6011,41,91
6012,41,92
6013,41,93
6014,41,94
6015,41,95
6016,41,96
6017,41,97
6018,41,98
6019,41,99
6020,41,100
6021,41,101
6022,41,102
6023,41,103
6024,41,104
6025,41,105
6026,41,106
6027,41,107
6028,41,108
6029,41,109
6030,41,110
6031,41,111
6032,41,112
6033,41,113
6034,41,114
6035,41,115
6036,41,116
6037,41,117
6038,41,118
6039,41,119
6040,41,120
6041,41,121
6042,41,122
6043,41,123
6044,41,124
6045,41,125
6046,41,126
6047,41,127
6048,41,128
6049,41,129
6050,41,130
6051,41,131
6052,41,132
6053,41,133
6054,41,134
6055,41,135
6056,41,136
6057,41,137
6058,41,138
6059,41,139
6060,41,140
6061,41,141
6062,41,142
6063,41,143
6064,41,144
6065,41,145
6066,41,146
6067,41,147
6068,41,148
6069,41,149
6070,41,150
6071,41,151
6072,41,152
6073,41,153
6074,41,154
6075,41,155
6076,41,156
6077,41,157
6078,41,158
6079,41,159
6080,41,160
6081,41,161
6082,41,162
6083,41,163
6084,41,164
6085,41,165
6086,41,166
6087,41,167
6088,41,168
6089,41,169
6090,41,170
6091,41,171
6092,41,172
6093,41,173
6094,41,174
6095,41,175
6096,41,176
6097,41,177
6098,41,178
6099,41,179
6100,41,180
6101,41,181
6102,41,182
6103,41,183
6104,41,184
6105,41,185
6106,41,186
6107,41,187
6108,41,188
6109,41,189
6110,41,190
6111,41,191
6112,41,192
6113,41,193
6114,41,194
6115,41,195
6116,41,196
6117,41,197
6118,41,198
6119,41,199
6120,41,200
6121,41,201
6122,41,202
6123,41,203
6124,41,204
6125,41,205
6126,41,206
6127,41,207
6128,41,208
6129,41,209
6130,41,210
6131,41,211
6132,41,212
6133,41,213
6134,41,214
6135,41,215
6136,41,216
6137,41,217
6138,41,218
6139,41,219
6140,41,220
6141,41,221
6142,41,222
6143,41,223
6144,41,224
6145,41,225
6146,41,226
6147,41,227
6148,42,28
6149,42,29
6150,42,30
6151,42,31
6152,42,32
6153,42,33
6154,42,34
6155,42,35
6156,42,36
6157,42,37
6158,42,38
6159,42,39
6160,42,40
6161,42,41
6162,42,42
6163,42,43
6164,42,44
6165,42,45
6166,42,46
6167,42,47
6168,42,48
6169,42,49
6170,42,50
6171,42,51
6172,42,52
6173,42,53
6174,42,54
6175,42,55
6176,42,56
6177,42,57
6178,42,58
6179,42,59
6180,42,60
6181,42,61
6182,42,62
6183,42,63
6184,42,64
6185,42,65
6186,42,66
6187,42,67
6188,42,68
6189,42,69
6190,42,70
6191,42,71
6192,42,72
6193,42,73
6194,42,74
6195,42,75
6196,42,76
6197,42,77
6198,42,78
6199,42,79
6200,42,80
6201,42,81
6202,42,82
6203,42,83
6204,42,84
6205,42,85
6206,42,86
6207,42,87
6208,42,88
6209,42,89
6210,42,90
6211,42,91
6212,42,92
6213,42,93
6214,42,94
6215,42,95
6216,42,96
6217,42,97
6218,42,98
6219,42,99
6220,42,100
6221,42,101
6222,42,102
6223,42,103
6224,42,104
6225,42,105
6226,42,106
6227,42,107
6228,42,108
6229,42,109
6230,42,110
6231,42,111
6232,42,112
6233,42,113
6234,42,114
6235,42,115
6236,42,116
6237,42,117
6238,42,118
6239,42,119
6240,42,120
6241,42,121
6242,42,122
6243,42,123
6244,42,124
6245,42,125
6246,42,126
6247,42,127
6248,42,128
6249,42,129
6250,42,130
6251,42,131
6252,42,132
6253,42,133
6254,42,134
6255,42,135
6256,42,136
6257,42,137
6258,42,138
6259,42,139
6260,42,140
6261,42,141
6262,42,142
6263,42,143
6264,42,144
6265,42,145
6266,42,146
6267,42,147
6268,42,148
6269,42,149
6270,42,150
6271,42,151
6272,42,152
6273,42,153
6274,42,154
6275,42,155
6276,42,156
6277,42,157
6278,42,158
6279,42,159
6280,42,160
6281,42,161
6282,42,162
6283,42,163
6284,42,164
6285,42,165
6286,42,166
6287,42,167
6288,42,168
6289,42,169
6290,42,170
6291,42,171
6292,42,172
6293,42,173
6294,42,174
6295,42,175
6296,42,176
6297,42,177
6298,42,178
6299,42,179
6300,42,180
6301,42,181
6302,42,182
6303,42,183
6304,42,184
6305,42,185
6306,42,186
6307,42,187
6308,42,188
6309,42,189
6310,42,190
6311,42,191
6312,42,192
6313,42,193
6314,42,194
6315,42,195
6316,42,196
6317,42,197
6318,42,198
6319,42,199
6320,42,200
6321,42,201
6322,42,202
6323,42,203
6324,42,204
6325,42,205
6326,42,206
6327,42,207
6328,42,208
6329,42,209
6330,42,210
6331,42,211
6332,42,212
6333,42,213
6334,42,214
6335,42,215
6336,42,216
6337,42,217
6338,42,218
6339,42,219
6340,42,220
6341,42,221
6342,42,222
6343,42,223
6344,42,224
6345,42,225
6346,42,226
6347,42,227
6348,42,228
6349,43,28
6350,43,29
6351,43,30
6352,43,31
6353,43,32
6354,43,33
6355,43,34
6356,43,35
6357,43,36
6358,43,37
6359,43,38
6360,43,39
6361,43,40
6362,43,41
6363,43,42
6364,43,43
6365,43,44
6366,43,45
6367,43,46
6368,43,47
6369,43,48
6370,43,49
6371,43,50
6372,43,51
6373,43,52
6374,43,53
6375,43,54
6376,43,55
6377,43,56
6378,43,57
6379,43,58
6380,43,59
6381,43,60
6382,43,61
6383,43,62
6384,43,63
6385,43,64
6386,43,65
6387,43,66
6388,43,67
6389,43,68
6390,43,69
6391,43,70
6392,43,71
6393,43,72
6394,43,73
6395,43,74
6396,43,75
6397,43,76
6398,43,77
6399,43,78
6400,43,79
6401,43,80
6402,43,81
6403,43,82
6404,43,83
6405,43,84
6406,43,85
6407,43,86
6408,43,87
6409,43,88
6410,43,89
6411,43,90
6412,43,91
6413,43,92
6414,43,93
6415,43,94
6416,43,95
6417,43,96
6418,43,97
6419,43,98
6420,43,99
6421,43,100
6422,43,101
6423,43,102
6424,43,103
6425,43,104
6426,43,105
6427,43,106
6428,43,107
6429,43,108
6430,43,109
6431,43,110
6432,43,111
6433,43,112
6434,43,113
6435,43,114
6436,43,115
6437,43,116
6438,43,117
6439,43,118
6440,43,119
6441,43,120
6442,43,121
6443,43,122
6444,43,123
6445,43,124
6446,43,125
6447,43,126
6448,43,127
6449,43,128
6450,43,129
6451,43,130
6452,43,131
6453,43,132
6454,43,133
6455,43,134
6456,43,135
6457,43,136
6458,43,137
6459,43,138
6460,43,139
6461,43,140
6462,43,141
6463,43,142
6464,43,143
6465,43,144
6466,43,145
6467,43,146
6468,43,147
6469,43,148
6470,43,149
6471,43,150
6472,43,151
6473,43,152
6474,43,153
6475,43,154
6476,43,155
6477,43,156
6478,43,157
6479,43,158
6480,43,159
6481,43,160
6482,43,161
6483,43,162
6484,43,163
6485,43,164
6486,43,165
6487,43,166
6488,43,167
6489,43,168
6490,43,169
6491,43,170
6492,43,171
6493,43,172
6494,43,173
6495,43,174
6496,43,175
6497,43,176
6498,43,177
6499,43,178
6500,43,179
6501,43,180
6502,43,181
6503,43,182
6504,43,183
6505,43,184
6506,43,185
6507,43,186
6508,43,187
6509,43,188
6510,43,189
6511,43,190
6512,43,191
6513,43,192
6514,43,193
6515,43,194
6516,43,195
6517,43,196
6518,43,197
6519,43,198
6520,43,199
6521,43,200
6522,43,201
6523,43,202
6524,43,203
6525,43,204
6526,43,205
6527,43,206
6528,43,207
6529,43,208
6530,43,209
6531,43,210
6532,43,211
6533,43,212
6534,43,213
6535,43,214
6536,43,215
6537,43,216
6538,43,217
6539,43,218
6540,43,219
6541,43,220
6542,43,221
6543,43,222
6544,43,223
6545,43,224
6546,43,225
6547,43,226
6548,43,227
6549,43,228
6550,44,27
6551,44,28
6552,44,29
6553,44,30
6554,44,31
6555,44,32
6556,44,33
6557,44,34
6558,44,35
6559,44,36
6560,44,37
6561,44,38
6562,44,39
6563,44,40
6564,44,41
6565,44,42
6566,44,43
6567,44,44
6568,44,45
6569,44,46
6570,44,47
6571,44,48
6572,44,49
6573,44,50
6574,44,51
6575,44,52
6576,44,53
6577,44,54
6578,44,55
6579,44,56
6580,44,57
6581,44,58
6582,44,59
6583,44,60
6584,44,61
6585,44,62
6586,44,63
6587,44,64
6588,44,65
6589,44,66
6590,44,67
6591,44,68
6592,44,69
6593,44,70
6594,44,71
6595,44,72
6596,44,73
6597,44,74
6598,44,75
6599,44,76
6600,44,77
6601,44,78
6602,44,79
6603,44,80
6604,44,81
6605,44,82
6606,44,83
6607,44,84
6608,44,85
6609,44,86
6610,44,87
6611,44,88
6612,44,89
6613,44,90
6614,44,91
6615,44,92
6616,44,93
6617,44,94
6618,44,95
6619,44,96
6620,44,97
6621,44,98
6622,44,99
6623,44,100
6624,44,101
6625,44,102
6626,44,103
6627,44,104
6628,44,105
6629,44,106
6630,44,107
6631,44,108
6632,44,109
6633,44,110
6634,44,111
6635,44,112
6636,44,113
6637,44,114
6638,44,115
6639,44,116
6640,44,117
6641,44,118
6642,44,119
6643,44,120
6644,44,121
6645,44,122
6646,44,123
6647,44,124
6648,44,125
6649,44,126
6650,44,127
6651,44,128
6652,44,129
6653,44,130
6654,44,131
6655,44,132
6656,44,133
6657,44,134
6658,44,135
6659,44,136
6660,44,137
6661,44,138
6662,44,139
6663,44,140
6664,44,141
6665,44,142
6666,44,143
6667,44,144
6668,44,145
6669,44,146
6670,44,147
6671,44,148
6672,44,149
6673,44,150
6674,44,151
6675,44,152
6676,44,153
6677,44,154
6678,44,155
6679,44,156
6680,44,157
6681,44,158
6682,44,159
6683,44,160
6684,44,161
6685,44,162
6686,44,163
6687,44,164
6688,44,165
6689,44,166
6690,44,167
6691,44,168
6692,44,169
6693,44,170
6694,44,171
6695,44,172
6696,44,173
6697,44,174
6698,44,175
6699,44,176
6700,44,177
6701,44,178
6702,44,179
6703,44,180
6704,44,181
6705,44,182
6706,44,183
6707,44,184
6708,44,185
6709,44,186
6710,44,187
6711,44,188
6712,44,189
6713,44,190
6714,44,191
6715,44,192
6716,44,193
6717,44,194
6718,44,195
6719,44,196
6720,44,197
6721,44,198
6722,44,199
6723,44,200
6724,44,201
6725,44,202
6726,44,203
6727,44,204
6728,44,205
6729,44,206
6730,44,207
6731,44,208
6732,44,209
6733,44,210
6734,44,211
6735,44,212
6736,44,213
6737,44,214
6738,44,215
6739,44,216
6740,44,217
6741,44,218
6742,44,219
6743,44,220
6744,44,221
6745,44,222
6746,44,223
6747,44,224
6748,44,225
6749,44,226
6750,44,227
6751,44,228
6752,44,229
6753,45,26
6754,45,27
6755,45,28
6756,45,29
6757,45,30
6758,45,31
6759,45,32
6760,45,33
6761,45,34
6762,45,35
6763,45,36
6764,45,37
6765,45,38
6766,45,39
6767,45,40
6768,45,41
6769,45,42
6770,45,43
6771,45,44
6772,45,45
6773,45,46
6774,45,47
6775,45,48
6776,45,49
6777,45,50
6778,45,51
6779,45,52
6780,45,53
6781,45,54
6782,45,55
6783,45,56
6784,45,57
6785,45,58
6786,45,59
6787,45,60
6788,45,61
6789,45,62
6790,45,63
6791,45,64
6792,45,65
6793,45,66
6794,45,67
6795,45,68
6796,45,69
6797,45,70
6798,45,71
6799,45,72
6800,45,73
6801,45,74
6802,45,75
6803,45,76
6804,45,77
6805,45,78
6806,45,79
6807,45,80
6808,45,81
6809,45,82
6810,45,83
6811,45,84
6812,45,85
6813,45,86
6814,45,87
6815,45,88
6816,45,89
6817,45,90
6818,45,91
6819,45,92
6820,45,93
6821,45,94
6822,45,95
6823,45,96
6824,45,97
6825,45,98
6826,45,99
6827,45,100
6828,45,101
6829,45,102
6830,45,103
6831,45,104
6832,45,105
6833,45,106
6834,45,107
6835,45,108
6836,45,109
6837,45,110
6838,45,111
6839,45,112
6840,45,113
6841,45,114
6842,45,115
6843,45,116
6844,45,117
6845,45,118
6846,45,119
6847,45,120
6848,45,121
6849,45,122
6850,45,123
6851,45,124
6852,45,125
6853,45,126
6854,45,127
6855,45,128
6856,45,129
6857,45,130
6858,45,131
6859,45,132
6860,45,133
6861,45,134
6862,45,135
6863,45,136
6864,45,137
6865,45,138
6866,45,139
6867,45,140
6868,45,141
6869,45,142
6870,45,143
6871,45,144
6872,45,145
6873,45,146
6874,45,147
6875,45,148
6876,45,149
6877,45,150
6878,45,151
6879,45,152
6880,45,153
6881,45,154
6882,45,155
6883,45,156
6884,45,157
6885,45,158
6886,45,159
6887,45,160
6888,45,161
6889,45,162
6890,45,163
6891,45,164
6892,45,165
6893,45,166
6894,45,167
6895,45,168
6896,45,169
6897,45,170
6898,45,171
6899,45,172
6900,45,173
6901,45,174
6902,45,175
6903,45,176
6904,45,177
6905,45,178
6906,45,179
6907,45,180
6908,45,181
6909,45,182
6910,45,183
6911,45,184
6912,45,185
6913,45,186
6914,45,187
6915,45,188
6916,45,189
6917,45,190
6918,45,191
6919,45,192
6920,45,193
6921,45,194
6922,45,195
6923,45,196
6924,45,197
6925,45,198
6926,45,199
6927,45,200
6928,45,201
6929,45,202
6930,45,203
6931,45,204
6932,45,205
6933,45,206
6934,45,207
6935,45,208
6936,45,209
6937,45,210
6938,45,211
6939,45,212
6940,45,213
6941,45,214
6942,45,215
6943,45,216
6944,45,217
6945,45,218
6946,45,219
6947,45,220
6948,45,221
6949,45,222
6950,45,223
6951,45,224
6952,45,225
6953,45,226
6954,45,227
6955,45,228
6956,45,229
6957,45,230
6958,46,25
6959,46,26
6960,46,27
6961,46,28
6962,46,29
6963,46,30
6964,46,31
6965,46,32
6966,46,33
6967,46,34
6968,46,35
6969,46,36
6970,46,37
6971,46,38
6972,46,39
6973,46,40
6974,46,41
6975,46,42
6976,46,43
6977,46,44
6978,46,45
6979,46,46
6980,46,47
6981,46,48
6982,46,49
6983,46,50
6984,46,51
6985,46,52
6986,46,53
6987,46,54
6988,46,55
6989,46,56
6990,46,57
6991,46,58
6992,46,59
6993,46,60
6994,46,61
6995,46,62
6996,46,63
6997,46,64
6998,46,65
6999,46,66
7000,46,67
7001,46,68
7002,46,69
7003,46,70
7004,46,71
7005,46,72
7006,46,73
7007,46,74
7008,46,75
7009,46,76
7010,46,77
7011,46,78
7012,46,79
7013,46,80
7014,46,81
7015,46,82
7016,46,83
7017,46,84
7018,46,85
7019,46,86
7020,46,87
7021,46,88
7022,46,89
7023,46,90
7024,46,91
7025,46,92
7026,46,93
7027,46,94
7028,46,95
7029,46,96
7030,46,97
7031,46,98
7032,46,99
7033,46,100
7034,46,101
7035,46,102
7036,46,103
7037,46,104
7038,46,105
7039,46,106
7040,46,107
7041,46,108
7042,46,109
7043,46,110
7044,46,111
7045,46,112
7046,46,113
7047,46,114
7048,46,115
7049,46,116
7050,46,117
7051,46,118
7052,46,119
7053,46,120
7054,46,121
7055,46,122
7056,46,123
7057,46,124
7058,46,125
7059,46,126
7060,46,127
7061,46,128
7062,46,129
7063,46,130
7064,46,131
7065,46,132
7066,46,133
7067,46,134
7068,46,135
7069,46,136
7070,46,137
7071,46,138
7072,46,139
7073,46,140
7074,46,141
7075,46,142
7076,46,143
7077,46,144
7078,46,145
7079,46,146
7080,46,147
7081,46,148
7082,46,149
7083,46,150
7084,46,151
7085,46,152
7086,46,153
7087,46,154
7088,46,155
7089,46,156
7090,46,157
7091,46,158
7092,46,159
7093,46,160
7094,46,161
7095,46,162
7096,46,163
7097,46,164
7098,46,165
7099,46,166
7100,46,167
7101,46,168
7102,46,169
7103,46,170
7104,46,171
7105,46,172
7106,46,173
7107,46,174
7108,46,175
7109,46,176
7110,46,177
7111,46,178
7112,46,179
7113,46,180
7114,46,181
7115,46,182
7116,46,183
7117,46,184
7118,46,185
7119,46,186
7120,46,187
7121,46,188
7122,46,189
7123,46,190
7124,46,191
7125,46,192
7126,46,193
7127,46,194
7128,46,195
7129,46,196
7130,46,197
7131,46,198
7132,46,199
7133,46,200
7134,46,201
7135,46,202
7136,46,203
7137,46,204
7138,46,205
7139,46,206
7140,46,207
7141,46,208
7142,46,209
7143,46,210
7144,46,211
7145,46,212
7146,46,213
7147,46,214
7148,46,215
7149,46,216
7150,46,217
7151,46,218
7152,46,219
7153,46,220
7154,46,221
7155,46,222
7156,46,223
7157,46,224
7158,46,225
7159,46,226
7160,46,227
7161,46,228
7162,46,229
7163,46,230
7164,46,231
7165,47,24
7166,47,25
7167,47,26
7168,47,27
7169,47,28
7170,47,29
7171,47,30
7172,47,31
7173,47,32
7174,47,33
7175,47,34
7176,47,35
7177,47,36
7178,47,37
7179,47,38
7180,47,39
7181,47,40
7182,47,41
7183,47,42
7184,47,43
7185,47,44
7186,47,45
7187,47,46
7188,47,47
7189,47,48
7190,47,49
7191,47,50
7192,47,51
7193,47,52
7194,47,53
7195,47,54
7196,47,55
7197,47,56
7198,47,57
7199,47,58
7200,47,59
7201,47,60
7202,47,61
7203,47,62
7204,47,63
7205,47,64
7206,47,65
7207,47,66
7208,47,67
7209,47,68
7210,47,69
7211,47,70
7212,47,71
7213,47,72
7214,47,73
7215,47,74
7216,47,75
7217,47,76
7218,47,77
7219,47,78
7220,47,79
7221,47,80
7222,47,81
7223,47,82
7224,47,83
7225,47,84
7226,47,85
7227,47,86
7228,47,87
7229,47,88
7230,47,89
7231,47,90
7232,47,91
7233,47,92
7234,47,93
7235,47,94
7236,47,95
7237,47,96
7238,47,97
7239,47,98
7240,47,99
7241,47,100
7242,47,101
7243,47,102
7244,47,103
7245,47,104
7246,47,105
7247,47,106
7248,47,107
7249,47,108
7250,47,109
7251,47,110
7252,47,111
7253,47,112
7254,47,113
7255,47,114
7256,47,115
7257,47,116
7258,47,117
7259,47,118
7260,47,119
7261,47,120
7262,47,121
7263,47,122
7264,47,123
7265,47,124
7266,47,125
7267,47,126
7268,47,127
7269,47,128
7270,47,129
7271,47,130
7272,47,131
7273,47,132
7274,47,133
7275,47,134
7276,47,135
7277,47,136
7278,47,137
7279,47,138
7280,47,139
7281,47,140
7282,47,141
7283,47,142
7284,47,143
7285,47,144
7286,47,145
7287,47,146
7288,47,147
7289,47,148
7290,47,149
7291,47,150
7292,47,151
7293,47,152
7294,47,153
7295,47,154
7296,47,155
7297,47,156
7298,47,157
7299,47,158
7300,47,159
7301,47,160
7302,47,161
7303,47,162
7304,47,163
7305,47,164
7306,47,165
7307,47,166
7308,47,167
7309,47,168
7310,47,169
7311,47,170
7312,47,171
7313,47,172
7314,47,173
7315,47,174
7316,47,175
7317,47,176
7318,47,177
7319,47,178
7320,47,179
7321,47,180
7322,47,181
7323,47,182
7324,47,183
7325,47,184
7326,47,185
7327,47,186
7328,47,187
7329,47,188
7330,47,189
7331,47,190
7332,47,191
7333,47,192
7334,47,193
7335,47,194
7336,47,195
7337,47,196
7338,47,197
7339,47,198
7340,47,199
7341,47,200
7342,47,201
7343,47,202
7344,47,203
7345,47,204
7346,47,205
7347,47,206
7348,47,207
7349,47,208
7350,47,209
7351,47,210
7352,47,211
7353,47,212
7354,47,213
7355,47,214
7356,47,215
7357,47,216
7358,47,217
7359,47,218
7360,47,219
7361,47,220
7362,47,221
7363,47,222
7364,47,223
7365,47,224
7366,47,225
7367,47,226
7368,47,227
7369,47,228
7370,47,229
7371,47,230
7372,47,231
7373,47,232
7374,48,24
7375,48,25
7376,48,26
7377,48,27
7378,48,28
7379,48,29
7380,48,30
7381,48,31
7382,48,32
7383,48,33
7384,48,34
7385,48,35
7386,48,36
7387,48,37
7388,48,38
7389,48,39
7390,48,40
7391,48,41
7392,48,42
7393,48,43
7394,48,44
7395,48,45
7396,48,46
7397,48,47
7398,48,48
7399,48,49
7400,48,50
7401,48,51
7402,48,52
7403,48,53
7404,48,54
7405,48,55
7406,48,56
7407,48,57
7408,48,58
7409,48,59
7410,48,60
7411,48,61
7412,48,62
7413,48,63
7414,48,64
7415,48,65
7416,48,66
7417,48,67
7418,48,68
7419,48,69
7420,48,70
7421,48,71
7422,48,72
7423,48,73
7424,48,74
7425,48,75
7426,48,76
7427,48,77
7428,48,78
7429,48,79
7430,48,80
7431,48,81
7432,48,82
7433,48,83
7434,48,84
7435,48,85
7436,48,86
7437,48,87
7438,48,88
7439,48,89
7440,48,90
7441,48,91
7442,48,92
7443,48,93
7444,48,94
7445,48,95
7446,48,96
7447,48,97
7448,48,98
7449,48,99
7450,48,100
7451,48,101
7452,48,102
7453,48,103
7454,48,104
7455,48,105
7456,48,106
7457,48,107
7458,48,108
7459,48,109
7460,48,110
7461,48,111
7462,48,112
7463,48,113
7464,48,114
7465,48,115
7466,48,116
7467,48,117
7468,48,118
7469,48,119
7470,48,120
7471,48,121
7472,48,122
7473,48,123
7474,48,124
7475,48,125
7476,48,126
7477,48,127
7478,48,128
7479,48,129
7480,48,130
7481,48,131
7482,48,132
7483,48,133
7484,48,134
7485,48,135
7486,48,136
7487,48,137
7488,48,138
7489,48,139
7490,48,140
7491,48,141
7492,48,142
7493,48,143
7494,48,144
7495,48,145
7496,48,146
7497,48,147
7498,48,148
7499,48,149
7500,48,150
7501,48,151
7502,48,152
7503,48,153
7504,48,154
7505,48,155
7506,48,156
7507,48,157
7508,48,158
7509,48,159
7510,48,160
7511,48,161
7512,48,162
7513,48,163
7514,48,164
7515,48,165
7516,48,166
7517,48,167
7518,48,168
7519,48,169
7520,48,170
7521,48,171
7522,48,172
7523,48,173
7524,48,174
7525,48,175
7526,48,176
7527,48,177
7528,48,178
7529,48,179
7530,48,180
7531,48,181
7532,48,182
7533,48,183
7534,48,184
7535,48,185
7536,48,186
7537,48,187
7538,48,188
7539,48,189
7540,48,190
7541,48,191
7542,48,192
7543,48,193
7544,48,194
7545,48,195
7546,48,196
7547,48,197
7548,48,198
7549,48,199
7550,48,200
7551,48,201
7552,48,202
7553,48,203
7554,48,204
7555,48,205
7556,48,206
7557,48,207
7558,48,208
7559,48,209
7560,48,210
7561,48,211
7562,48,212
7563,48,213
7564,48,214
7565,48,215
7566,48,216
7567,48,217
7568,48,218
7569,48,219
7570,48,220
7571,48,221
7572,48,222
7573,48,223
7574,48,224
7575,48,225
7576,48,226
7577,48,227
7578,48,228
7579,48,229
7580,48,230
7581,48,231
7582,48,232
7583,49,23
7584,49,24
7585,49,25
7586,49,26
7587,49,27
7588,49,28
7589,49,29
7590,49,30
7591,49,31
7592,49,32
7593,49,33
7594,49,34
7595,49,35
7596,49,36
7597,49,37
7598,49,38
7599,49,39
7600,49,40
7601,49,41
7602,49,42
7603,49,43
7604,49,44
7605,49,45
7606,49,46
7607,49,47
7608,49,48
7609,49,49
7610,49,50
7611,49,51
7612,49,52
7613,49,53
7614,49,54
7615,49,55
7616,49,56
7617,49,57
7618,49,58
7619,49,59
7620,49,60
7621,49,61
7622,49,62
7623,49,63
7624,49,64
7625,49,65
7626,49,66
7627,49,67
7628,49,68
7629,49,69
7630,49,70
7631,49,71
7632,49,72
7633,49,73
7634,49,74
7635,49,75
7636,49,76
7637,49,77
7638,49,78
7639,49,79
7640,49,80
7641,49,81
7642,49,82
7643,49,83
7644,49,84
7645,49,85
7646,49,86
7647,49,87
7648,49,88
7649,49,89
7650,49,90
7651,49,91
7652,49,92
7653,49,93
7654,49,94
7655,49,95
7656,49,96
7657,49,97
7658,49,98
7659,49,99
7660,49,100
7661,49,101
7662,49,102
7663,49,103
7664,49,104
7665,49,105
7666,49,106
7667,49,107
7668,49,108
7669,49,109
7670,49,110
7671,49,111
7672,49,112
7673,49,113
7674,49,114
7675,49,115
7676,49,116
7677,49,117
7678,49,118
7679,49,119
7680,49,120
7681,49,121
7682,49,122
7683,49,123
7684,49,124
7685,49,125
7686,49,126
7687,49,127
7688,49,128
7689,49,129
7690,49,130
7691,49,131
7692,49,132
7693,49,133
7694,49,134
7695,49,135
7696,49,136
7697,49,137
7698,49,138
7699,49,139
7700,49,140
7701,49,141
7702,49,142
7703,49,143
7704,49,144
7705,49,145
7706,49,146
7707,49,147
7708,49,148
7709,49,149
7710,49,150
7711,49,151
7712,49,152
7713,49,153
7714,49,154
7715,49,155
7716,49,156
7717,49,157
7718,49,158
7719,49,159
7720,49,160
7721,49,161
7722,49,162
7723,49,163
7724,49,164
7725,49,165
7726,49,166
7727,49,167
7728,49,168
7729,49,169
7730,49,170
7731,49,171
7732,49,172
7733,49,173
7734,49,174
7735,49,175
7736,49,176
7737,49,177
7738,49,178
7739,49,179
7740,49,180
7741,49,181
7742,49,182
7743,49,183
7744,49,184
7745,49,185
7746,49,186
7747,49,187
7748,49,188
7749,49,189
7750,49,190
7751,49,191
7752,49,192
7753,49,193
7754,49,194
7755,49,195
7756,49,196
7757,49,197
7758,49,198
7759,49,199
7760,49,200
7761,49,201
7762,49,202
7763,49,203
7764,49,204
7765,49,205
7766,49,206
7767,49,207
7768,49,208
7769,49,209
7770,49,210
7771,49,211
7772,49,212
7773,49,213
7774,49,214
7775,49,215
7776,49,216
7777,49,217
7778,49,218
7779,49,219
7780,49,220
7781,49,221
7782,49,222
7783,49,223
7784,49,224
7785,49,225
7786,49,226
7787,49,227
7788,49,228
7789,49,229
7790,49,230
7791,49,231
7792,49,232
7793,49,233
7794,50,22
7795,50,23
7796,50,24
7797,50,25
7798,50,26
7799,50,27
7800,50,28
7801,50,29
7802,50,30
7803,50,31
7804,50,32
7805,50,33
7806,50,34
7807,50,35
7808,50,36
7809,50,37
7810,50,38
7811,50,39
7812,50,40
7813,50,41
7814,50,42
7815,50,43
7816,50,44
7817,50,45
7818,50,46
7819,50,47
7820,50,48
7821,50,49
7822,50,50
7823,50,51
7824,50,52
7825,50,53
7826,50,54
7827,50,55
7828,50,56
7829,50,57
7830,50,58
7831,50,59
7832,50,60
7833,50,61
7834,50,62
7835,50,63
7836,50,64
7837,50,65
7838,50,66
7839,50,67
7840,50,68
7841,50,69
7842,50,70
7843,50,71
7844,50,72
7845,50,73
7846,50,74
7847,50,75
7848,50,76
7849,50,77
7850,50,78
7851,50,79
7852,50,80
7853,50,81
7854,50,82
7855,50,83
7856,50,84
7857,50,85
7858,50,86
7859,50,87
7860,50,88
7861,50,89
7862,50,90
7863,50,91
7864,50,92
7865,50,93
7866,50,94
7867,50,95
7868,50,96
7869,50,97
7870,50,98
7871,50,99
7872,50,100
7873,50,101
7874,50,102
7875,50,103
7876,50,104
7877,50,105
7878,50,106
7879,50,107
7880,50,108
7881,50,109
7882,50,110
7883,50,111
7884,50,112
7885,50,113
7886,50,114
7887,50,115
7888,50,116
7889,50,117
7890,50,118
7891,50,119
7892,50,120
7893,50,121
7894,50,122
7895,50,123
7896,50,124
7897,50,125
7898,50,126
7899,50,127
7900,50,128
7901,50,129
7902,50,130
7903,50,131
7904,50,132
7905,50,133
7906,50,134
7907,50,135
7908,50,136
7909,50,137
7910,50,138
7911,50,139
7912,50,140
7913,50,141
7914,50,142
7915,50,143
7916,50,144
7917,50,145
7918,50,146
7919,50,147
7920,50,148
7921,50,149
7922,50,150
7923,50,151
7924,50,152
7925,50,153
7926,50,154
7927,50,155
7928,50,156
7929,50,157
7930,50,158
7931,50,159
7932,50,160
7933,50,161
7934,50,162
7935,50,163
7936,50,164
7937,50,165
7938,50,166
7939,50,167
7940,50,168
7941,50,169
7942,50,170
7943,50,171
7944,50,172
7945,50,173
7946,50,174
7947,50,175
7948,50,176
7949,50,177
7950,50,178
7951,50,179
7952,50,180
7953,50,181
7954,50,182
7955,50,183
7956,50,184
7957,50,185
7958,50,186
7959,50,187
7960,50,188
7961,50,189
7962,50,190
7963,50,191
7964,50,192
7965,50,193
7966,50,194
7967,50,195
7968,50,196
7969,50,197
7970,50,198
7971,50,199
7972,50,200
7973,50,201
7974,50,202
7975,50,203
7976,50,204
7977,50,205
7978,50,206
7979,50,207
7980,50,208
7981,50,209
7982,50,210
7983,50,211
7984,50,212
7985,50,213
7986,50,214
7987,50,215
7988,50,216
7989,50,217
7990,50,218
7991,50,219
7992,50,220
7993,50,221
7994,50,222
7995,50,223
7996,50,224
7997,50,225
7998,50,226
7999,50,227
8000,50,228
8001,50,229
8002,50,230
8003,50,231
8004,50,232
8005,50,233
8006,50,234
8007,51,21
8008,51,22
8009,51,23
8010,51,24
8011,51,25
8012,51,26
8013,51,27
8014,51,28
8015,51,29
8016,51,30
8017,51,31
8018,51,32
8019,51,33
8020,51,34
8021,51,35
8022,51,36
8023,51,37
8024,51,38
8025,51,39
8026,51,40
8027,51,41
8028,51,42
8029,51,43
8030,51,44
8031,51,45
8032,51,46
8033,51,47
8034,51,48
8035,51,49
8036,51,50
8037,51,51
8038,51,52
8039,51,53
8040,51,54
8041,51,55
8042,51,56
8043,51,57
8044,51,58
8045,51,59
8046,51,60
8047,51,61
8048,51,62
8049,51,63
8050,51,64
8051,51,65
8052,51,66
8053,51,67
8054,51,68
8055,51,69
8056,51,70
8057,51,71
8058,51,72
8059,51,73
8060,51,74
8061,51,75
8062,51,76
8063,51,77
8064,51,78
8065,51,79
8066,51,80
8067,51,81
8068,51,82
8069,51,83
8070,51,84
8071,51,85
8072,51,86
8073,51,87
8074,51,88
8075,51,89
8076,51,90
8077,51,91
8078,51,92
8079,51,93
8080,51,94
8081,51,95
8082,51,96
8083,51,97
8084,51,98
8085,51,99
8086,51,100
8087,51,101
8088,51,102
8089,51,103
8090,51,104
8091,51,105
8092,51,106
8093,51,107
8094,51,108
8095,51,109
8096,51,110
8097,51,111
8098,51,112
8099,51,113
8100,51,114
8101,51,115
8102,51,116
8103,51,117
8104,51,118
8105,51,119
8106,51,120
8107,51,121
8108,51,122
8109,51,123
8110,51,124
8111,51,125
8112,51,126
8113,51,127
8114,51,128
8115,51,129
8116,51,130
8117,51,131
8118,51,132
8119,51,133
8120,51,134
8121,51,135
8122,51,136
8123,51,137
8124,51,138
8125,51,139
8126,51,140
8127,51,141
8128,51,142
8129,51,143
8130,51,144
8131,51,145
8132,51,146
8133,51,147
8134,51,148
8135,51,149
8136,51,150
8137,51,151
8138,51,152
8139,51,153
8140,51,154
8141,51,155
8142,51,156
8143,51,157
8144,51,158
8145,51,159
8146,51,160
8147,51,161
8148,51,162
8149,51,163
8150,51,164
8151,51,165
8152,51,166
8153,51,167
8154,51,168
8155,51,169
8156,51,170
8157,51,171
8158,51,172
8159,51,173
8160,51,174
8161,51,175
8162,51,176
8163,51,177
8164,51,178
8165,51,179
8166,51,180
8167,51,181
8168,51,182
8169,51,183
8170,51,184
8171,51,185
8172,51,186
8173,51,187
8174,51,188
8175,51,189
8176,51,190
8177,51,191
8178,51,192
8179,51,193
8180,51,194
8181,51,195
8182,51,196
8183,51,197
8184,51,198
8185,51,199
8186,51,200
8187,51,201
8188,51,202
8189,51,203
8190,51,204
8191,51,205
8192,51,206
8193,51,207
8194,51,208
8195,51,209
8196,51,210
8197,51,211
8198,51,212
8199,51,213
8200,51,214
8201,51,215
8202,51,216
8203,51,217
8204,51,218
8205,51,219
8206,51,220
8207,51,221
8208,51,222
8209,51,223
8210,51,224
8211,51,225
8212,51,226
8213,51,227
8214,51,228
8215,51,229
8216,51,230
8217,51,231
8218,51,232
8219,51,233
8220,51,234
8221,51,235
8222,52,21
8223,52,22
8224,52,23
8225,52,24
8226,52,25
8227,52,26
8228,52,27
8229,52,28
8230,52,29
8231,52,30
8232,52,31
8233,52,32
8234,52,33
8235,52,34
8236,52,35
8237,52,36
8238,52,37
8239,52,38
8240,52,39
8241,52,40
8242,52,41
8243,52,42
8244,52,43
8245,52,44
8246,52,45
8247,52,46
8248,52,47
8249,52,48
8250,52,49
8251,52,50
8252,52,51
8253,52,52
8254,52,53
8255,52,54
8256,52,55
8257,52,56
8258,52,57
8259,52,58
8260,52,59
8261,52,60
8262,52,61
8263,52,62
8264,52,63
8265,52,64
8266,52,65
8267,52,66
8268,52,67
8269,52,68
8270,52,69
8271,52,70
8272,52,71
8273,52,72
8274,52,73
8275,52,74
8276,52,75
8277,52,76
8278,52,77
8279,52,78
8280,52,79
8281,52,80
8282,52,81
8283,52,82
8284,52,83
8285,52,84
8286,52,85
8287,52,86
8288,52,87
8289,52,88
8290,52,89
8291,52,90
8292,52,91
8293,52,92
8294,52,93
8295,52,94
8296,52,95
8297,52,96
8298,52,97
8299,52,98
8300,52,99
8301,52,100
8302,52,101
8303,52,102
8304,52,103
8305,52,104
8306,52,105
8307,52,106
8308,52,107
8309,52,108
8310,52,109
8311,52,110
8312,52,111
8313,52,112
8314,52,113
8315,52,114
8316,52,115
8317,52,116
8318,52,117
8319,52,118
8320,52,119
8321,52,120
8322,52,121
8323,52,122
8324,52,123
8325,52,124
8326,52,125
8327,52,126
8328,52,127
8329,52,128
8330,52,129
8331,52,130
8332,52,131
8333,52,132
8334,52,133
8335,52,134
8336,52,135
8337,52,136
8338,52,137
8339,52,138
8340,52,139
8341,52,140
8342,52,141
8343,52,142
8344,52,143
8345,52,144
8346,52,145
8347,52,146
8348,52,147
8349,52,148
8350,52,149
8351,52,150
8352,52,151
8353,52,152
8354,52,153
8355,52,154
8356,52,155
8357,52,156
8358,52,157
8359,52,158
8360,52,159
8361,52,160
8362,52,161
8363,52,162
8364,52,163
8365,52,164
8366,52,165
8367,52,166
8368,52,167
8369,52,168
8370,52,169
8371,52,170
8372,52,171
8373,52,172
8374,52,173
8375,52,174
8376,52,175
8377,52,176
8378,52,177
8379,52,178
8380,52,179
8381,52,180
8382,52,181
8383,52,182
8384,52,183
8385,52,184
8386,52,185
8387,52,186
8388,52,187
8389,52,188
8390,52,189
8391,52,190
8392,52,191
8393,52,192
8394,52,193
8395,52,194
8396,52,195
8397,52,196
8398,52,197
8399,52,198
8400,52,199
8401,52,200
8402,52,201
8403,52,202
8404,52,203
8405,52,204
8406,52,205
8407,52,206
8408,52,207
8409,52,208
8410,52,209
8411,52,210
8412,52,211
8413,52,212
8414,52,213
8415,52,214
8416,52,215
8417,52,216
8418,52,217
8419,52,218
8420,52,219
8421,52,220
8422,52,221
8423,52,222
8424,52,223
8425,52,224
8426,52,225
8427,52,226
8428,52,227
8429,52,228
8430,52,229
8431,52,230
8432,52,231
8433,52,232
8434,52,233
8435,52,234
8436,52,235
8437,53,20
8438,53,21
8439,53,22
8440,53,23
8441,53,24
8442,53,25
8443,53,26
8444,53,27
8445,53,28
8446,53,29
8447,53,30
8448,53,31
8449,53,32
8450,53,33
8451,53,34
8452,53,35
8453,53,36
8454,53,37
8455,53,38
8456,53,39
8457,53,40
8458,53,41
8459,53,42
8460,53,43
8461,53,44
8462,53,45
8463,53,46
8464,53,47
8465,53,48
8466,53,49
8467,53,50
8468,53,51
8469,53,52
8470,53,53
8471,53,54
8472,53,55
8473,53,56
8474,53,57
8475,53,58
8476,53,59
8477,53,60
8478,53,61
8479,53,62
8480,53,63
8481,53,64
8482,53,65
8483,53,66
8484,53,67
8485,53,68
8486,53,69
8487,53,70
8488,53,71
8489,53,72
8490,53,73
8491,53,74
8492,53,75
8493,53,76
8494,53,77
8495,53,78
8496,53,79
8497,53,80
8498,53,81
8499,53,82
8500,53,83
8501,53,84
8502,53,85
8503,53,86
8504,53,87
8505,53,88
8506,53,89
8507,53,90
8508,53,91
8509,53,92
8510,53,93
8511,53,94
8512,53,95
8513,53,96
8514,53,97
8515,53,98
8516,53,99
8517,53,100
8518,53,101
8519,53,102
8520,53,103
8521,53,104
8522,53,105
8523,53,106
8524,53,107
8525,53,108
8526,53,109
8527,53,110
8528,53,111
8529,53,112
8530,53,113
8531,53,114
8532,53,115
8533,53,116
8534,53,117
8535,53,118
8536,53,119
8537,53,120
8538,53,121
8539,53,122
8540,53,123
8541,53,124
8542,53,125
8543,53,126
8544,53,127
8545,53,128
8546,53,129
8547,53,130
8548,53,131
8549,53,132
8550,53,133
8551,53,134
8552,53,135
8553,53,136
8554,53,137
8555,53,138
8556,53,139
8557,53,140
8558,53,141
8559,53,142
8560,53,143
8561,53,144
8562,53,145
8563,53,146
8564,53,147
8565,53,148
8566,53,149
8567,53,150
8568,53,151
8569,53,152
8570,53,153
8571,53,154
8572,53,155
8573,53,156
8574,53,157
8575,53,158
8576,53,159
8577,53,160
8578,53,161
8579,53,162
8580,53,163
8581,53,164
8582,53,165
8583,53,166
8584,53,167
8585,53,168
8586,53,169
8587,53,170
8588,53,171
8589,53,172
8590,53,173
8591,53,174
8592,53,175
8593,53,176
8594,53,177
8595,53,178
8596,53,179
8597,53,180
8598,53,181
8599,53,182
8600,53,183
8601,53,184
8602,53,185
8603,53,186
8604,53,187
8605,53,188
8606,53,189
8607,53,190
8608,53,191
8609,53,192
8610,53,193
8611,53,194
8612,53,195
8613,53,196
8614,53,197
8615,53,198
8616,53,199
8617,53,200
8618,53,201
8619,53,202
8620,53,203
8621,53,204
8622,53,205
8623,53,206
8624,53,207
8625,53,208
8626,53,209
8627,53,210
8628,53,211
8629,53,212
8630,53,213
8631,53,214
8632,53,215
8633,53,216
8634,53,217
8635,53,218
8636,53,219
8637,53,220
8638,53,221
8639,53,222
8640,53,223
8641,53,224
8642,53,225
8643,53,226
8644,53,227
8645,53,228
8646,53,229
8647,53,230
8648,53,231
8649,53,232
8650,53,233
8651,53,234
8652,53,235
8653,53,236
8654,54,19
8655,54,20
8656,54,21
8657,54,22
8658,54,23
8659,54,24
8660,54,25
8661,54,26
8662,54,27
8663,54,28
8664,54,29
8665,54,30
8666,54,31
8667,54,32
8668,54,33
8669,54,34
8670,54,35
8671,54,36
8672,54,37
8673,54,38
8674,54,39
8675,54,40
8676,54,41
8677,54,42
8678,54,43
8679,54,44
8680,54,45
8681,54,46
8682,54,47
8683,54,48
8684,54,49
8685,54,50
8686,54,51
8687,54,52
8688,54,53
8689,54,54
8690,54,55
8691,54,56
8692,54,57
8693,54,58
8694,54,59
8695,54,60
8696,54,61
8697,54,62
8698,54,63
8699,54,64
8700,54,65
8701,54,66
8702,54,67
8703,54,68
8704,54,69
8705,54,70
8706,54,71
8707,54,72
8708,54,73
8709,54,74
8710,54,75
8711,54,76
8712,54,77
8713,54,78
8714,54,79
8715,54,80
8716,54,81
8717,54,82
8718,54,83
8719,54,84
8720,54,85
8721,54,86
8722,54,87
8723,54,88
8724,54,89
8725,54,90
8726,54,91
8727,54,92
8728,54,93
8729,54,94
8730,54,95
8731,54,96
8732,54,97
8733,54,98
8734,54,99
8735,54,100
8736,54,101
8737,54,102
8738,54,103
8739,54,104
8740,54,105
8741,54,106
8742,54,107
8743,54,108
8744,54,109
8745,54,110
8746,54,111
8747,54,112
8748,54,113
8749,54,114
8750,54,115
8751,54,116
8752,54,117
8753,54,118
8754,54,119
8755,54,120
8756,54,121
8757,54,122
8758,54,123
8759,54,124
8760,54,125
8761,54,126
8762,54,127
8763,54,128
8764,54,129
8765,54,130
8766,54,131
8767,54,132
8768,54,133
8769,54,134
8770,54,135
8771,54,136
8772,54,137
8773,54,138
8774,54,139
8775,54,140
8776,54,141
8777,54,142
8778,54,143
8779,54,144
8780,54,145
8781,54,146
8782,54,147
8783,54,148
8784,54,149
8785,54,150
8786,54,151
8787,54,152
8788,54,153
8789,54,154
8790,54,155
8791,54,156
8792,54,157
8793,54,158
8794,54,159
8795,54,160
8796,54,161
8797,54,162
8798,54,163
8799,54,164
8800,54,165
8801,54,166
8802,54,167
8803,54,168
8804,54,169
8805,54,170
8806,54,171
8807,54,172
8808,54,173
8809,54,174
8810,54,175
8811,54,176
8812,54,177
8813,54,178
8814,54,179
8815,54,180
8816,54,181
8817,54,182
8818,54,183
8819,54,184
8820,54,185
8821,54,186
8822,54,187
8823,54,188
8824,54,189
8825,54,190
8826,54,191
8827,54,192
8828,54,193
8829,54,194
8830,54,195
8831,54,196
8832,54,197
8833,54,198
8834,54,199
8835,54,200
8836,54,201
8837,54,202
8838,54,203
8839,54,204
8840,54,205
8841,54,206
8842,54,207
8843,54,208
8844,54,209
8845,54,210
8846,54,211
8847,54,212
8848,54,213
8849,54,214
8850,54,215
8851,54,216
8852,54,217
8853,54,218
8854,54,219
8855,54,220
8856,54,221
8857,54,222
8858,54,223
8859,54,224
8860,54,225
8861,54,226
8862,54,227
8863,54,228
8864,54,229
8865,54,230
8866,54,231
8867,54,232
8868,54,233
8869,54,234
8870,54,235
8871,54,236
8872,54,237
8873,55,19
8874,55,20
8875,55,21
8876,55,22
8877,55,23
8878,55,24
8879,55,25
8880,55,26
8881,55,27
8882,55,28
8883,55,29
8884,55,30
8885,55,31
8886,55,32
8887,55,33
8888,55,34
8889,55,35
8890,55,36
8891,55,37
8892,55,38
8893,55,39
8894,55,40
8895,55,41
8896,55,42
8897,55,43
8898,55,44
8899,55,45
8900,55,46
8901,55,47
8902,55,48
8903,55,49
8904,55,50
8905,55,51
8906,55,52
8907,55,53
8908,55,54
8909,55,55
8910,55,56
8911,55,57
8912,55,58
8913,55,59
8914,55,60
8915,55,61
8916,55,62
8917,55,63
8918,55,64
8919,55,65
8920,55,66
8921,55,67
8922,55,68
8923,55,69
8924,55,70
8925,55,71
8926,55,72
8927,55,73
8928,55,74
8929,55,75
8930,55,76
8931,55,77
8932,55,78
8933,55,79
8934,55,80
8935,55,81
8936,55,82
8937,55,83
8938,55,84
8939,55,85
8940,55,86
8941,55,87
8942,55,88
8943,55,89
8944,55,90
8945,55,91
8946,55,92
8947,55,93
8948,55,94
8949,55,95
8950,55,96
8951,55,97
8952,55,98
8953,55,99
8954,55,100
8955,55,101
8956,55,102
8957,55,103
8958,55,104
8959,55,105
8960,55,106
8961,55,107
8962,55,108
8963,55,109
8964,55,110
8965,55,111
8966,55,112
8967,55,113
8968,55,114
8969,55,115
8970,55,116
8971,55,117
8972,55,118
8973,55,119
8974,55,120
8975,55,121
8976,55,122
8977,55,123
8978,55,124
8979,55,125
8980,55,126
8981,55,127
8982,55,128
8983,55,129
8984,55,130
8985,55,131
8986,55,132
8987,55,133
8988,55,134
8989,55,135
8990,55,136
8991,55,137
8992,55,138
8993,55,139
8994,55,140
8995,55,141
8996,55,142
8997,55,143
8998,55,144
8999,55,145
9000,55,146
9001,55,147
9002,55,148
9003,55,149
9004,55,150
9005,55,151
9006,55,152
9007,55,153
9008,55,154
9009,55,155
9010,55,156
9011,55,157
9012,55,158
9013,55,159
9014,55,160
9015,55,161
9016,55,162
9017,55,163
9018,55,164
9019,55,165
9020,55,166
9021,55,167
9022,55,168
9023,55,169
9024,55,170
9025,55,171
9026,55,172
9027,55,173
9028,55,174
9029,55,175
9030,55,176
9031,55,177
9032,55,178
9033,55,179
9034,55,180
9035,55,181
9036,55,182
9037,55,183
9038,55,184
9039,55,185
9040,55,186
9041,55,187
9042,55,188
9043,55,189
9044,55,190
9045,55,191
9046,55,192
9047,55,193
9048,55,194
9049,55,195
9050,55,196
9051,55,197
9052,55,198
9053,55,199
9054,55,200
9055,55,201
9056,55,202
9057,55,203
9058,55,204
9059,55,205
9060,55,206
9061,55,207
9062,55,208
9063,55,209
9064,55,210
9065,55,211
9066,55,212
9067,55,213
9068,55,214
9069,55,215
9070,55,216
9071,55,217
9072,55,218
9073,55,219
9074,55,220
9075,55,221
9076,55,222
9077,55,223
9078,55,224
9079,55,225
9080,55,226
9081,55,227
9082,55,228
9083,55,229
9084,55,230
9085,55,231
9086,55,232
9087,55,233
9088,55,234
9089,55,235
9090,55,236
9091,55,237
9092,56,18
9093,56,19
9094,56,20
9095,56,21
9096,56,22
9097,56,23
9098,56,24
9099,56,25
9100,56,26
9101,56,27
9102,56,28
9103,56,29
9104,56,30
9105,56,31
9106,56,32
9107,56,33
9108,56,34
9109,56,35
9110,56,36
9111,56,37
9112,56,38
9113,56,39
9114,56,40
9115,56,41
9116,56,42
9117,56,43
9118,56,44
9119,56,45
9120,56,46
9121,56,47
9122,56,48
9123,56,49
9124,56,50
9125,56,51
9126,56,52
9127,56,53
9128,56,54
9129,56,55
9130,56,56
9131,56,57
9132,56,58
9133,56,59
9134,56,60
9135,56,61
9136,56,62
9137,56,63
9138,56,64
9139,56,65
9140,56,66
9141,56,67
9142,56,68
9143,56,69
9144,56,70
9145,56,71
9146,56,72
9147,56,73
9148,56,74
9149,56,75
9150,56,76
9151,56,77
9152,56,78
9153,56,79
9154,56,80
9155,56,81
9156,56,82
9157,56,83
9158,56,84
9159,56,85
9160,56,86
9161,56,87
9162,56,88
9163,56,89
9164,56,90
9165,56,91
9166,56,92
9167,56,93
9168,56,94
9169,56,95
9170,56,96
9171,56,97
9172,56,98
9173,56,99
9174,56,100
9175,56,101
9176,56,102
9177,56,103
9178,56,104
9179,56,105
9180,56,106
9181,56,107
9182,56,108
9183,56,109
9184,56,110
9185,56,111
9186,56,112
9187,56,113
9188,56,114
9189,56,115
9190,56,116
9191,56,117
9192,56,118
9193,56,119
9194,56,120
9195,56,121
9196,56,122
9197,56,123
9198,56,124
9199,56,125
9200,56,126
9201,56,127
9202,56,128
9203,56,129
9204,56,130
9205,56,131
9206,56,132
9207,56,133
9208,56,134
9209,56,135
9210,56,136
9211,56,137
9212,56,138
9213,56,139
9214,56,140
9215,56,141
9216,56,142
9217,56,143
9218,56,144
9219,56,145
9220,56,146
9221,56,147
9222,56,148
9223,56,149
9224,56,150
9225,56,151
9226,56,152
9227,56,153
9228,56,154
9229,56,155
9230,56,156
9231,56,157
9232,56,158
9233,56,159
9234,56,160
9235,56,161
9236,56,162
9237,56,163
9238,56,164
9239,56,165
9240,56,166
9241,56,167
9242,56,168
9243,56,169
9244,56,170
9245,56,171
9246,56,172
9247,56,173
9248,56,174
9249,56,175
9250,56,176
9251,56,177
9252,56,178
9253,56,179
9254,56,180
9255,56,181
9256,56,182
9257,56,183
9258,56,184
9259,56,185
9260,56,186
9261,56,187
9262,56,188
9263,56,189
9264,56,190
9265,56,191
9266,56,192
9267,56,193
9268,56,194
9269,56,195
9270,56,196
9271,56,197
9272,56,198
9273,56,199
9274,56,200
9275,56,201
9276,56,202
9277,56,203
9278,56,204
9279,56,205
9280,56,206
9281,56,207
9282,56,208
9283,56,209
9284,56,210
9285,56,211
9286,56,212
9287,56,213
9288,56,214
9289,56,215
9290,56,216
9291,56,217
9292,56,218
9293,56,219
9294,56,220
9295,56,221
9296,56,222
9297,56,223
9298,56,224
9299,56,225
9300,56,226
9301,56,227
9302,56,228
9303,56,229
9304,56,230
9305,56,231
9306,56,232
9307,56,233
9308,56,234
9309,56,235
9310,56,236
9311,56,237
9312,56,238
9313,57,17
9314,57,18
9315,57,19
9316,57,20
9317,57,21
9318,57,22
9319,57,23
9320,57,24
9321,57,25
9322,57,26
9323,57,27
9324,57,28
9325,57,29
9326,57,30
9327,57,31
9328,57,32
9329,57,33
9330,57,34
9331,57,35
9332,57,36
9333,57,37
9334,57,38
9335,57,39
9336,57,40
9337,57,41
9338,57,42
9339,57,43
9340,57,44
9341,57,45
9342,57,46
9343,57,47
9344,57,48
9345,57,49
9346,57,50
9347,57,51
9348,57,52
9349,57,53
9350,57,54
9351,57,55
9352,57,56
9353,57,57
9354,57,58
9355,57,59
9356,57,60
9357,57,61
9358,57,62
9359,57,63
9360,57,64
9361,57,65
9362,57,66
9363,57,67
9364,57,68
9365,57,69
9366,57,70
9367,57,71
9368,57,72
9369,57,73
9370,57,74
9371,57,75
9372,57,76
9373,57,77
9374,57,78
9375,57,79
9376,57,80
9377,57,81
9378,57,82
9379,57,83
9380,57,84
9381,57,85
9382,57,86
9383,57,87
9384,57,88
9385,57,89
9386,57,90
9387,57,91
9388,57,92
9389,57,93
9390,57,94
9391,57,95
9392,57,96
9393,57,97
9394,57,98
9395,57,99
9396,57,100
9397,57,101
9398,57,102
9399,57,103
9400,57,104
9401,57,105
9402,57,106
9403,57,107
9404,57,108
9405,57,109
9406,57,110
9407,57,111
9408,57,112
9409,57,113
9410,57,114
9411,57,115
9412,57,116
9413,57,117
9414,57,118
9415,57,119
9416,57,120
9417,57,121
9418,57,122
9419,57,123
9420,57,124
9421,57,125
9422,57,126
9423,57,127
9424,57,128
9425,57,129
9426,57,130
9427,57,131
9428,57,132
9429,57,133
9430,57,134
9431,57,135
9432,57,136
9433,57,137
9434,57,138
9435,57,139
9436,57,140
9437,57,141
9438,57,142
9439,57,143
9440,57,144
9441,57,145
9442,57,146
9443,57,147
9444,57,148
9445,57,149
9446,57,150
9447,57,151
9448,57,152
9449,57,153
9450,57,154
9451,57,155
9452,57,156
9453,57,157
9454,57,158
9455,57,159
9456,57,160
9457,57,161
9458,57,162
9459,57,163
9460,57,164
9461,57,165
9462,57,166
9463,57,167
9464,57,168
9465,57,169
9466,57,170
9467,57,171
9468,57,172
9469,57,173
9470,57,174
9471,57,175
9472,57,176
9473,57,177
9474,57,178
9475,57,179
9476,57,180
9477,57,181
9478,57,182
9479,57,183
9480,57,184
9481,57,185
9482,57,186
9483,57,187
9484,57,188
9485,57,189
9486,57,190
9487,57,191
9488,57,192
9489,57,193
9490,57,194
9491,57,195
9492,57,196
9493,57,197
9494,57,198
9495,57,199
9496,57,200
9497,57,201
9498,57,202
9499,57,203
9500,57,204
9501,57,205
9502,57,206
9503,57,207
9504,57,208
9505,57,209
9506,57,210
9507,57,211
9508,57,212
9509,57,213
9510,57,214
9511,57,215
9512,57,216
9513,57,217
9514,57,218
9515,57,219
9516,57,220
9517,57,221
9518,57,222
9519,57,223
9520,57,224
9521,57,225
9522,57,226
9523,57,227
9524,57,228
9525,57,229
9526,57,230
9527,57,231
9528,57,232
9529,57,233
9530,57,234
9531,57,235
9532,57,236
9533,57,237
9534,57,238
9535,57,239
9536,58,17
9537,58,18
9538,58,19
9539,58,20
9540,58,21
9541,58,22
9542,58,23
9543,58,24
9544,58,25
9545,58,26
9546,58,27
9547,58,28
9548,58,29
9549,58,30
9550,58,31
9551,58,32
9552,58,33
9553,58,34
9554,58,35
9555,58,36
9556,58,37
9557,58,38
9558,58,39
9559,58,40
9560,58,41
9561,58,42
9562,58,43
9563,58,44
9564,58,45
9565,58,46
9566,58,47
9567,58,48
9568,58,49
9569,58,50
9570,58,51
9571,58,52
9572,58,53
9573,58,54
9574,58,55
9575,58,56
9576,58,57
9577,58,58
9578,58,59
9579,58,60
9580,58,61
9581,58,62
9582,58,63
9583,58,64
9584,58,65
9585,58,66
9586,58,67
9587,58,68
9588,58,69
9589,58,70
9590,58,71
9591,58,72
9592,58,73
9593,58,74
9594,58,75
9595,58,76
9596,58,77
9597,58,78
9598,58,79
9599,58,80
9600,58,81
9601,58,82
9602,58,83
9603,58,84
9604,58,85
9605,58,86
9606,58,87
9607,58,88
9608,58,89
9609,58,90
9610,58,91
9611,58,92
9612,58,93
9613,58,94
9614,58,95
9615,58,96
9616,58,97
9617,58,98
9618,58,99
9619,58,100
9620,58,101
9621,58,102
9622,58,103
9623,58,104
9624,58,105
9625,58,106
9626,58,107
9627,58,108
9628,58,109
9629,58,110
9630,58,111
9631,58,112
9632,58,113
9633,58,114
9634,58,115
9635,58,116
9636,58,117
9637,58,118
9638,58,119
9639,58,120
9640,58,121
9641,58,122
9642,58,123
9643,58,124
9644,58,125
9645,58,126
9646,58,127
9647,58,128
9648,58,129
9649,58,130
9650,58,131
9651,58,132
9652,58,133
9653,58,134
9654,58,135
9655,58,136
9656,58,137
9657,58,138
9658,58,139
9659,58,140
9660,58,141
9661,58,142
9662,58,143
9663,58,144
9664,58,145
9665,58,146
9666,58,147
9667,58,148
9668,58,149
9669,58,150
9670,58,151
9671,58,152
9672,58,153
9673,58,154
9674,58,155
9675,58,156
9676,58,157
9677,58,158
9678,58,159
9679,58,160
9680,58,161
9681,58,162
9682,58,163
9683,58,164
9684,58,165
9685,58,166
9686,58,167
9687,58,168
9688,58,169
9689,58,170
9690,58,171
9691,58,172
9692,58,173
9693,58,174
9694,58,175
9695,58,176
9696,58,177
9697,58,178
9698,58,179
9699,58,180
9700,58,181
9701,58,182
9702,58,183
9703,58,184
9704,58,185
9705,58,186
9706,58,187
9707,58,188
9708,58,189
9709,58,190
9710,58,191
9711,58,192
9712,58,193
9713,58,194
9714,58,195
9715,58,196
9716,58,197
9717,58,198
9718,58,199
9719,58,200
9720,58,201
9721,58,202
9722,58,203
9723,58,204
9724,58,205
9725,58,206
9726,58,207
9727,58,208
9728,58,209
9729,58,210
9730,58,211
9731,58,212
9732,58,213
9733,58,214
9734,58,215
9735,58,216
9736,58,217
9737,58,218
9738,58,219
9739,58,220
9740,58,221
9741,58,222
9742,58,223
9743,58,224
9744,58,225
9745,58,226
9746,58,227
9747,58,228
9748,58,229
9749,58,230
9750,58,231
9751,58,232
9752,58,233
9753,58,234
9754,58,235
9755,58,236
9756,58,237
9757,58,238
9758,58,239
9759,59,16
9760,59,17
9761,59,18
9762,59,19
9763,59,20
9764,59,21
9765,59,22
9766,59,23
9767,59,24
9768,59,25
9769,59,26
9770,59,27
9771,59,28
9772,59,29
9773,59,30
9774,59,31
9775,59,32
9776,59,33
9777,59,34
9778,59,35
9779,59,36
9780,59,37
9781,59,38
9782,59,39
9783,59,40
9784,59,41
9785,59,42
9786,59,43
9787,59,44
9788,59,45
9789,59,46
9790,59,47
9791,59,48
9792,59,49
9793,59,50
9794,59,51
9795,59,52
9796,59,53
9797,59,54
9798,59,55
9799,59,56
9800,59,57
9801,59,58
9802,59,59
9803,59,60
9804,59,61
9805,59,62
9806,59,63
9807,59,64
9808,59,65
9809,59,66
9810,59,67
9811,59,68
9812,59,69
9813,59,70
9814,59,71
9815,59,72
9816,59,73
9817,59,74
9818,59,75
9819,59,76
9820,59,77
9821,59,78
9822,59,79
9823,59,80
9824,59,81
9825,59,82
9826,59,83
9827,59,84
9828,59,85
9829,59,86
9830,59,87
9831,59,88
9832,59,89
9833,59,90
9834,59,91
9835,59,92
9836,59,93
9837,59,94
9838,59,95
9839,59,96
9840,59,97
9841,59,98
9842,59,99
9843,59,100
9844,59,101
9845,59,102
9846,59,103
9847,59,104
9848,59,105
9849,59,106
9850,59,107
9851,59,108
9852,59,109
9853,59,110
9854,59,111
9855,59,112
9856,59,113
9857,59,114
9858,59,115
9859,59,116
9860,59,117
9861,59,118
9862,59,119
9863,59,120
9864,59,121
9865,59,122
9866,59,123
9867,59,124
9868,59,125
9869,59,126
9870,59,127
9871,59,128
9872,59,129
9873,59,130
9874,59,131
9875,59,132
9876,59,133
9877,59,134
9878,59,135
9879,59,136
9880,59,137
9881,59,138
9882,59,139
9883,59,140
9884,59,141
9885,59,142
9886,59,143
9887,59,144
9888,59,145
9889,59,146
9890,59,147
9891,59,148
9892,59,149
9893,59,150
9894,59,151
9895,59,152
9896,59,153
9897,59,154
9898,59,155
9899,59,156
9900,59,157
9901,59,158
9902,59,159
9903,59,160
9904,59,161
9905,59,162
9906,59,163
9907,59,164
9908,59,165
9909,59,166
9910,59,167
9911,59,168
9912,59,169
9913,59,170
9914,59,171
9915,59,172
9916,59,173
9917,59,174
9918,59,175
9919,59,176
9920,59,177
9921,59,178
9922,59,179
9923,59,180
9924,59,181
9925,59,182
9926,59,183
9927,59,184
9928,59,185
9929,59,186
9930,59,187
9931,59,188
9932,59,189
9933,59,190
9934,59,191
9935,59,192
9936,59,193
9937,59,194
9938,59,195
9939,59,196
9940,59,197
9941,59,198
9942,59,199
9943,59,200
9944,59,201
9945,59,202
9946,59,203
9947,59,204
9948,59,205
9949,59,206
9950,59,207
9951,59,208
9952,59,209
9953,59,210
9954,59,211
9955,59,212
9956,59,213
9957,59,214
9958,59,215
9959,59,216
9960,59,217
9961,59,218
9962,59,219
9963,59,220
9964,59,221
9965,59,222
9966,59,223
9967,59,224
9968,59,225
9969,59,226
9970,59,227
9971,59,228
9972,59,229
9973,59,230
9974,59,231
9975,59,232
9976,59,233
9977,59,234
9978,59,235
9979,59,236
9980,59,237
9981,59,238
9982,59,239
9983,59,240
9984,60,15
9985,60,16
9986,60,17
9987,60,18
9988,60,19
9989,60,20
9990,60,21
9991,60,22
9992,60,23
9993,60,24
9994,60,25
9995,60,26
9996,60,27
9997,60,28
9998,60,29
9999,60,30
10000,60,31
10001,60,32
10002,60,33
10003,60,34
10004,60,35
10005,60,36
10006,60,37
10007,60,38
10008,60,39
10009,60,40
10010,60,41
10011,60,42
10012,60,43
10013,60,44
10014,60,45
10015,60,46
10016,60,47
10017,60,48
10018,60,49
10019,60,50
10020,60,51
10021,60,52
10022,60,53
10023,60,54
10024,60,55
10025,60,56
10026,60,57
10027,60,58
10028,60,59
10029,60,60
10030,60,61
10031,60,62
10032,60,63
10033,60,64
10034,60,65
10035,60,66
10036,60,67
10037,60,68
10038,60,69
10039,60,70
10040,60,71
10041,60,72
10042,60,73
10043,60,74
10044,60,75
10045,60,76
10046,60,77
10047,60,78
10048,60,79
10049,60,80
10050,60,81
10051,60,82
10052,60,83
10053,60,84
10054,60,85
10055,60,86
10056,60,87
10057,60,88
10058,60,89
10059,60,90
10060,60,91
10061,60,92
10062,60,93
10063,60,94
10064,60,95
10065,60,96
10066,60,97
10067,60,98
10068,60,99
10069,60,100
10070,60,101
10071,60,102
10072,60,103
10073,60,104
10074,60,105
10075,60,106
10076,60,107
10077,60,108
10078,60,109
10079,60,110
10080,60,111
10081,60,112
10082,60,113
10083,60,114
10084,60,115
10085,60,116
10086,60,117
10087,60,118
10088,60,119
10089,60,120
10090,60,121
10091,60,122
10092,60,123
10093,60,124
10094,60,125
10095,60,126
10096,60,127
10097,60,128
10098,60,129
10099,60,130
10100,60,131
10101,60,132
10102,60,133
10103,60,134
10104,60,135
10105,60,136
10106,60,137
10107,60,138
10108,60,139
10109,60,140
10110,60,141
10111,60,142
10112,60,143
10113,60,144
10114,60,145
10115,60,146
10116,60,147
10117,60,148
10118,60,149
10119,60,150
10120,60,151
10121,60,152
10122,60,153
10123,60,154
10124,60,155
10125,60,156
10126,60,157
10127,60,158
10128,60,159
10129,60,160
10130,60,161
10131,60,162
10132,60,163
10133,60,164
10134,60,165
10135,60,166
10136,60,167
10137,60,168
10138,60,169
10139,60,170
10140,60,171
10141,60,172
10142,60,173
10143,60,174
10144,60,175
10145,60,176
10146,60,177
10147,60,178
10148,60,179
10149,60,180
10150,60,181
10151,60,182
10152,60,183
10153,60,184
10154,60,185
10155,60,186
10156,60,187
10157,60,188
10158,60,189
10159,60,190
10160,60,191
10161,60,192
10162,60,193
10163,60,194
10164,60,195
10165,60,196
10166,60,197
10167,60,198
10168,60,199
10169,60,200
10170,60,201
10171,60,202
10172,60,203
10173,60,204
10174,60,205
10175,60,206
10176,60,207
10177,60,208
10178,60,209
10179,60,210
10180,60,211
10181,60,212
10182,60,213
10183,60,214
10184,60,215
10185,60,216
10186,60,217
10187,60,218
10188,60,219
10189,60,220
10190,60,221
10191,60,222
10192,60,223
10193,60,224
10194,60,225
10195,60,226
10196,60,227
10197,60,228
10198,60,229
10199,60,230
10200,60,231
10201,60,232
10202,60,233
10203,60,234
10204,60,235
10205,60,236
10206,60,237
10207,60,238
10208,60,239
10209,60,240
10210,60,241
10211,61,15
10212,61,16
10213,61,17
10214,61,18
10215,61,19
10216,61,20
10217,61,21
10218,61,22
10219,61,23
10220,61,24
10221,61,25
10222,61,26
10223,61,27
10224,61,28
10225,61,29
10226,61,30
10227,61,31
10228,61,32
10229,61,33
10230,61,34
10231,61,35
10232,61,36
10233,61,37
10234,61,38
10235,61,39
10236,61,40
10237,61,41
10238,61,42
10239,61,43
10240,61,44
10241,61,45
10242,61,46
10243,61,47
10244,61,48
10245,61,49
10246,61,50
10247,61,51
10248,61,52
10249,61,53
10250,61,54
10251,61,55
10252,61,56
10253,61,57
10254,61,58
10255,61,59
10256,61,60
10257,61,61
10258,61,62
10259,61,63
10260,61,64
10261,61,65
10262,61,66
10263,61,67
10264,61,68
10265,61,69
10266,61,70
10267,61,71
10268,61,72
10269,61,73
10270,61,74
10271,61,75
10272,61,76
10273,61,77
10274,61,78
10275,61,79
10276,61,80
10277,61,81
10278,61,82
10279,61,83
10280,61,84
10281,61,85
10282,61,86
10283,61,87
10284,61,88
10285,61,89
10286,61,90
10287,61,91
10288,61,92
10289,61,93
10290,61,94
10291,61,95
10292,61,96
10293,61,97
10294,61,98
10295,61,99
10296,61,100
10297,61,101
10298,61,102
10299,61,103
10300,61,104
10301,61,105
10302,61,106
10303,61,107
10304,61,108
10305,61,109
10306,61,110
10307,61,111
10308,61,112
10309,61,113
10310,61,114
10311,61,115
10312,61,116
10313,61,117
10314,61,118
10315,61,119
10316,61,120
10317,61,121
10318,61,122
10319,61,123
10320,61,124
10321,61,125
10322,61,126
10323,61,127
10324,61,128
10325,61,129
10326,61,130
10327,61,131
10328,61,132
10329,61,133
10330,61,134
10331,61,135
10332,61,136
10333,61,137
10334,61,138
10335,61,139
10336,61,140
10337,61,141
10338,61,142
10339,61,143
10340,61,144
10341,61,145
10342,61,146
10343,61,147
10344,61,148
10345,61,149
10346,61,150
10347,61,151
10348,61,152
10349,61,153
10350,61,154
10351,61,155
10352,61,156
10353,61,157
10354,61,158
10355,61,159
10356,61,160
10357,61,161
10358,61,162
10359,61,163
10360,61,164
10361,61,165
10362,61,166
10363,61,167
10364,61,168
10365,61,169
10366,61,170
10367,61,171
10368,61,172
10369,61,173
10370,61,174
10371,61,175
10372,61,176
10373,61,177
10374,61,178
10375,61,179
10376,61,180
10377,61,181
10378,61,182
10379,61,183
10380,61,184
10381,61,185
10382,61,186
10383,61,187
10384,61,188
10385,61,189
10386,61,190
10387,61,191
10388,61,192
10389,61,193
10390,61,194
10391,61,195
10392,61,196
10393,61,197
10394,61,198
10395,61,199
10396,61,200
10397,61,201
10398,61,202
10399,61,203
10400,61,204
10401,61,205
10402,61,206
10403,61,207
10404,61,208
10405,61,209
10406,61,210
10407,61,211
10408,61,212
10409,61,213
10410,61,214
10411,61,215
10412,61,216
10413,61,217
10414,61,218
10415,61,219
10416,61,220
10417,61,221
10418,61,222
10419,61,223
10420,61,224
10421,61,225
10422,61,226
10423,61,227
10424,61,228
10425,61,229
10426,61,230
10427,61,231
10428,61,232
10429,61,233
10430,61,234
10431,61,235
10432,61,236
10433,61,237
10434,61,238
10435,61,239
10436,61,240
10437,61,241
10438,62,14
10439,62,15
10440,62,16
10441,62,17
10442,62,18
10443,62,19
10444,62,20
10445,62,21
10446,62,22
10447,62,23
10448,62,24
10449,62,25
10450,62,26
10451,62,27
10452,62,28
10453,62,29
10454,62,30
10455,62,31
10456,62,32
10457,62,33
10458,62,34
10459,62,35
10460,62,36
10461,62,37
10462,62,38
10463,62,39
10464,62,40
10465,62,41
10466,62,42
10467,62,43
10468,62,44
10469,62,45
10470,62,46
10471,62,47
10472,62,48
10473,62,49
10474,62,50
10475,62,51
10476,62,52
10477,62,53
10478,62,54
10479,62,55
10480,62,56
10481,62,57
10482,62,58
10483,62,59
10484,62,60
10485,62,61
10486,62,62
10487,62,63
10488,62,64
10489,62,65
10490,62,66
10491,62,67
10492,62,68
10493,62,69
10494,62,70
10495,62,71
10496,62,72
10497,62,73
10498,62,74
10499,62,75
10500,62,76
10501,62,77
10502,62,78
10503,62,79
10504,62,80
10505,62,81
10506,62,82
10507,62,83
10508,62,84
10509,62,85
10510,62,86
10511,62,87
10512,62,88
10513,62,89
10514,62,90
10515,62,91
10516,62,92
10517,62,93
10518,62,94
10519,62,95
10520,62,96
10521,62,97
10522,62,98
10523,62,99
10524,62,100
10525,62,101
10526,62,102
10527,62,103
10528,62,104
10529,62,105
10530,62,106
10531,62,107
10532,62,108
10533,62,109
10534,62,110
10535,62,111
10536,62,112
10537,62,113
10538,62,114
10539,62,115
10540,62,116
10541,62,117
10542,62,118
10543,62,119
10544,62,120
10545,62,121
10546,62,122
10547,62,123
10548,62,124
10549,62,125
10550,62,126
10551,62,127
10552,62,128
10553,62,129
10554,62,130
10555,62,131
10556,62,132
10557,62,133
10558,62,134
10559,62,135
10560,62,136
10561,62,137
10562,62,138
10563,62,139
10564,62,140
10565,62,141
10566,62,142
10567,62,143
10568,62,144
10569,62,145
10570,62,146
10571,62,147
10572,62,148
10573,62,149
10574,62,150
10575,62,151
10576,62,152
10577,62,153
10578,62,154
10579,62,155
10580,62,156
10581,62,157
10582,62,158
10583,62,159
10584,62,160
10585,62,161
10586,62,162
10587,62,163
10588,62,164
10589,62,165
10590,62,166
10591,62,167
10592,62,168
10593,62,169
10594,62,170
10595,62,171
10596,62,172
10597,62,173
10598,62,174
10599,62,175
10600,62,176
10601,62,177
10602,62,178
10603,62,179
10604,62,180
10605,62,181
10606,62,182
10607,62,183
10608,62,184
10609,62,185
10610,62,186
10611,62,187
10612,62,188
10613,62,189
10614,62,190
10615,62,191
10616,62,192
10617,62,193
10618,62,194
10619,62,195
10620,62,196
10621,62,197
10622,62,198
10623,62,199
10624,62,200
10625,62,201
10626,62,202
10627,62,203
10628,62,204
10629,62,205
10630,62,206
10631,62,207
10632,62,208
10633,62,209
10634,62,210
10635,62,211
10636,62,212
10637,62,213
10638,62,214
10639,62,215
10640,62,216
10641,62,217
10642,62,218
10643,62,219
10644,62,220
10645,62,221
10646,62,222
10647,62,223
10648,62,224
10649,62,225
10650,62,226
10651,62,227
10652,62,228
10653,62,229
10654,62,230
10655,62,231
10656,62,232
10657,62,233
10658,62,234
10659,62,235
10660,62,236
10661,62,237
10662,62,238
10663,62,239
10664,62,240
10665,62,241
10666,62,242
10667,63,14
10668,63,15
10669,63,16
10670,63,17
10671,63,18
10672,63,19
10673,63,20
10674,63,21
10675,63,22
10676,63,23
10677,63,24
10678,63,25
10679,63,26
10680,63,27
10681,63,28
10682,63,29
10683,63,30
10684,63,31
10685,63,32
10686,63,33
10687,63,34
10688,63,35
10689,63,36
10690,63,37
10691,63,38
10692,63,39
10693,63,40
10694,63,41
10695,63,42
10696,63,43
10697,63,44
10698,63,45
10699,63,46
10700,63,47
10701,63,48
10702,63,49
10703,63,50
10704,63,51
10705,63,52
10706,63,53
10707,63,54
10708,63,55
10709,63,56
10710,63,57
10711,63,58
10712,63,59
10713,63,60
10714,63,61
10715,63,62
10716,63,63
10717,63,64
10718,63,65
10719,63,66
10720,63,67
10721,63,68
10722,63,69
10723,63,70
10724,63,71
10725,63,72
10726,63,73
10727,63,74
10728,63,75
10729,63,76
10730,63,77
10731,63,78
10732,63,79
10733,63,80
10734,63,81
10735,63,82
10736,63,83
10737,63,84
10738,63,85
10739,63,86
10740,63,87
10741,63,88
10742,63,89
10743,63,90
10744,63,91
10745,63,92
10746,63,93
10747,63,94
10748,63,95
10749,63,96
10750,63,97
10751,63,98
10752,63,99
10753,63,100
10754,63,101
10755,63,102
10756,63,103
10757,63,104
10758,63,105
10759,63,106
10760,63,107
10761,63,108
10762,63,109
10763,63,110
10764,63,111
10765,63,112
10766,63,113
10767,63,114
10768,63,115
10769,63,116
10770,63,117
10771,63,118
10772,63,119
10773,63,120
10774,63,121
10775,63,122
10776,63,123
10777,63,124
10778,63,125
10779,63,126
10780,63,127
10781,63,128
10782,63,129
10783,63,130
10784,63,131
10785,63,132
10786,63,133
10787,63,134
10788,63,135
10789,63,136
10790,63,137
10791,63,138
10792,63,139
10793,63,140
10794,63,141
10795,63,142
10796,63,143
10797,63,144
10798,63,145
10799,63,146
10800,63,147
10801,63,148
10802,63,149
10803,63,150
10804,63,151
10805,63,152
10806,63,153
10807,63,154
10808,63,155
10809,63,156
10810,63,157
10811,63,158
10812,63,159
10813,63,160
10814,63,161
10815,63,162
10816,63,163
10817,63,164
10818,63,165
10819,63,166
10820,63,167
10821,63,168
10822,63,169
10823,63,170
10824,63,171
10825,63,172
10826,63,173
10827,63,174
10828,63,175
10829,63,176
10830,63,177
10831,63,178
10832,63,179
10833,63,180
10834,63,181
10835,63,182
10836,63,183
10837,63,184
10838,63,185
10839,63,186
10840,63,187
10841,63,188
10842,63,189
10843,63,190
10844,63,191
10845,63,192
10846,63,193
10847,63,194
10848,63,195
10849,63,196
10850,63,197
10851,63,198
10852,63,199
10853,63,200
10854,63,201
10855,63,202
10856,63,203
10857,63,204
10858,63,205
10859,63,206
10860,63,207
10861,63,208
10862,63,209
10863,63,210
10864,63,211
10865,63,212
10866,63,213
10867,63,214
10868,63,215
10869,63,216
10870,63,217
10871,63,218
10872,63,219
10873,63,220
10874,63,221
10875,63,222
10876,63,223
10877,63,224
10878,63,225
10879,63,226
10880,63,227
10881,63,228
10882,63,229
10883,63,230
10884,63,231
10885,63,232
10886,63,233
10887,63,234
10888,63,235
10889,63,236
10890,63,237
10891,63,238
10892,63,239
10893,63,240
10894,63,241
10895,63,242
10896,64,13
10897,64,14
10898,64,15
10899,64,16
10900,64,17
10901,64,18
10902,64,19
10903,64,20
10904,64,21
10905,64,22
10906,64,23
10907,64,24
10908,64,25
10909,64,26
10910,64,27
10911,64,28
10912,64,29
10913,64,30
10914,64,31
10915,64,32
10916,64,33
10917,64,34
10918,64,35
10919,64,36
10920,64,37
10921,64,38
10922,64,39
10923,64,40
10924,64,41
10925,64,42
10926,64,43
10927,64,44
10928,64,45
10929,64,46
10930,64,47
10931,64,48
10932,64,49
10933,64,50
10934,64,51
10935,64,52
10936,64,53
10937,64,54
10938,64,55
10939,64,56
10940,64,57
10941,64,58
10942,64,59
10943,64,60
10944,64,61
10945,64,62
10946,64,63
10947,64,64
10948,64,65
10949,64,66
10950,64,67
10951,64,68
10952,64,69
10953,64,70
10954,64,71
10955,64,72
10956,64,73
10957,64,74
10958,64,75
10959,64,76
10960,64,77
10961,64,78
10962,64,79
10963,64,80
10964,64,81
10965,64,82
10966,64,83
10967,64,84
10968,64,85
10969,64,86
10970,64,87
10971,64,88
10972,64,89
10973,64,90
10974,64,91
10975,64,92
10976,64,93
10977,64,94
10978,64,95
10979,64,96
10980,64,97
10981,64,98
10982,64,99
10983,64,100
10984,64,101
10985,64,102
10986,64,103
10987,64,104
10988,64,105
10989,64,106
10990,64,107
10991,64,108
10992,64,109
10993,64,110
10994,64,111
10995,64,112
10996,64,113
10997,64,114
10998,64,115
10999,64,116
11000,64,117
11001,64,118
11002,64,119
11003,64,120
11004,64,121
11005,64,122
11006,64,123
11007,64,124
11008,64,125
11009,64,126
11010,64,127
11011,64,128
11012,64,129
11013,64,130
11014,64,131
11015,64,132
11016,64,133
11017,64,134
11018,64,135
11019,64,136
11020,64,137
11021,64,138
11022,64,139
11023,64,140
11024,64,141
11025,64,142
11026,64,143
11027,64,144
11028,64,145
11029,64,146
11030,64,147
11031,64,148
11032,64,149
11033,64,150
11034,64,151
11035,64,152
11036,64,153
11037,64,154
11038,64,155
11039,64,156
11040,64,157
11041,64,158
11042,64,159
11043,64,160
11044,64,161
11045,64,162
11046,64,163
11047,64,164
11048,64,165
11049,64,166
11050,64,167
11051,64,168
11052,64,169
11053,64,170
11054,64,171
11055,64,172
11056,64,173
11057,64,174
11058,64,175
11059,64,176
11060,64,177
11061,64,178
11062,64,179
11063,64,180
11064,64,181
11065,64,182
11066,64,183
11067,64,184
11068,64,185
11069,64,186
11070,64,187
11071,64,188
11072,64,189
11073,64,190
11074,64,191
11075,64,192
11076,64,193
11077,64,194
11078,64,195
11079,64,196
11080,64,197
11081,64,198
11082,64,199
11083,64,200
11084,64,201
11085,64,202
11086,64,203
11087,64,204
11088,64,205
11089,64,206
11090,64,207
11091,64,208
11092,64,209
11093,64,210
11094,64,211
11095,64,212
11096,64,213
11097,64,214
11098,64,215
11099,64,216
11100,64,217
11101,64,218
11102,64,219
11103,64,220
11104,64,221
11105,64,222
11106,64,223
11107,64,224
11108,64,225
11109,64,226
11110,64,227
11111,64,228
11112,64,229
11113,64,230
11114,64,231
11115,64,232
11116,64,233
11117,64,234
11118,64,235
11119,64,236
11120,64,237
11121,64,238
11122,64,239
11123,64,240
11124,64,241
11125,64,242
11126,64,243
11127,65,13
11128,65,14
11129,65,15
11130,65,16
11131,65,17
11132,65,18
11133,65,19
11134,65,20
11135,65,21
11136,65,22
11137,65,23
11138,65,24
11139,65,25
11140,65,26
11141,65,27
11142,65,28
11143,65,29
11144,65,30
11145,65,31
11146,65,32
11147,65,33
11148,65,34
11149,65,35
11150,65,36
11151,65,37
11152,65,38
11153,65,39
11154,65,40
11155,65,41
11156,65,42
11157,65,43
11158,65,44
11159,65,45
11160,65,46
11161,65,47
11162,65,48
11163,65,49
11164,65,50
11165,65,51
11166,65,52
11167,65,53
11168,65,54
11169,65,55
11170,65,56
11171,65,57
11172,65,58
11173,65,59
11174,65,60
11175,65,61
11176,65,62
11177,65,63
11178,65,64
11179,65,65
11180,65,66
11181,65,67
11182,65,68
11183,65,69
11184,65,70
11185,65,71
11186,65,72
11187,65,73
11188,65,74
11189,65,75
11190,65,76
11191,65,77
11192,65,78
11193,65,79
11194,65,80
11195,65,81
11196,65,82
11197,65,83
11198,65,84
11199,65,85
11200,65,86
11201,65,87
11202,65,88
11203,65,89
11204,65,90
11205,65,91
11206,65,92
11207,65,93
11208,65,94
11209,65,95
11210,65,96
11211,65,97
11212,65,98
11213,65,99
11214,65,100
11215,65,101
11216,65,102
11217,65,103
11218,65,104
11219,65,105
11220,65,106
11221,65,107
11222,65,108
11223,65,109
11224,65,110
11225,65,111
11226,65,112
11227,65,113
11228,65,114
11229,65,115
11230,65,116
11231,65,117
11232,65,118
11233,65,119
11234,65,120
11235,65,121
11236,65,122
11237,65,123
11238,65,124
11239,65,125
11240,65,126
11241,65,127
11242,65,128
11243,65,129
11244,65,130
11245,65,131
11246,65,132
11247,65,133
11248,65,134
11249,65,135
11250,65,136
11251,65,137
11252,65,138
11253,65,139
11254,65,140
11255,65,141
11256,65,142
11257,65,143
11258,65,144
11259,65,145
11260,65,146
11261,65,147
11262,65,148
11263,65,149
11264,65,150
11265,65,151
11266,65,152
11267,65,153
11268,65,154
11269,65,155
11270,65,156
11271,65,157
11272,65,158
11273,65,159
11274,65,160
11275,65,161
11276,65,162
11277,65,163
11278,65,164
11279,65,165
11280,65,166
11281,65,167
11282,65,168
11283,65,169
11284,65,170
11285,65,171
11286,65,172
11287,65,173
11288,65,174
11289,65,175
11290,65,176
11291,65,177
11292,65,178
11293,65,179
11294,65,180
11295,65,181
11296,65,182
11297,65,183
11298,65,184
11299,65,185
11300,65,186
11301,65,187
11302,65,188
11303,65,189
11304,65,190
11305,65,191
11306,65,192
11307,65,193
11308,65,194
11309,65,195
11310,65,196
11311,65,197
11312,65,198
11313,65,199
11314,65,200
11315,65,201
11316,65,202
11317,65,203
11318,65,204
11319,65,205
11320,65,206
11321,65,207
11322,65,208
11323,65,209
11324,65,210
11325,65,211
11326,65,212
11327,65,213
11328,65,214
11329,65,215
11330,65,216
11331,65,217
11332,65,218
11333,65,219
11334,65,220
11335,65,221
11336,65,222
11337,65,223
11338,65,224
11339,65,225
11340,65,226
11341,65,227
11342,65,228
11343,65,229
11344,65,230
11345,65,231
11346,65,232
11347,65,233
11348,65,234
11349,65,235
11350,65,236
11351,65,237
11352,65,238
11353,65,239
11354,65,240
11355,65,241
11356,65,242
11357,65,243
11358,66,12
11359,66,13
11360,66,14
11361,66,15
11362,66,16
11363,66,17
11364,66,18
11365,66,19
11366,66,20
11367,66,21
11368,66,22
11369,66,23
11370,66,24
11371,66,25
11372,66,26
11373,66,27
11374,66,28
11375,66,29
11376,66,30
11377,66,31
11378,66,32
11379,66,33
11380,66,34
11381,66,35
11382,66,36
11383,66,37
11384,66,38
11385,66,39
11386,66,40
11387,66,41
11388,66,42
11389,66,43
11390,66,44
11391,66,45
11392,66,46
11393,66,47
11394,66,48
11395,66,49
11396,66,50
11397,66,51
11398,66,52
11399,66,53
11400,66,54
11401,66,55
11402,66,56
11403,66,57
11404,66,58
11405,66,59
11406,66,60
11407,66,61
11408,66,62
11409,66,63
11410,66,64
11411,66,65
11412,66,66
11413,66,67
11414,66,68
11415,66,69
11416,66,70
11417,66,71
11418,66,72
11419,66,73
11420,66,74
11421,66,75
11422,66,76
11423,66,77
11424,66,78
11425,66,79
11426,66,80
11427,66,81
11428,66,82
11429,66,83
11430,66,84
11431,66,85
11432,66,86
11433,66,87
11434,66,88
11435,66,89
11436,66,90
11437,66,91
11438,66,92
11439,66,93
11440,66,94
11441,66,95
11442,66,96
11443,66,97
11444,66,98
11445,66,99
11446,66,100
11447,66,101
11448,66,102
11449,66,103
11450,66,104
11451,66,105
11452,66,106
11453,66,107
11454,66,108
11455,66,109
11456,66,110
11457,66,111
11458,66,112
11459,66,113
11460,66,114
11461,66,115
11462,66,116
11463,66,117
11464,66,118
11465,66,119
11466,66,120
11467,66,121
11468,66,122
11469,66,123
11470,66,124
11471,66,125
11472,66,126
11473,66,127
11474,66,128
11475,66,129
11476,66,130
11477,66,131
11478,66,132
11479,66,133
11480,66,134
11481,66,135
11482,66,136
11483,66,137
11484,66,138
11485,66,139
11486,66,140
11487,66,141
11488,66,142
11489,66,143
11490,66,144
11491,66,145
11492,66,146
11493,66,147
11494,66,148
11495,66,149
11496,66,150
11497,66,151
11498,66,152
11499,66,153
11500,66,154
11501,66,155
11502,66,156
11503,66,157
11504,66,158
11505,66,159
11506,66,160
11507,66,161
11508,66,162
11509,66,163
11510,66,164
11511,66,165
11512,66,166
11513,66,167
11514,66,168
11515,66,169
11516,66,170
11517,66,171
11518,66,172
11519,66,173
11520,66,174
11521,66,175
11522,66,176
11523,66,177
11524,66,178
11525,66,179
11526,66,180
11527,66,181
11528,66,182
11529,66,183
11530,66,184
11531,66,185
11532,66,186
11533,66,187
11534,66,188
11535,66,189
11536,66,190
11537,66,191
11538,66,192
11539,66,193
11540,66,194
11541,66,195
11542,66,196
11543,66,197
11544,66,198
11545,66,199
11546,66,200
11547,66,201
11548,66,202
11549,66,203
11550,66,204
11551,66,205
11552,66,206
11553,66,207
11554,66,208
11555,66,209
11556,66,210
11557,66,211
11558,66,212
11559,66,213
11560,66,214
11561,66,215
11562,66,216
11563,66,217
11564,66,218
11565,66,219
11566,66,220
11567,66,221
11568,66,222
11569,66,223
11570,66,224
11571,66,225
11572,66,226
11573,66,227
11574,66,228
11575,66,229
11576,66,230
11577,66,231
11578,66,232
11579,66,233
11580,66,234
11581,66,235
11582,66,236
11583,66,237
11584,66,238
11585,66,239
11586,66,240
11587,66,241
11588,66,242
11589,66,243
11590,66,244
11591,67,11
11592,67,12
11593,67,13
11594,67,14
11595,67,15
11596,67,16
11597,67,17
11598,67,18
11599,67,19
11600,67,20
11601,67,21
11602,67,22
11603,67,23
11604,67,24
11605,67,25
11606,67,26
11607,67,27
11608,67,28
11609,67,29
11610,67,30
11611,67,31
11612,67,32
11613,67,33
11614,67,34
11615,67,35
11616,67,36
11617,67,37
11618,67,38
11619,67,39
11620,67,40
11621,67,41
11622,67,42
11623,67,43
11624,67,44
11625,67,45
11626,67,46
11627,67,47
11628,67,48
11629,67,49
11630,67,50
11631,67,51
11632,67,52
11633,67,53
11634,67,54
11635,67,55
11636,67,56
11637,67,57
11638,67,58
11639,67,59
11640,67,60
11641,67,61
11642,67,62
11643,67,63
11644,67,64
11645,67,65
11646,67,66
11647,67,67
11648,67,68
11649,67,69
11650,67,70
11651,67,71
11652,67,72
11653,67,73
11654,67,74
11655,67,75
11656,67,76
11657,67,77
11658,67,78
11659,67,79
11660,67,80
11661,67,81
11662,67,82
11663,67,83
11664,67,84
11665,67,85
11666,67,86
11667,67,87
11668,67,88
11669,67,89
11670,67,90
11671,67,91
11672,67,92
11673,67,93
11674,67,94
11675,67,95
11676,67,96
11677,67,97
11678,67,98
11679,67,99
11680,67,100
11681,67,101
11682,67,102
11683,67,103
11684,67,104
11685,67,105
11686,67,106
11687,67,107
11688,67,108
11689,67,109
11690,67,110
11691,67,111
11692,67,112
11693,67,113
11694,67,114
11695,67,115
11696,67,116
11697,67,117
11698,67,118
11699,67,119
11700,67,120
11701,67,121
11702,67,122
11703,67,123
11704,67,124
11705,67,125
11706,67,126
11707,67,127
11708,67,128
11709,67,129
11710,67,130
11711,67,131
11712,67,132
11713,67,133
11714,67,134
11715,67,135
11716,67,136
11717,67,137
11718,67,138
11719,67,139
11720,67,140
11721,67,141
11722,67,142
11723,67,143
11724,67,144
11725,67,145
11726,67,146
11727,67,147
11728,67,148
11729,67,149
11730,67,150
11731,67,151
11732,67,152
11733,67,153
11734,67,154
11735,67,155
11736,67,156
11737,67,157
11738,67,158
11739,67,159
11740,67,160
11741,67,161
11742,67,162
11743,67,163
11744,67,164
11745,67,165
11746,67,166
11747,67,167
11748,67,168
11749,67,169
11750,67,170
11751,67,171
11752,67,172
11753,67,173
11754,67,174
11755,67,175
11756,67,176
11757,67,177
11758,67,178
11759,67,179
11760,67,180
11761,67,181
11762,67,182
11763,67,183
11764,67,184
11765,67,185
11766,67,186
11767,67,187
11768,67,188
11769,67,189
11770,67,190
11771,67,191
11772,67,192
11773,67,193
11774,67,194
11775,67,195
11776,67,196
11777,67,197
11778,67,198
11779,67,199
11780,67,200
11781,67,201
11782,67,202
11783,67,203
11784,67,204
11785,67,205
11786,67,206
11787,67,207
11788,67,208
11789,67,209
11790,67,210
11791,67,211
11792,67,212
11793,67,213
11794,67,214
11795,67,215
11796,67,216
11797,67,217
11798,67,218
11799,67,219
11800,67,220
11801,67,221
11802,67,222
11803,67,223
11804,67,224
11805,67,225
11806,67,226
11807,67,227
11808,67,228
11809,67,229
11810,67,230
11811,67,231
11812,67,232
11813,67,233
11814,67,234
11815,67,235
11816,67,236
11817,67,237
11818,67,238
11819,67,239
11820,67,240
11821,67,241
11822,67,242
11823,67,243
11824,67,244
11825,67,245
11826,68,11
11827,68,12
11828,68,13
11829,68,14
11830,68,15
11831,68,16
11832,68,17
11833,68,18
11834,68,19
11835,68,20
11836,68,21
11837,68,22
11838,68,23
11839,68,24
11840,68,25
11841,68,26
11842,68,27
11843,68,28
11844,68,29
11845,68,30
11846,68,31
11847,68,32
11848,68,33
11849,68,34
11850,68,35
11851,68,36
11852,68,37
11853,68,38
11854,68,39
11855,68,40
11856,68,41
11857,68,42
11858,68,43
11859,68,44
11860,68,45
11861,68,46
11862,68,47
11863,68,48
11864,68,49
11865,68,50
11866,68,51
11867,68,52
11868,68,53
11869,68,54
11870,68,55
11871,68,56
11872,68,57
11873,68,58
11874,68,59
11875,68,60
11876,68,61
11877,68,62
11878,68,63
11879,68,64
11880,68,65
11881,68,66
11882,68,67
11883,68,68
11884,68,69
11885,68,70
11886,68,71
11887,68,72
11888,68,73
11889,68,74
11890,68,75
11891,68,76
11892,68,77
11893,68,78
11894,68,79
11895,68,80
11896,68,81
11897,68,82
11898,68,83
11899,68,84
11900,68,85
11901,68,86
11902,68,87
11903,68,88
11904,68,89
11905,68,90
11906,68,91
11907,68,92
11908,68,93
11909,68,94
11910,68,95
11911,68,96
11912,68,97
11913,68,98
11914,68,99
11915,68,100
11916,68,101
11917,68,102
11918,68,103
11919,68,104
11920,68,105
11921,68,106
11922,68,107
11923,68,108
11924,68,109
11925,68,110
11926,68,111
11927,68,112
11928,68,113
11929,68,114
11930,68,115
11931,68,116
11932,68,117
11933,68,118
11934,68,119
11935,68,120
11936,68,121
11937,68,122
11938,68,123
11939,68,124
11940,68,125
11941,68,126
11942,68,127
11943,68,128
11944,68,129
11945,68,130
11946,68,131
11947,68,132
11948,68,133
11949,68,134
11950,68,135
11951,68,136
11952,68,137
11953,68,138
11954,68,139
11955,68,140
11956,68,141
11957,68,142
11958,68,143
11959,68,144
11960,68,145
11961,68,146
11962,68,147
11963,68,148
11964,68,149
11965,68,150
11966,68,151
11967,68,152
11968,68,153
11969,68,154
11970,68,155
11971,68,156
11972,68,157
11973,68,158
11974,68,159
11975,68,160
11976,68,161
11977,68,162
11978,68,163
11979,68,164
11980,68,165
11981,68,166
11982,68,167
11983,68,168
11984,68,169
11985,68,170
11986,68,171
11987,68,172
11988,68,173
11989,68,174
11990,68,175
11991,68,176
11992,68,177
11993,68,178
11994,68,179
11995,68,180
11996,68,181
11997,68,182
11998,68,183
11999,68,184
12000,68,185
12001,68,186
12002,68,187
12003,68,188
12004,68,189
12005,68,190
12006,68,191
12007,68,192
12008,68,193
12009,68,194
12010,68,195
12011,68,196
12012,68,197
12013,68,198
12014,68,199
12015,68,200
12016,68,201
12017,68,202
12018,68,203
12019,68,204
12020,68,205
12021,68,206
12022,68,207
12023,68,208
12024,68,209
12025,68,210
12026,68,211
12027,68,212
12028,68,213
12029,68,214
12030,68,215
12031,68,216
12032,68,217
12033,68,218
12034,68,219
12035,68,220
12036,68,221
12037,68,222
12038,68,223
12039,68,224
12040,68,225
12041,68,226
12042,68,227
12043,68,228
12044,68,229
12045,68,230
12046,68,231
12047,68,232
12048,68,233
12049,68,234
12050,68,235
12051,68,236
12052,68,237
12053,68,238
12054,68,239
12055,68,240
12056,68,241
12057,68,242
12058,68,243
12059,68,244
12060,68,245
12061,69,10
12062,69,11
12063,69,12
12064,69,13
12065,69,14
12066,69,15
12067,69,16
12068,69,17
12069,69,18
12070,69,19
12071,69,20
12072,69,21
12073,69,22
12074,69,23
12075,69,24
12076,69,25
12077,69,26
12078,69,27
12079,69,28
12080,69,29
12081,69,30
12082,69,31
12083,69,32
12084,69,33
12085,69,34
12086,69,35
12087,69,36
12088,69,37
12089,69,38
12090,69,39
12091,69,40
12092,69,41
12093,69,42
12094,69,43
12095,69,44
12096,69,45
12097,69,46
12098,69,47
12099,69,48
12100,69,49
12101,69,50
12102,69,51
12103,69,52
12104,69,53
12105,69,54
12106,69,55
12107,69,56
12108,69,57
12109,69,58
12110,69,59
12111,69,60
12112,69,61
12113,69,62
12114,69,63
12115,69,64
12116,69,65
12117,69,66
12118,69,67
12119,69,68
12120,69,69
12121,69,70
12122,69,71
12123,69,72
12124,69,73
12125,69,74
12126,69,75
12127,69,76
12128,69,77
12129,69,78
12130,69,79
12131,69,80
12132,69,81
12133,69,82
12134,69,83
12135,69,84
12136,69,85
12137,69,86
12138,69,87
12139,69,88
12140,69,89
12141,69,90
12142,69,91
12143,69,92
12144,69,93
12145,69,94
12146,69,95
12147,69,96
12148,69,97
12149,69,98
12150,69,99
12151,69,100
12152,69,101
12153,69,102
12154,69,103
12155,69,104
12156,69,105
12157,69,106
12158,69,107
12159,69,108
12160,69,109
12161,69,110
12162,69,111
12163,69,112
12164,69,113
12165,69,114
12166,69,115
12167,69,116
12168,69,117
12169,69,118
12170,69,119
12171,69,120
12172,69,121
12173,69,122
12174,69,123
12175,69,124
12176,69,125
12177,69,126
12178,69,127
12179,69,128
12180,69,129
12181,69,130
12182,69,131
12183,69,132
12184,69,133
12185,69,134
12186,69,135
12187,69,136
12188,69,137
12189,69,138
12190,69,139
12191,69,140
12192,69,141
12193,69,142
12194,69,143
12195,69,144
12196,69,145
12197,69,146
12198,69,147
12199,69,148
12200,69,149
12201,69,150
12202,69,151
12203,69,152
12204,69,153
12205,69,154
12206,69,155
12207,69,156
12208,69,157
12209,69,158
12210,69,159
12211,69,160
12212,69,161
12213,69,162
12214,69,163
12215,69,164
12216,69,165
12217,69,166
12218,69,167
12219,69,168
12220,69,169
12221,69,170
12222,69,171
12223,69,172
12224,69,173
12225,69,174
12226,69,175
12227,69,176
12228,69,177
12229,69,178
12230,69,179
12231,69,180
12232,69,181
12233,69,182
12234,69,183
12235,69,184
12236,69,185
12237,69,186
12238,69,187
12239,69,188
12240,69,189
12241,69,190
12242,69,191
12243,69,192
12244,69,193
12245,69,194
12246,69,195
12247,69,196
12248,69,197
12249,69,198
12250,69,199
12251,69,200
12252,69,201
12253,69,202
12254,69,203
12255,69,204
12256,69,205
12257,69,206
12258,69,207
12259,69,208
12260,69,209
12261,69,210
12262,69,211
12263,69,212
12264,69,213
12265,69,214
12266,69,215
12267,69,216
12268,69,217
12269,69,218
12270,69,219
12271,69,220
12272,69,221
12273,69,222
12274,69,223
12275,69,224
12276,69,225
12277,69,226
12278,69,227
12279,69,228
12280,69,229
12281,69,230
12282,69,231
12283,69,232
12284,69,233
12285,69,234
12286,69,235
12287,69,236
12288,69,237
12289,69,238
12290,69,239
12291,69,240
12292,69,241
12293,69,242
12294,69,243
12295,69,244
12296,69,245
12297,69,246
12298,70,10
12299,70,11
12300,70,12
12301,70,13
12302,70,14
12303,70,15
12304,70,16
12305,70,17
12306,70,18
12307,70,19
12308,70,20
12309,70,21
12310,70,22
12311,70,23
12312,70,24
12313,70,25
12314,70,26
12315,70,27
12316,70,28
12317,70,29
12318,70,30
12319,70,31
12320,70,32
12321,70,33
12322,70,34
12323,70,35
12324,70,36
12325,70,37
12326,70,38
12327,70,39
12328,70,40
12329,70,41
12330,70,42
12331,70,43
12332,70,44
12333,70,45
12334,70,46
12335,70,47
12336,70,48
12337,70,49
12338,70,50
12339,70,51
12340,70,52
12341,70,53
12342,70,54
12343,70,55
12344,70,56
12345,70,57
12346,70,58
12347,70,59
12348,70,60
12349,70,61
12350,70,62
12351,70,63
12352,70,64
12353,70,65
12354,70,66
12355,70,67
12356,70,68
12357,70,69
12358,70,70
12359,70,71
12360,70,72
12361,70,73
12362,70,74
12363,70,75
12364,70,76
12365,70,77
12366,70,78
12367,70,79
12368,70,80
12369,70,81
12370,70,82
12371,70,83
12372,70,84
12373,70,85
12374,70,86
12375,70,87
12376,70,88
12377,70,89
12378,70,90
12379,70,91
12380,70,92
12381,70,93
12382,70,94
12383,70,95
12384,70,96
12385,70,97
12386,70,98
12387,70,99
12388,70,100
12389,70,101
12390,70,102
12391,70,103
12392,70,104
12393,70,105
12394,70,106
12395,70,107
12396,70,108
12397,70,109
12398,70,110
12399,70,111
12400,70,112
12401,70,113
12402,70,114
12403,70,115
12404,70,116
12405,70,117
12406,70,118
12407,70,119
12408,70,120
12409,70,121
12410,70,122
12411,70,123
12412,70,124
12413,70,125
12414,70,126
12415,70,127
12416,70,128
12417,70,129
12418,70,130
12419,70,131
12420,70,132
12421,70,133
12422,70,134
12423,70,135
12424,70,136
12425,70,137
12426,70,138
12427,70,139
12428,70,140
12429,70,141
12430,70,142
12431,70,143
12432,70,144
12433,70,145
12434,70,146
12435,70,147
12436,70,148
12437,70,149
12438,70,150
12439,70,151
12440,70,152
12441,70,153
12442,70,154
12443,70,155
12444,70,156
12445,70,157
12446,70,158
12447,70,159
12448,70,160
12449,70,161
12450,70,162
12451,70,163
12452,70,164
12453,70,165
12454,70,166
12455,70,167
12456,70,168
12457,70,169
12458,70,170
12459,70,171
12460,70,172
12461,70,173
12462,70,174
12463,70,175
12464,70,176
12465,70,177
12466,70,178
12467,70,179
12468,70,180
12469,70,181
12470,70,182
12471,70,183
12472,70,184
12473,70,185
12474,70,186
12475,70,187
12476,70,188
12477,70,189
12478,70,190
12479,70,191
12480,70,192
12481,70,193
12482,70,194
12483,70,195
12484,70,196
12485,70,197
12486,70,198
12487,70,199
12488,70,200
12489,70,201
12490,70,202
12491,70,203
12492,70,204
12493,70,205
12494,70,206
12495,70,207
12496,70,208
12497,70,209
12498,70,210
12499,70,211
12500,70,212
12501,70,213
12502,70,214
12503,70,215
12504,70,216
12505,70,217
12506,70,218
12507,70,219
12508,70,220
12509,70,221
12510,70,222
12511,70,223
12512,70,224
12513,70,225
12514,70,226
12515,70,227
12516,70,228
12517,70,229
12518,70,230
12519,70,231
12520,70,232
12521,70,233
12522,70,234
12523,70,235
12524,70,236
12525,70,237
12526,70,238
12527,70,239
12528,70,240
12529,70,241
12530,70,242
12531,70,243
12532,70,244
12533,70,245
12534,70,246
12535,71,9
12536,71,10
12537,71,11
12538,71,12
12539,71,13
12540,71,14
12541,71,15
12542,71,16
12543,71,17
12544,71,18
12545,71,19
12546,71,20
12547,71,21
12548,71,22
12549,71,23
12550,71,24
12551,71,25
12552,71,26
12553,71,27
12554,71,28
12555,71,29
12556,71,30
12557,71,31
12558,71,32
12559,71,33
12560,71,34
12561,71,35
12562,71,36
12563,71,37
12564,71,38
12565,71,39
12566,71,40
12567,71,41
12568,71,42
12569,71,43
12570,71,44
12571,71,45
12572,71,46
12573,71,47
12574,71,48
12575,71,49
12576,71,50
12577,71,51
12578,71,52
12579,71,53
12580,71,54
12581,71,55
12582,71,56
12583,71,57
12584,71,58
12585,71,59
12586,71,60
12587,71,61
12588,71,62
12589,71,63
12590,71,64
12591,71,65
12592,71,66
12593,71,67
12594,71,68
12595,71,69
12596,71,70
12597,71,71
12598,71,72
12599,71,73
12600,71,74
12601,71,75
12602,71,76
12603,71,77
12604,71,78
12605,71,79
12606,71,80
12607,71,81
12608,71,82
12609,71,83
12610,71,84
12611,71,85
12612,71,86
12613,71,87
12614,71,88
12615,71,89
12616,71,90
12617,71,91
12618,71,92
12619,71,93
12620,71,94
12621,71,95
12622,71,96
12623,71,97
12624,71,98
12625,71,99
12626,71,100
12627,71,101
12628,71,102
12629,71,103
12630,71,104
12631,71,105
12632,71,106
12633,71,107
12634,71,108
12635,71,109
12636,71,110
12637,71,111
12638,71,112
12639,71,113
12640,71,114
12641,71,115
12642,71,116
12643,71,117
12644,71,118
12645,71,119
12646,71,120
12647,71,121
12648,71,122
12649,71,123
12650,71,124
12651,71,125
12652,71,126
12653,71,127
12654,71,128
12655,71,129
12656,71,130
12657,71,131
12658,71,132
12659,71,133
12660,71,134
12661,71,135
12662,71,136
12663,71,137
12664,71,138
12665,71,139
12666,71,140
12667,71,141
12668,71,142
12669,71,143
12670,71,144
12671,71,145
12672,71,146
12673,71,147
12674,71,148
12675,71,149
12676,71,150
12677,71,151
12678,71,152
12679,71,153
12680,71,154
12681,71,155
12682,71,156
12683,71,157
12684,71,158
12685,71,159
12686,71,160
12687,71,161
12688,71,162
12689,71,163
12690,71,164
12691,71,165
12692,71,166
12693,71,167
12694,71,168
12695,71,169
12696,71,170
12697,71,171
12698,71,172
12699,71,173
12700,71,174
12701,71,175
12702,71,176
12703,71,177
12704,71,178
12705,71,179
12706,71,180
12707,71,181
12708,71,182
12709,71,183
12710,71,184
12711,71,185
12712,71,186
12713,71,187
12714,71,188
12715,71,189
12716,71,190
12717,71,191
12718,71,192
12719,71,193
12720,71,194
12721,71,195
12722,71,196
12723,71,197
12724,71,198
12725,71,199
12726,71,200
12727,71,201
12728,71,202
12729,71,203
12730,71,204
12731,71,205
12732,71,206
12733,71,207
12734,71,208
12735,71,209
12736,71,210
12737,71,211
12738,71,212
12739,71,213
12740,71,214
12741,71,215
12742,71,216
12743,71,217
12744,71,218
12745,71,219
12746,71,220
12747,71,221
12748,71,222
12749,71,223
12750,71,224
12751,71,225
12752,71,226
12753,71,227
12754,71,228
12755,71,229
12756,71,230
12757,71,231
12758,71,232
12759,71,233
12760,71,234
12761,71,235
12762,71,236
12763,71,237
12764,71,238
12765,71,239
12766,71,240
12767,71,241
12768,71,242
12769,71,243
12770,71,244
12771,71,245
12772,71,246
12773,71,247
12774,72,9
12775,72,10
12776,72,11
12777,72,12
12778,72,13
12779,72,14
12780,72,15
12781,72,16
12782,72,17
12783,72,18
12784,72,19
12785,72,20
12786,72,21
12787,72,22
12788,72,23
12789,72,24
12790,72,25
12791,72,26
12792,72,27
12793,72,28
12794,72,29
12795,72,30
12796,72,31
12797,72,32
12798,72,33
12799,72,34
12800,72,35
12801,72,36
12802,72,37
12803,72,38
12804,72,39
12805,72,40
12806,72,41
12807,72,42
12808,72,43
12809,72,44
12810,72,45
12811,72,46
12812,72,47
12813,72,48
12814,72,49
12815,72,50
12816,72,51
12817,72,52
12818,72,53
12819,72,54
12820,72,55
12821,72,56
12822,72,57
12823,72,58
12824,72,59
12825,72,60
12826,72,61
12827,72,62
12828,72,63
12829,72,64
12830,72,65
12831,72,66
12832,72,67
12833,72,68
12834,72,69
12835,72,70
12836,72,71
12837,72,72
12838,72,73
12839,72,74
12840,72,75
12841,72,76
12842,72,77
12843,72,78
12844,72,79
12845,72,80
12846,72,81
12847,72,82
12848,72,83
12849,72,84
12850,72,85
12851,72,86
12852,72,87
12853,72,88
12854,72,89
12855,72,90
12856,72,91
12857,72,92
12858,72,93
12859,72,94
12860,72,95
12861,72,96
12862,72,97
12863,72,98
12864,72,99
12865,72,100
12866,72,101
12867,72,102
12868,72,103
12869,72,104
12870,72,105
12871,72,106
12872,72,107
12873,72,108
12874,72,109
12875,72,110
12876,72,111
12877,72,112
12878,72,113
12879,72,114
12880,72,115
12881,72,116
12882,72,117
12883,72,118
12884,72,119
12885,72,120
12886,72,121
12887,72,122
12888,72,123
12889,72,124
12890,72,125
12891,72,126
12892,72,127
12893,72,128
12894,72,129
12895,72,130
12896,72,131
12897,72,132
12898,72,133
12899,72,134
12900,72,135
12901,72,136
12902,72,137
12903,72,138
12904,72,139
12905,72,140
12906,72,141
12907,72,142
12908,72,143
12909,72,144
12910,72,145
12911,72,146
12912,72,147
12913,72,148
12914,72,149
12915,72,150
12916,72,151
12917,72,152
12918,72,153
12919,72,154
12920,72,155
12921,72,156
12922,72,157
12923,72,158
12924,72,159
12925,72,160
12926,72,161
12927,72,162
12928,72,163
12929,72,164
12930,72,165
12931,72,166
12932,72,167
12933,72,168
12934,72,169
12935,72,170
12936,72,171
12937,72,172
12938,72,173
12939,72,174
12940,72,175
12941,72,176
12942,72,177
12943,72,178
12944,72,179
12945,72,180
12946,72,181
12947,72,182
12948,72,183
12949,72,184
12950,72,185
12951,72,186
12952,72,187
12953,72,188
12954,72,189
12955,72,190
12956,72,191
12957,72,192
12958,72,193
12959,72,194
12960,72,195
12961,72,196
12962,72,197
12963,72,198
12964,72,199
12965,72,200
12966,72,201
12967,72,202
12968,72,203
12969,72,204
12970,72,205
12971,72,206
12972,72,207
12973,72,208
12974,72,209
12975,72,210
12976,72,211
12977,72,212
12978,72,213
12979,72,214
12980,72,215
12981,72,216
12982,72,217
12983,72,218
12984,72,219
12985,72,220
12986,72,221
12987,72,222
12988,72,223
12989,72,224
12990,72,225
12991,72,226
12992,72,227
12993,72,228
12994,72,229
12995,72,230
12996,72,231
12997,72,232
12998,72,233
12999,72,234
13000,72,235
13001,72,236
13002,72,237
13003,72,238
13004,72,239
13005,72,240
13006,72,241
13007,72,242
13008,72,243
13009,72,244
13010,72,245
13011,72,246
13012,72,247
13013,73,9
13014,73,10
13015,73,11
13016,73,12
13017,73,13
13018,73,14
13019,73,15
13020,73,16
13021,73,17
13022,73,18
13023,73,19
13024,73,20
13025,73,21
13026,73,22
13027,73,23
13028,73,24
13029,73,25
13030,73,26
13031,73,27
13032,73,28
13033,73,29
13034,73,30
13035,73,31
13036,73,32
13037,73,33
13038,73,34
13039,73,35
13040,73,36
13041,73,37
13042,73,38
13043,73,39
13044,73,40
13045,73,41
13046,73,42
13047,73,43
13048,73,44
13049,73,45
13050,73,46
13051,73,47
13052,73,48
13053,73,49
13054,73,50
13055,73,51
13056,73,52
13057,73,53
13058,73,54
13059,73,55
13060,73,56
13061,73,57
13062,73,58
13063,73,59
13064,73,60
13065,73,61
13066,73,62
13067,73,63
13068,73,64
13069,73,65
13070,73,66
13071,73,67
13072,73,68
13073,73,69
13074,73,70
13075,73,71
13076,73,72
13077,73,73
13078,73,74
13079,73,75
13080,73,76
13081,73,77
13082,73,78
13083,73,79
13084,73,80
13085,73,81
13086,73,82
13087,73,83
13088,73,84
13089,73,85
13090,73,86
13091,73,87
13092,73,88
13093,73,89
13094,73,90
13095,73,91
13096,73,92
13097,73,93
13098,73,94
13099,73,95
13100,73,96
13101,73,97
13102,73,98
13103,73,99
13104,73,100
13105,73,101
13106,73,102
13107,73,103
13108,73,104
13109,73,105
13110,73,106
13111,73,107
13112,73,108
13113,73,109
13114,73,110
13115,73,111
13116,73,112
13117,73,113
13118,73,114
13119,73,115
13120,73,116
13121,73,117
13122,73,118
13123,73,119
13124,73,120
13125,73,121
13126,73,122
13127,73,123
13128,73,124
13129,73,125
13130,73,126
13131,73,127
13132,73,128
13133,73,129
13134,73,130
13135,73,131
13136,73,132
13137,73,133
13138,73,134
13139,73,135
13140,73,136
13141,73,137
13142,73,138
13143,73,139
13144,73,140
13145,73,141
13146,73,142
13147,73,143
13148,73,144
13149,73,145
13150,73,146
13151,73,147
13152,73,148
13153,73,149
13154,73,150
13155,73,151
13156,73,152
13157,73,153
13158,73,154
13159,73,155
13160,73,156
13161,73,157
13162,73,158
13163,73,159
13164,73,160
13165,73,161
13166,73,162
13167,73,163
13168,73,164
13169,73,165
13170,73,166
13171,73,167
13172,73,168
13173,73,169
13174,73,170
13175,73,171
13176,73,172
13177,73,173
13178,73,174
13179,73,175
13180,73,176
13181,73,177
13182,73,178
13183,73,179
13184,73,180
13185,73,181
13186,73,182
13187,73,183
13188,73,184
13189,73,185
13190,73,186
13191,73,187
13192,73,188
13193,73,189
13194,73,190
13195,73,191
13196,73,192
13197,73,193
13198,73,194
13199,73,195
13200,73,196
13201,73,197
13202,73,198
13203,73,199
13204,73,200
13205,73,201
13206,73,202
13207,73,203
13208,73,204
13209,73,205
13210,73,206
13211,73,207
13212,73,208
13213,73,209
13214,73,210
13215,73,211
13216,73,212
13217,73,213
13218,73,214
13219,73,215
13220,73,216
13221,73,217
13222,73,218
13223,73,219
13224,73,220
13225,73,221
13226,73,222
13227,73,223
13228,73,224
13229,73,225
13230,73,226
13231,73,227
13232,73,228
13233,73,229
13234,73,230
13235,73,231
13236,73,232
13237,73,233
13238,73,234
13239,73,235
13240,73,236
13241,73,237
13242,73,238
13243,73,239
13244,73,240
13245,73,241
13246,73,242
13247,73,243
13248,73,244
13249,73,245
13250,73,246
13251,73,247
13252,74,8
13253,74,9
13254,74,10
13255,74,11
13256,74,12
13257,74,13
13258,74,14
13259,74,15
13260,74,16
13261,74,17
13262,74,18
13263,74,19
13264,74,20
13265,74,21
13266,74,22
13267,74,23
13268,74,24
13269,74,25
13270,74,26
13271,74,27
13272,74,28
13273,74,29
13274,74,30
13275,74,31
13276,74,32
13277,74,33
13278,74,34
13279,74,35
13280,74,36
13281,74,37
13282,74,38
13283,74,39
13284,74,40
13285,74,41
13286,74,42
13287,74,43
13288,74,44
13289,74,45
13290,74,46
13291,74,47
13292,74,48
13293,74,49
13294,74,50
13295,74,51
13296,74,52
13297,74,53
13298,74,54
13299,74,55
13300,74,56
13301,74,57
13302,74,58
13303,74,59
13304,74,60
13305,74,61
13306,74,62
13307,74,63
13308,74,64
13309,74,65
13310,74,66
13311,74,67
13312,74,68
13313,74,69
13314,74,70
13315,74,71
13316,74,72
13317,74,73
13318,74,74
13319,74,75
13320,74,76
13321,74,77
13322,74,78
13323,74,79
13324,74,80
13325,74,81
13326,74,82
13327,74,83
13328,74,84
13329,74,85
13330,74,86
13331,74,87
13332,74,88
13333,74,89
13334,74,90
13335,74,91
13336,74,92
13337,74,93
13338,74,94
13339,74,95
13340,74,96
13341,74,97
13342,74,98
13343,74,99
13344,74,100
13345,74,101
13346,74,102
13347,74,103
13348,74,104
13349,74,105
13350,74,106
13351,74,107
13352,74,108
13353,74,109
13354,74,110
13355,74,111
13356,74,112
13357,74,113
13358,74,114
13359,74,115
13360,74,116
13361,74,117
13362,74,118
13363,74,119
13364,74,120
13365,74,121
13366,74,122
13367,74,123
13368,74,124
13369,74,125
13370,74,126
13371,74,127
13372,74,128
13373,74,129
13374,74,130
13375,74,131
13376,74,132
13377,74,133
13378,74,134
13379,74,135
13380,74,136
13381,74,137
13382,74,138
13383,74,139
13384,74,140
13385,74,141
13386,74,142
13387,74,143
13388,74,144
13389,74,145
13390,74,146
13391,74,147
13392,74,148
13393,74,149
13394,74,150
13395,74,151
13396,74,152
13397,74,153
13398,74,154
13399,74,155
13400,74,156
13401,74,157
13402,74,158
13403,74,159
13404,74,160
13405,74,161
13406,74,162
13407,74,163
13408,74,164
13409,74,165
13410,74,166
13411,74,167
13412,74,168
13413,74,169
13414,74,170
13415,74,171
13416,74,172
13417,74,173
13418,74,174
13419,74,175
13420,74,176
13421,74,177
13422,74,178
13423,74,179
13424,74,180
13425,74,181
13426,74,182
13427,74,183
13428,74,184
13429,74,185
13430,74,186
13431,74,187
13432,74,188
13433,74,189
13434,74,190
13435,74,191
13436,74,192
13437,74,193
13438,74,194
13439,74,195
13440,74,196
13441,74,197
13442,74,198
13443,74,199
13444,74,200
13445,74,201
13446,74,202
13447,74,203
13448,74,204
13449,74,205
13450,74,206
13451,74,207
13452,74,208
13453,74,209
13454,74,210
13455,74,211
13456,74,212
13457,74,213
13458,74,214
13459,74,215
13460,74,216
13461,74,217
13462,74,218
13463,74,219
13464,74,220
13465,74,221
13466,74,222
13467,74,223
13468,74,224
13469,74,225
13470,74,226
13471,74,227
13472,74,228
13473,74,229
13474,74,230
13475,74,231
13476,74,232
13477,74,233
13478,74,234
13479,74,235
13480,74,236
13481,74,237
13482,74,238
13483,74,239
13484,74,240
13485,74,241
13486,74,242
13487,74,243
13488,74,244
13489,74,245
13490,74,246
13491,74,247
13492,74,248
13493,75,8
13494,75,9
13495,75,10
13496,75,11
13497,75,12
13498,75,13
13499,75,14
13500,75,15
13501,75,16
13502,75,17
13503,75,18
13504,75,19
13505,75,20
13506,75,21
13507,75,22
13508,75,23
13509,75,24
13510,75,25
13511,75,26
13512,75,27
13513,75,28
13514,75,29
13515,75,30
13516,75,31
13517,75,32
13518,75,33
13519,75,34
13520,75,35
13521,75,36
13522,75,37
13523,75,38
13524,75,39
13525,75,40
13526,75,41
13527,75,42
13528,75,43
13529,75,44
13530,75,45
13531,75,46
13532,75,47
13533,75,48
13534,75,49
13535,75,50
13536,75,51
13537,75,52
13538,75,53
13539,75,54
13540,75,55
13541,75,56
13542,75,57
13543,75,58
13544,75,59
13545,75,60
13546,75,61
13547,75,62
13548,75,63
13549,75,64
13550,75,65
13551,75,66
13552,75,67
13553,75,68
13554,75,69
13555,75,70
13556,75,71
13557,75,72
13558,75,73
13559,75,74
13560,75,75
13561,75,76
13562,75,77
13563,75,78
13564,75,79
13565,75,80
13566,75,81
13567,75,82
13568,75,83
13569,75,84
13570,75,85
13571,75,86
13572,75,87
13573,75,88
13574,75,89
13575,75,90
13576,75,91
13577,75,92
13578,75,93
13579,75,94
13580,75,95
13581,75,96
13582,75,97
13583,75,98
13584,75,99
13585,75,100
13586,75,101
13587,75,102
13588,75,103
13589,75,104
13590,75,105
13591,75,106
13592,75,107
13593,75,108
13594,75,109
13595,75,110
13596,75,111
13597,75,112
13598,75,113
13599,75,114
13600,75,115
13601,75,116
13602,75,117
13603,75,118
13604,75,119
13605,75,120
13606,75,121
13607,75,122
13608,75,123
13609,75,124
13610,75,125
13611,75,126
13612,75,127
13613,75,128
13614,75,129
13615,75,130
13616,75,131
13617,75,132
13618,75,133
13619,75,134
13620,75,135
13621,75,136
13622,75,137
13623,75,138
13624,75,139
13625,75,140
13626,75,141
13627,75,142
13628,75,143
13629,75,144
13630,75,145
13631,75,146
13632,75,147
13633,75,148
13634,75,149
13635,75,150
13636,75,151
13637,75,152
13638,75,153
13639,75,154
13640,75,155
13641,75,156
13642,75,157
13643,75,158
13644,75,159
13645,75,160
13646,75,161
13647,75,162
13648,75,163
13649,75,164
13650,75,165
13651,75,166
13652,75,167
13653,75,168
13654,75,169
13655,75,170
13656,75,171
13657,75,172
13658,75,173
13659,75,174
13660,75,175
13661,75,176
13662,75,177
13663,75,178
13664,75,179
13665,75,180
13666,75,181
13667,75,182
13668,75,183
13669,75,184
13670,75,185
13671,75,186
13672,75,187
13673,75,188
13674,75,189
13675,75,190
13676,75,191
13677,75,192
13678,75,193
13679,75,194
13680,75,195
13681,75,196
13682,75,197
13683,75,198
13684,75,199
13685,75,200
13686,75,201
13687,75,202
13688,75,203
13689,75,204
13690,75,205
13691,75,206
13692,75,207
13693,75,208
13694,75,209
13695,75,210
13696,75,211
13697,75,212
13698,75,213
13699,75,214
13700,75,215
13701,75,216
13702,75,217
13703,75,218
13704,75,219
13705,75,220
13706,75,221
13707,75,222
13708,75,223
13709,75,224
13710,75,225
13711,75,226
13712,75,227
13713,75,228
13714,75,229
13715,75,230
13716,75,231
13717,75,232
13718,75,233
13719,75,234
13720,75,235
13721,75,236
13722,75,237
13723,75,238
13724,75,239
13725,75,240
13726,75,241
13727,75,242
13728,75,243
13729,75,244
13730,75,245
13731,75,246
13732,75,247
13733,75,248
13734,76,7
13735,76,8
13736,76,9
13737,76,10
13738,76,11
13739,76,12
13740,76,13
13741,76,14
13742,76,15
13743,76,16
13744,76,17
13745,76,18
13746,76,19
13747,76,20
13748,76,21
13749,76,22
13750,76,23
13751,76,24
13752,76,25
13753,76,26
13754,76,27
13755,76,28
13756,76,29
13757,76,30
13758,76,31
13759,76,32
13760,76,33
13761,76,34
13762,76,35
13763,76,36
13764,76,37
13765,76,38
13766,76,39
13767,76,40
13768,76,41
13769,76,42
13770,76,43
13771,76,44
13772,76,45
13773,76,46
13774,76,47
13775,76,48
13776,76,49
13777,76,50
13778,76,51
13779,76,52
13780,76,53
13781,76,54
13782,76,55
13783,76,56
13784,76,57
13785,76,58
13786,76,59
13787,76,60
13788,76,61
13789,76,62
13790,76,63
13791,76,64
13792,76,65
13793,76,66
13794,76,67
13795,76,68
13796,76,69
13797,76,70
13798,76,71
13799,76,72
13800,76,73
13801,76,74
13802,76,75
13803,76,76
13804,76,77
13805,76,78
13806,76,79
13807,76,80
13808,76,81
13809,76,82
13810,76,83
13811,76,84
13812,76,85
13813,76,86
13814,76,87
13815,76,88
13816,76,89
13817,76,90
13818,76,91
13819,76,92
13820,76,93
13821,76,94
13822,76,95
13823,76,96
13824,76,97
13825,76,98
13826,76,99
13827,76,100
13828,76,101
13829,76,102
13830,76,103
13831,76,104
13832,76,105
13833,76,106
13834,76,107
13835,76,108
13836,76,109
13837,76,110
13838,76,111
13839,76,112
13840,76,113
13841,76,114
13842,76,115
13843,76,116
13844,76,117
13845,76,118
13846,76,119
13847,76,120
13848,76,121
13849,76,122
13850,76,123
13851,76,124
13852,76,125
13853,76,126
13854,76,127
13855,76,128
13856,76,129
13857,76,130
13858,76,131
13859,76,132
13860,76,133
13861,76,134
13862,76,135
13863,76,136
13864,76,137
13865,76,138
13866,76,139
13867,76,140
13868,76,141
13869,76,142
13870,76,143
13871,76,144
13872,76,145
13873,76,146
13874,76,147
13875,76,148
13876,76,149
13877,76,150
13878,76,151
13879,76,152
13880,76,153
13881,76,154
13882,76,155
13883,76,156
13884,76,157
13885,76,158
13886,76,159
13887,76,160
13888,76,161
13889,76,162
13890,76,163
13891,76,164
13892,76,165
13893,76,166
13894,76,167
13895,76,168
13896,76,169
13897,76,170
13898,76,171
13899,76,172
13900,76,173
13901,76,174
13902,76,175
13903,76,176
13904,76,177
13905,76,178
13906,76,179
13907,76,180
13908,76,181
13909,76,182
13910,76,183
13911,76,184
13912,76,185
13913,76,186
13914,76,187
13915,76,188
13916,76,189
13917,76,190
13918,76,191
13919,76,192
13920,76,193
13921,76,194
13922,76,195
13923,76,196
13924,76,197
13925,76,198
13926,76,199
13927,76,200
13928,76,201
13929,76,202
13930,76,203
13931,76,204
13932,76,205
13933,76,206
13934,76,207
13935,76,208
13936,76,209
13937,76,210
13938,76,211
13939,76,212
13940,76,213
13941,76,214
13942,76,215
13943,76,216
13944,76,217
13945,76,218
13946,76,219
13947,76,220
13948,76,221
13949,76,222
13950,76,223
13951,76,224
13952,76,225
13953,76,226
13954,76,227
13955,76,228
13956,76,229
13957,76,230
13958,76,231
13959,76,232
13960,76,233
13961,76,234
13962,76,235
13963,76,236
13964,76,237
13965,76,238
13966,76,239
13967,76,240
13968,76,241
13969,76,242
13970,76,243
13971,76,244
13972,76,245
13973,76,246
13974,76,247
13975,76,248
13976,76,249
13977,77,7
13978,77,8
13979,77,9
13980,77,10
13981,77,11
13982,77,12
13983,77,13
13984,77,14
13985,77,15
13986,77,16
13987,77,17
13988,77,18
13989,77,19
13990,77,20
13991,77,21
13992,77,22
13993,77,23
13994,77,24
13995,77,25
13996,77,26
13997,77,27
13998,77,28
13999,77,29
14000,77,30
14001,77,31
14002,77,32
14003,77,33
14004,77,34
14005,77,35
14006,77,36
14007,77,37
14008,77,38
14009,77,39
14010,77,40
14011,77,41
14012,77,42
14013,77,43
14014,77,44
14015,77,45
14016,77,46
14017,77,47
14018,77,48
14019,77,49
14020,77,50
14021,77,51
14022,77,52
14023,77,53
14024,77,54
14025,77,55
14026,77,56
14027,77,57
14028,77,58
14029,77,59
14030,77,60
14031,77,61
14032,77,62
14033,77,63
14034,77,64
14035,77,65
14036,77,66
14037,77,67
14038,77,68
14039,77,69
14040,77,70
14041,77,71
14042,77,72
14043,77,73
14044,77,74
14045,77,75
14046,77,76
14047,77,77
14048,77,78
14049,77,79
14050,77,80
14051,77,81
14052,77,82
14053,77,83
14054,77,84
14055,77,85
14056,77,86
14057,77,87
14058,77,88
14059,77,89
14060,77,90
14061,77,91
14062,77,92
14063,77,93
14064,77,94
14065,77,95
14066,77,96
14067,77,97
14068,77,98
14069,77,99
14070,77,100
14071,77,101
14072,77,102
14073,77,103
14074,77,104
14075,77,105
14076,77,106
14077,77,107
14078,77,108
14079,77,109
14080,77,110
14081,77,111
14082,77,112
14083,77,113
14084,77,114
14085,77,115
14086,77,116
14087,77,117
14088,77,118
14089,77,119
14090,77,120
14091,77,121
14092,77,122
14093,77,123
14094,77,124
14095,77,125
14096,77,126
14097,77,127
14098,77,128
14099,77,129
14100,77,130
14101,77,131
14102,77,132
14103,77,133
14104,77,134
14105,77,135
14106,77,136
14107,77,137
14108,77,138
14109,77,139
14110,77,140
14111,77,141
14112,77,142
14113,77,143
14114,77,144
14115,77,145
14116,77,146
14117,77,147
14118,77,148
14119,77,149
14120,77,150
14121,77,151
14122,77,152
14123,77,153
14124,77,154
14125,77,155
14126,77,156
14127,77,157
14128,77,158
14129,77,159
14130,77,160
14131,77,161
14132,77,162
14133,77,163
14134,77,164
14135,77,165
14136,77,166
14137,77,167
14138,77,168
14139,77,169
14140,77,170
14141,77,171
14142,77,172
14143,77,173
14144,77,174
14145,77,175
14146,77,176
14147,77,177
14148,77,178
14149,77,179
14150,77,180
14151,77,181
14152,77,182
14153,77,183
14154,77,184
14155,77,185
14156,77,186
14157,77,187
14158,77,188
14159,77,189
14160,77,190
14161,77,191
14162,77,192
14163,77,193
14164,77,194
14165,77,195
14166,77,196
14167,77,197
14168,77,198
14169,77,199
14170,77,200
14171,77,201
14172,77,202
14173,77,203
14174,77,204
14175,77,205
14176,77,206
14177,77,207
14178,77,208
14179,77,209
14180,77,210
14181,77,211
14182,77,212
14183,77,213
14184,77,214
14185,77,215
14186,77,216
14187,77,217
14188,77,218
14189,77,219
14190,77,220
14191,77,221
14192,77,222
14193,77,223
14194,77,224
14195,77,225
14196,77,226
14197,77,227
14198,77,228
14199,77,229
14200,77,230
14201,77,231
14202,77,232
14203,77,233
14204,77,234
14205,77,235
14206,77,236
14207,77,237
14208,77,238
14209,77,239
14210,77,240
14211,77,241
14212,77,242
14213,77,243
14214,77,244
14215,77,245
14216,77,246
14217,77,247
14218,77,248
14219,77,249
14220,78,6
14221,78,7
14222,78,8
14223,78,9
14224,78,10
14225,78,11
14226,78,12
14227,78,13
14228,78,14
14229,78,15
14230,78,16
14231,78,17
14232,78,18
14233,78,19
14234,78,20
14235,78,21
14236,78,22
14237,78,23
14238,78,24
14239,78,25
14240,78,26
14241,78,27
14242,78,28
14243,78,29
14244,78,30
14245,78,31
14246,78,32
14247,78,33
14248,78,34
14249,78,35
14250,78,36
14251,78,37
14252,78,38
14253,78,39
14254,78,40
14255,78,41
14256,78,42
14257,78,43
14258,78,44
14259,78,45
14260,78,46
14261,78,47
14262,78,48
14263,78,49
14264,78,50
14265,78,51
14266,78,52
14267,78,53
14268,78,54
14269,78,55
14270,78,56
14271,78,57
14272,78,58
14273,78,59
14274,78,60
14275,78,61
14276,78,62
14277,78,63
14278,78,64
14279,78,65
14280,78,66
14281,78,67
14282,78,68
14283,78,69
14284,78,70
14285,78,71
14286,78,72
14287,78,73
14288,78,74
14289,78,75
14290,78,76
14291,78,77
14292,78,78
14293,78,79
14294,78,80
14295,78,81
14296,78,82
14297,78,83
14298,78,84
14299,78,85
14300,78,86
14301,78,87
14302,78,88
14303,78,89
14304,78,90
14305,78,91
14306,78,92
14307,78,93
14308,78,94
14309,78,95
14310,78,96
14311,78,97
14312,78,98
14313,78,99
14314,78,100
14315,78,101
14316,78,102
14317,78,103
14318,78,104
14319,78,105
14320,78,106
14321,78,107
14322,78,108
14323,78,109
14324,78,110
14325,78,111
14326,78,112
14327,78,113
14328,78,114
14329,78,115
14330,78,116
14331,78,117
14332,78,118
14333,78,119
14334,78,120
14335,78,121
14336,78,122
14337,78,123
14338,78,124
14339,78,125
14340,78,126
14341,78,127
14342,78,128
14343,78,129
14344,78,130
14345,78,131
14346,78,132
14347,78,133
14348,78,134
14349,78,135
14350,78,136
14351,78,137
14352,78,138
14353,78,139
14354,78,140
14355,78,141
14356,78,142
14357,78,143
14358,78,144
14359,78,145
14360,78,146
14361,78,147
14362,78,148
14363,78,149
14364,78,150
14365,78,151
14366,78,152
14367,78,153
14368,78,154
14369,78,155
14370,78,156
14371,78,157
14372,78,158
14373,78,159
14374,78,160
14375,78,161
14376,78,162
14377,78,163
14378,78,164
14379,78,165
14380,78,166
14381,78,167
14382,78,168
14383,78,169
14384,78,170
14385,78,171
14386,78,172
14387,78,173
14388,78,174
14389,78,175
14390,78,176
14391,78,177
14392,78,178
14393,78,179
14394,78,180
14395,78,181
14396,78,182
14397,78,183
14398,78,184
14399,78,185
14400,78,186
14401,78,187
14402,78,188
14403,78,189
14404,78,190
14405,78,191
14406,78,192
14407,78,193
14408,78,194
14409,78,195
14410,78,196
14411,78,197
14412,78,198
14413,78,199
14414,78,200
14415,78,201
14416,78,202
14417,78,203
14418,78,204
14419,78,205
14420,78,206
14421,78,207
14422,78,208
14423,78,209
14424,78,210
14425,78,211
14426,78,212
14427,78,213
14428,78,214
14429,78,215
14430,78,216
14431,78,217
14432,78,218
14433,78,219
14434,78,220
14435,78,221
14436,78,222
14437,78,223
14438,78,224
14439,78,225
14440,78,226
14441,78,227
14442,78,228
14443,78,229
14444,78,230
14445,78,231
14446,78,232
14447,78,233
14448,78,234
14449,78,235
14450,78,236
14451,78,237
14452,78,238
14453,78,239
14454,78,240
14455,78,241
14456,78,242
14457,78,243
14458,78,244
14459,78,245
14460,78,246
14461,78,247
14462,78,248
14463,78,249
14464,78,250
14465,79,6
14466,79,7
14467,79,8
14468,79,9
14469,79,10
14470,79,11
14471,79,12
14472,79,13
14473,79,14
14474,79,15
14475,79,16
14476,79,17
14477,79,18
14478,79,19
14479,79,20
14480,79,21
14481,79,22
14482,79,23
14483,79,24
14484,79,25
14485,79,26
14486,79,27
14487,79,28
14488,79,29
14489,79,30
14490,79,31
14491,79,32
14492,79,33
14493,79,34
14494,79,35
14495,79,36
14496,79,37
14497,79,38
14498,79,39
14499,79,40
14500,79,41
14501,79,42
14502,79,43
14503,79,44
14504,79,45
14505,79,46
14506,79,47
14507,79,48
14508,79,49
14509,79,50
14510,79,51
14511,79,52
14512,79,53
14513,79,54
14514,79,55
14515,79,56
14516,79,57
14517,79,58
14518,79,59
14519,79,60
14520,79,61
14521,79,62
14522,79,63
14523,79,64
14524,79,65
14525,79,66
14526,79,67
14527,79,68
14528,79,69
14529,79,70
14530,79,71
14531,79,72
14532,79,73
14533,79,74
14534,79,75
14535,79,76
14536,79,77
14537,79,78
14538,79,79
14539,79,80
14540,79,81
14541,79,82
14542,79,83
14543,79,84
14544,79,85
14545,79,86
14546,79,87
14547,79,88
14548,79,89
14549,79,90
14550,79,91
14551,79,92
14552,79,93
14553,79,94
14554,79,95
14555,79,96
14556,79,97
14557,79,98
14558,79,99
14559,79,100
14560,79,101
14561,79,102
14562,79,103
14563,79,104
14564,79,105
14565,79,106
14566,79,107
14567,79,108
14568,79,109
14569,79,110
14570,79,111
14571,79,112
14572,79,113
14573,79,114
14574,79,115
14575,79,116
14576,79,117
14577,79,118
14578,79,119
14579,79,120
14580,79,121
14581,79,122
14582,79,123
14583,79,124
14584,79,125
14585,79,126
14586,79,127
14587,79,128
14588,79,129
14589,79,130
14590,79,131
14591,79,132
14592,79,133
14593,79,134
14594,79,135
14595,79,136
14596,79,137
14597,79,138
14598,79,139
14599,79,140
14600,79,141
14601,79,142
14602,79,143
14603,79,144
14604,79,145
14605,79,146
14606,79,147
14607,79,148
14608,79,149
14609,79,150
14610,79,151
14611,79,152
14612,79,153
14613,79,154
14614,79,155
14615,79,156
14616,79,157
14617,79,158
14618,79,159
14619,79,160
14620,79,161
14621,79,162
14622,79,163
14623,79,164
14624,79,165
14625,79,166
14626,79,167
14627,79,168
14628,79,169
14629,79,170
14630,79,171
14631,79,172
14632,79,173
14633,79,174
14634,79,175
14635,79,176
14636,79,177
14637,79,178
14638,79,179
14639,79,180
14640,79,181
14641,79,182
14642,79,183
14643,79,184
14644,79,185
14645,79,186
14646,79,187
14647,79,188
14648,79,189
14649,79,190
14650,79,191
14651,79,192
14652,79,193
14653,79,194
14654,79,195
14655,79,196
14656,79,197
14657,79,198
14658,79,199
14659,79,200
14660,79,201
14661,79,202
14662,79,203
14663,79,204
14664,79,205
14665,79,206
14666,79,207
14667,79,208
14668,79,209
14669,79,210
14670,79,211
14671,79,212
14672,79,213
14673,79,214
14674,79,215
14675,79,216
14676,79,217
14677,79,218
14678,79,219
14679,79,220
14680,79,221
14681,79,222
14682,79,223
14683,79,224
14684,79,225
14685,79,226
14686,79,227
14687,79,228
14688,79,229
14689,79,230
14690,79,231
14691,79,232
14692,79,233
14693,79,234
14694,79,235
14695,79,236
14696,79,237
14697,79,238
14698,79,239
14699,79,240
14700,79,241
14701,79,242
14702,79,243
14703,79,244
14704,79,245
14705,79,246
14706,79,247
14707,79,248
14708,79,249
14709,79,250
14710,80,6
14711,80,7
14712,80,8
14713,80,9
14714,80,10
14715,80,11
14716,80,12
14717,80,13
14718,80,14
14719,80,15
14720,80,16
14721,80,17
14722,80,18
14723,80,19
14724,80,20
14725,80,21
14726,80,22
14727,80,23
14728,80,24
14729,80,25
14730,80,26
14731,80,27
14732,80,28
14733,80,29
14734,80,30
14735,80,31
14736,80,32
14737,80,33
14738,80,34
14739,80,35
14740,80,36
14741,80,37
14742,80,38
14743,80,39
14744,80,40
14745,80,41
14746,80,42
14747,80,43
14748,80,44
14749,80,45
14750,80,46
14751,80,47
14752,80,48
14753,80,49
14754,80,50
14755,80,51
14756,80,52
14757,80,53
14758,80,54
14759,80,55
14760,80,56
14761,80,57
14762,80,58
14763,80,59
14764,80,60
14765,80,61
14766,80,62
14767,80,63
14768,80,64
14769,80,65
14770,80,66
14771,80,67
14772,80,68
14773,80,69
14774,80,70
14775,80,71
14776,80,72
14777,80,73
14778,80,74
14779,80,75
14780,80,76
14781,80,77
14782,80,78
14783,80,79
14784,80,80
14785,80,81
14786,80,82
14787,80,83
14788,80,84
14789,80,85
14790,80,86
14791,80,87
14792,80,88
14793,80,89
14794,80,90
14795,80,91
14796,80,92
14797,80,93
14798,80,94
14799,80,95
14800,80,96
14801,80,97
14802,80,98
14803,80,99
14804,80,100
14805,80,101
14806,80,102
14807,80,103
14808,80,104
14809,80,105
14810,80,106
14811,80,107
14812,80,108
14813,80,109
14814,80,110
14815,80,111
14816,80,112
14817,80,113
14818,80,114
14819,80,115
14820,80,116
14821,80,117
14822,80,118
14823,80,119
14824,80,120
14825,80,121
14826,80,122
14827,80,123
14828,80,124
14829,80,125
14830,80,126
14831,80,127
14832,80,128
14833,80,129
14834,80,130
14835,80,131
14836,80,132
14837,80,133
14838,80,134
14839,80,135
14840,80,136
14841,80,137
14842,80,138
14843,80,139
14844,80,140
14845,80,141
14846,80,142
14847,80,143
14848,80,144
14849,80,145
14850,80,146
14851,80,147
14852,80,148
14853,80,149
14854,80,150
14855,80,151
14856,80,152
14857,80,153
14858,80,154
14859,80,155
14860,80,156
14861,80,157
14862,80,158
14863,80,159
14864,80,160
14865,80,161
14866,80,162
14867,80,163
14868,80,164
14869,80,165
14870,80,166
14871,80,167
14872,80,168
14873,80,169
14874,80,170
14875,80,171
14876,80,172
14877,80,173
14878,80,174
14879,80,175
14880,80,176
14881,80,177
14882,80,178
14883,80,179
14884,80,180
14885,80,181
14886,80,182
14887,80,183
14888,80,184
14889,80,185
14890,80,186
14891,80,187
14892,80,188
14893,80,189
14894,80,190
14895,80,191
14896,80,192
14897,80,193
14898,80,194
14899,80,195
14900,80,196
14901,80,197
14902,80,198
14903,80,199
14904,80,200
14905,80,201
14906,80,202
14907,80,203
14908,80,204
14909,80,205
14910,80,206
14911,80,207
14912,80,208
14913,80,209
14914,80,210
14915,80,211
14916,80,212
14917,80,213
14918,80,214
14919,80,215
14920,80,216
14921,80,217
14922,80,218
14923,80,219
14924,80,220
14925,80,221
14926,80,222
14927,80,223
14928,80,224
14929,80,225
14930,80,226
14931,80,227
14932,80,228
14933,80,229
14934,80,230
14935,80,231
14936,80,232
14937,80,233
14938,80,234
14939,80,235
14940,80,236
14941,80,237
14942,80,238
14943,80,239
14944,80,240
14945,80,241
14946,80,242
14947,80,243
14948,80,244
14949,80,245
14950,80,246
14951,80,247
14952,80,248
14953,80,249
14954,80,250
14955,81,5
14956,81,6
14957,81,7
14958,81,8
14959,81,9
14960,81,10
14961,81,11
14962,81,12
14963,81,13
14964,81,14
14965,81,15
14966,81,16
14967,81,17
14968,81,18
14969,81,19
14970,81,20
14971,81,21
14972,81,22
14973,81,23
14974,81,24
14975,81,25
14976,81,26
14977,81,27
14978,81,28
14979,81,29
14980,81,30
14981,81,31
14982,81,32
14983,81,33
14984,81,34
14985,81,35
14986,81,36
14987,81,37
14988,81,38
14989,81,39
14990,81,40
14991,81,41
14992,81,42
14993,81,43
14994,81,44
14995,81,45
14996,81,46
14997,81,47
14998,81,48
14999,81,49
15000,81,50
15001,81,51
15002,81,52
15003,81,53
15004,81,54
15005,81,55
15006,81,56
15007,81,57
15008,81,58
15009,81,59
15010,81,60
15011,81,61
15012,81,62
15013,81,63
15014,81,64
15015,81,65
15016,81,66
15017,81,67
15018,81,68
15019,81,69
15020,81,70
15021,81,71
15022,81,72
15023,81,73
15024,81,74
15025,81,75
15026,81,76
15027,81,77
15028,81,78
15029,81,79
15030,81,80
15031,81,81
15032,81,82
15033,81,83
15034,81,84
15035,81,85
15036,81,86
15037,81,87
15038,81,88
15039,81,89
15040,81,90
15041,81,91
15042,81,92
15043,81,93
15044,81,94
15045,81,95
15046,81,96
15047,81,97
15048,81,98
15049,81,99
15050,81,100
15051,81,101
15052,81,102
15053,81,103
15054,81,104
15055,81,105
15056,81,106
15057,81,107
15058,81,108
15059,81,109
15060,81,110
15061,81,111
15062,81,112
15063,81,113
15064,81,114
15065,81,115
15066,81,116
15067,81,117
15068,81,118
15069,81,119
15070,81,120
15071,81,121
15072,81,122
15073,81,123
15074,81,124
15075,81,125
15076,81,126
15077,81,127
15078,81,128
15079,81,129
15080,81,130
15081,81,131
15082,81,132
15083,81,133
15084,81,134
15085,81,135
15086,81,136
15087,81,137
15088,81,138
15089,81,139
15090,81,140
15091,81,141
15092,81,142
15093,81,143
15094,81,144
15095,81,145
15096,81,146
15097,81,147
15098,81,148
15099,81,149
15100,81,150
15101,81,151
15102,81,152
15103,81,153
15104,81,154
15105,81,155
15106,81,156
15107,81,157
15108,81,158
15109,81,159
15110,81,160
15111,81,161
15112,81,162
15113,81,163
15114,81,164
15115,81,165
15116,81,166
15117,81,167
15118,81,168
15119,81,169
15120,81,170
15121,81,171
15122,81,172
15123,81,173
15124,81,174
15125,81,175
15126,81,176
15127,81,177
15128,81,178
15129,81,179
15130,81,180
15131,81,181
15132,81,182
15133,81,183
15134,81,184
15135,81,185
15136,81,186
15137,81,187
15138,81,188
15139,81,189
15140,81,190
15141,81,191
15142,81,192
15143,81,193
15144,81,194
15145,81,195
15146,81,196
15147,81,197
15148,81,198
15149,81,199
15150,81,200
15151,81,201
15152,81,202
15153,81,203
15154,81,204
15155,81,205
15156,81,206
15157,81,207
15158,81,208
15159,81,209
15160,81,210
15161,81,211
15162,81,212
15163,81,213
15164,81,214
15165,81,215
15166,81,216
15167,81,217
15168,81,218
15169,81,219
15170,81,220
15171,81,221
15172,81,222
15173,81,223
15174,81,224
15175,81,225
15176,81,226
15177,81,227
15178,81,228
15179,81,229
15180,81,230
15181,81,231
15182,81,232
15183,81,233
15184,81,234
15185,81,235
15186,81,236
15187,81,237
15188,81,238
15189,81,239
15190,81,240
15191,81,241
15192,81,242
15193,81,243
15194,81,244
15195,81,245
15196,81,246
15197,81,247
15198,81,248
15199,81,249
15200,81,250
15201,81,251
15202,82,5
15203,82,6
15204,82,7
15205,82,8
15206,82,9
15207,82,10
15208,82,11
15209,82,12
15210,82,13
15211,82,14
15212,82,15
15213,82,16
15214,82,17
15215,82,18
15216,82,19
15217,82,20
15218,82,21
15219,82,22
15220,82,23
15221,82,24
15222,82,25
15223,82,26
15224,82,27
15225,82,28
15226,82,29
15227,82,30
15228,82,31
15229,82,32
15230,82,33
15231,82,34
15232,82,35
15233,82,36
15234,82,37
15235,82,38
15236,82,39
15237,82,40
15238,82,41
15239,82,42
15240,82,43
15241,82,44
15242,82,45
15243,82,46
15244,82,47
15245,82,48
15246,82,49
15247,82,50
15248,82,51
15249,82,52
15250,82,53
15251,82,54
15252,82,55
15253,82,56
15254,82,57
15255,82,58
15256,82,59
15257,82,60
15258,82,61
15259,82,62
15260,82,63
15261,82,64
15262,82,65
15263,82,66
15264,82,67
15265,82,68
15266,82,69
15267,82,70
15268,82,71
15269,82,72
15270,82,73
15271,82,74
15272,82,75
15273,82,76
15274,82,77
15275,82,78
15276,82,79
15277,82,80
15278,82,81
15279,82,82
15280,82,83
15281,82,84
15282,82,85
15283,82,86
15284,82,87
15285,82,88
15286,82,89
15287,82,90
15288,82,91
15289,82,92
15290,82,93
15291,82,94
15292,82,95
15293,82,96
15294,82,97
15295,82,98
15296,82,99
15297,82,100
15298,82,101
15299,82,102
15300,82,103
15301,82,104
15302,82,105
15303,82,106
15304,82,107
15305,82,108
15306,82,109
15307,82,110
15308,82,111
15309,82,112
15310,82,113
15311,82,114
15312,82,115
15313,82,116
15314,82,117
15315,82,118
15316,82,119
15317,82,120
15318,82,121
15319,82,122
15320,82,123
15321,82,124
15322,82,125
15323,82,126
15324,82,127
15325,82,128
15326,82,129
15327,82,130
15328,82,131
15329,82,132
15330,82,133
15331,82,134
15332,82,135
15333,82,136
15334,82,137
15335,82,138
15336,82,139
15337,82,140
15338,82,141
15339,82,142
15340,82,143
15341,82,144
15342,82,145
15343,82,146
15344,82,147
15345,82,148
15346,82,149
15347,82,150
15348,82,151
15349,82,152
15350,82,153
15351,82,154
15352,82,155
15353,82,156
15354,82,157
15355,82,158
15356,82,159
15357,82,160
15358,82,161
15359,82,162
15360,82,163
15361,82,164
15362,82,165
15363,82,166
15364,82,167
15365,82,168
15366,82,169
15367,82,170
15368,82,171
15369,82,172
15370,82,173
15371,82,174
15372,82,175
15373,82,176
15374,82,177
15375,82,178
15376,82,179
15377,82,180
15378,82,181
15379,82,182
15380,82,183
15381,82,184
15382,82,185
15383,82,186
15384,82,187
15385,82,188
15386,82,189
15387,82,190
15388,82,191
15389,82,192
15390,82,193
15391,82,194
15392,82,195
15393,82,196
15394,82,197
15395,82,198
15396,82,199
15397,82,200
15398,82,201
15399,82,202
15400,82,203
15401,82,204
15402,82,205
15403,82,206
15404,82,207
15405,82,208
15406,82,209
15407,82,210
15408,82,211
15409,82,212
15410,82,213
15411,82,214
15412,82,215
15413,82,216
15414,82,217
15415,82,218
15416,82,219
15417,82,220
15418,82,221
15419,82,222
15420,82,223
15421,82,224
15422,82,225
15423,82,226
15424,82,227
15425,82,228
15426,82,229
15427,82,230
15428,82,231
15429,82,232
15430,82,233
15431,82,234
15432,82,235
15433,82,236
15434,82,237
15435,82,238
15436,82,239
15437,82,240
15438,82,241
15439,82,242
15440,82,243
15441,82,244
15442,82,245
15443,82,246
15444,82,247
15445,82,248
15446,82,249
15447,82,250
15448,82,251
15449,83,4
15450,83,5
15451,83,6
15452,83,7
15453,83,8
15454,83,9
15455,83,10
15456,83,11
15457,83,12
15458,83,13
15459,83,14
15460,83,15
15461,83,16
15462,83,17
15463,83,18
15464,83,19
15465,83,20
15466,83,21
15467,83,22
15468,83,23
15469,83,24
15470,83,25
15471,83,26
15472,83,27
15473,83,28
15474,83,29
15475,83,30
15476,83,31
15477,83,32
15478,83,33
15479,83,34
15480,83,35
15481,83,36
15482,83,37
15483,83,38
15484,83,39
15485,83,40
15486,83,41
15487,83,42
15488,83,43
15489,83,44
15490,83,45
15491,83,46
15492,83,47
15493,83,48
15494,83,49
15495,83,50
15496,83,51
15497,83,52
15498,83,53
15499,83,54
15500,83,55
15501,83,56
15502,83,57
15503,83,58
15504,83,59
15505,83,60
15506,83,61
15507,83,62
15508,83,63
15509,83,64
15510,83,65
15511,83,66
15512,83,67
15513,83,68
15514,83,69
15515,83,70
15516,83,71
15517,83,72
15518,83,73
15519,83,74
15520,83,75
15521,83,76
15522,83,77
15523,83,78
15524,83,79
15525,83,80
15526,83,81
15527,83,82
15528,83,83
15529,83,84
15530,83,85
15531,83,86
15532,83,87
15533,83,88
15534,83,89
15535,83,90
15536,83,91
15537,83,92
15538,83,93
15539,83,94
15540,83,95
15541,83,96
15542,83,97
15543,83,98
15544,83,99
15545,83,100
15546,83,101
15547,83,102
15548,83,103
15549,83,104
15550,83,105
15551,83,106
15552,83,107
15553,83,108
15554,83,109
15555,83,110
15556,83,111
15557,83,112
15558,83,113
15559,83,114
15560,83,115
15561,83,116
15562,83,117
15563,83,118
15564,83,119
15565,83,120
15566,83,121
15567,83,122
15568,83,123
15569,83,124
15570,83,125
15571,83,126
15572,83,127
15573,83,128
15574,83,129
15575,83,130
15576,83,131
15577,83,132
15578,83,133
15579,83,134
15580,83,135
15581,83,136
15582,83,137
15583,83,138
15584,83,139
15585,83,140
15586,83,141
15587,83,142
15588,83,143
15589,83,144
15590,83,145
15591,83,146
15592,83,147
15593,83,148
15594,83,149
15595,83,150
15596,83,151
15597,83,152
15598,83,153
15599,83,154
15600,83,155
15601,83,156
15602,83,157
15603,83,158
15604,83,159
15605,83,160
15606,83,161
15607,83,162
15608,83,163
15609,83,164
15610,83,165
15611,83,166
15612,83,167
15613,83,168
15614,83,169
15615,83,170
15616,83,171
15617,83,172
15618,83,173
15619,83,174
15620,83,175
15621,83,176
15622,83,177
15623,83,178
15624,83,179
15625,83,180
15626,83,181
15627,83,182
15628,83,183
15629,83,184
15630,83,185
15631,83,186
15632,83,187
15633,83,188
15634,83,189
15635,83,190
15636,83,191
15637,83,192
15638,83,193
15639,83,194
15640,83,195
15641,83,196
15642,83,197
15643,83,198
15644,83,199
15645,83,200
15646,83,201
15647,83,202
15648,83,203
15649,83,204
15650,83,205
15651,83,206
15652,83,207
15653,83,208
15654,83,209
15655,83,210
15656,83,211
15657,83,212
15658,83,213
15659,83,214
15660,83,215
15661,83,216
15662,83,217
15663,83,218
15664,83,219
15665,83,220
15666,83,221
15667,83,222
15668,83,223
15669,83,224
15670,83,225
15671,83,226
15672,83,227
15673,83,228
15674,83,229
15675,83,230
15676,83,231
15677,83,232
15678,83,233
15679,83,234
15680,83,235
15681,83,236
15682,83,237
15683,83,238
15684,83,239
15685,83,240
15686,83,241
15687,83,242
15688,83,243
15689,83,244
15690,83,245
15691,83,246
15692,83,247
15693,83,248
15694,83,249
15695,83,250
15696,83,251
15697,83,252
15698,84,4
15699,84,5
15700,84,6
15701,84,7
15702,84,8
15703,84,9
15704,84,10
15705,84,11
15706,84,12
15707,84,13
15708,84,14
15709,84,15
15710,84,16
15711,84,17
15712,84,18
15713,84,19
15714,84,20
15715,84,21
15716,84,22
15717,84,23
15718,84,24
15719,84,25
15720,84,26
15721,84,27
15722,84,28
15723,84,29
15724,84,30
15725,84,31
15726,84,32
15727,84,33
15728,84,34
15729,84,35
15730,84,36
15731,84,37
15732,84,38
15733,84,39
15734,84,40
15735,84,41
15736,84,42
15737,84,43
15738,84,44
15739,84,45
15740,84,46
15741,84,47
15742,84,48
15743,84,49
15744,84,50
15745,84,51
15746,84,52
15747,84,53
15748,84,54
15749,84,55
15750,84,56
15751,84,57
15752,84,58
15753,84,59
15754,84,60
15755,84,61
15756,84,62
15757,84,63
15758,84,64
15759,84,65
15760,84,66
15761,84,67
15762,84,68
15763,84,69
15764,84,70
15765,84,71
15766,84,72
15767,84,73
15768,84,74
15769,84,75
15770,84,76
15771,84,77
15772,84,78
15773,84,79
15774,84,80
15775,84,81
15776,84,82
15777,84,83
15778,84,84
15779,84,85
15780,84,86
15781,84,87
15782,84,88
15783,84,89
15784,84,90
15785,84,91
15786,84,92
15787,84,93
15788,84,94
15789,84,95
15790,84,96
15791,84,97
15792,84,98
15793,84,99
15794,84,100
15795,84,101
15796,84,102
15797,84,103
15798,84,104
15799,84,105
15800,84,106
15801,84,107
15802,84,108
15803,84,109
15804,84,110
15805,84,111
15806,84,112
15807,84,113
15808,84,114
15809,84,115
15810,84,116
15811,84,117
15812,84,118
15813,84,119
15814,84,120
15815,84,121
15816,84,122
15817,84,123
15818,84,124
15819,84,125
15820,84,126
15821,84,127
15822,84,128
15823,84,129
15824,84,130
15825,84,131
15826,84,132
15827,84,133
15828,84,134
15829,84,135
15830,84,136
15831,84,137
15832,84,138
15833,84,139
15834,84,140
15835,84,141
15836,84,142
15837,84,143
15838,84,144
15839,84,145
15840,84,146
15841,84,147
15842,84,148
15843,84,149
15844,84,150
15845,84,151
15846,84,152
15847,84,153
15848,84,154
15849,84,155
15850,84,156
15851,84,157
15852,84,158
15853,84,159
15854,84,160
15855,84,161
15856,84,162
15857,84,163
15858,84,164
15859,84,165
15860,84,166
15861,84,167
15862,84,168
15863,84,169
15864,84,170
15865,84,171
15866,84,172
15867,84,173
15868,84,174
15869,84,175
15870,84,176
15871,84,177
15872,84,178
15873,84,179
15874,84,180
15875,84,181
15876,84,182
15877,84,183
15878,84,184
15879,84,185
15880,84,186
15881,84,187
15882,84,188
15883,84,189
15884,84,190
15885,84,191
15886,84,192
15887,84,193
15888,84,194
15889,84,195
15890,84,196
15891,84,197
15892,84,198
15893,84,199
15894,84,200
15895,84,201
15896,84,202
15897,84,203
15898,84,204
15899,84,205
15900,84,206
15901,84,207
15902,84,208
15903,84,209
15904,84,210
15905,84,211
15906,84,212
15907,84,213
15908,84,214
15909,84,215
15910,84,216
15911,84,217
15912,84,218
15913,84,219
15914,84,220
15915,84,221
15916,84,222
15917,84,223
15918,84,224
15919,84,225
15920,84,226
15921,84,227
15922,84,228
15923,84,229
15924,84,230
15925,84,231
15926,84,232
15927,84,233
15928,84,234
15929,84,235
15930,84,236
15931,84,237
15932,84,238
15933,84,239
15934,84,240
15935,84,241
15936,84,242
15937,84,243
15938,84,244
15939,84,245
15940,84,246
15941,84,247
15942,84,248
15943,84,249
15944,84,250
15945,84,251
15946,84,252
15947,85,4
15948,85,5
15949,85,6
15950,85,7
15951,85,8
15952,85,9
15953,85,10
15954,85,11
15955,85,12
15956,85,13
15957,85,14
15958,85,15
15959,85,16
15960,85,17
15961,85,18
15962,85,19
15963,85,20
15964,85,21
15965,85,22
15966,85,23
15967,85,24
15968,85,25
15969,85,26
15970,85,27
15971,85,28
15972,85,29
15973,85,30
15974,85,31
15975,85,32
15976,85,33
15977,85,34
15978,85,35
15979,85,36
15980,85,37
15981,85,38
15982,85,39
15983,85,40
15984,85,41
15985,85,42
15986,85,43
15987,85,44
15988,85,45
15989,85,46
15990,85,47
15991,85,48
15992,85,49
15993,85,50
15994,85,51
15995,85,52
15996,85,53
15997,85,54
15998,85,55
15999,85,56
16000,85,57
16001,85,58
16002,85,59
16003,85,60
16004,85,61
16005,85,62
16006,85,63
16007,85,64
16008,85,65
16009,85,66
16010,85,67
16011,85,68
16012,85,69
16013,85,70
16014,85,71
16015,85,72
16016,85,73
16017,85,74
16018,85,75
16019,85,76
16020,85,77
16021,85,78
16022,85,79
16023,85,80
16024,85,81
16025,85,82
16026,85,83
16027,85,84
16028,85,85
16029,85,86
16030,85,87
16031,85,88
16032,85,89
16033,85,90
16034,85,91
16035,85,92
16036,85,93
16037,85,94
16038,85,95
16039,85,96
16040,85,97
16041,85,98
16042,85,99
16043,85,100
16044,85,101
16045,85,102
16046,85,103
16047,85,104
16048,85,105
16049,85,106
16050,85,107
16051,85,108
16052,85,109
16053,85,110
16054,85,111
16055,85,112
16056,85,113
16057,85,114
16058,85,115
16059,85,116
16060,85,117
16061,85,118
16062,85,119
16063,85,120
16064,85,121
16065,85,122
16066,85,123
16067,85,124
16068,85,125
16069,85,126
16070,85,127
16071,85,128
16072,85,129
16073,85,130
16074,85,131
16075,85,132
16076,85,133
16077,85,134
16078,85,135
16079,85,136
16080,85,137
16081,85,138
16082,85,139
16083,85,140
16084,85,141
16085,85,142
16086,85,143
16087,85,144
16088,85,145
16089,85,146
16090,85,147
16091,85,148
16092,85,149
16093,85,150
16094,85,151
16095,85,152
16096,85,153
16097,85,154
16098,85,155
16099,85,156
16100,85,157
16101,85,158
16102,85,159
16103,85,160
16104,85,161
16105,85,162
16106,85,163
16107,85,164
16108,85,165
16109,85,166
16110,85,167
16111,85,168
16112,85,169
16113,85,170
16114,85,171
16115,85,172
16116,85,173
16117,85,174
16118,85,175
16119,85,176
16120,85,177
16121,85,178
16122,85,179
16123,85,180
16124,85,181
16125,85,182
16126,85,183
16127,85,184
16128,85,185
16129,85,186
16130,85,187
16131,85,188
16132,85,189
16133,85,190
16134,85,191
16135,85,192
16136,85,193
16137,85,194
16138,85,195
16139,85,196
16140,85,197
16141,85,198
16142,85,199
16143,85,200
16144,85,201
16145,85,202
16146,85,203
16147,85,204
16148,85,205
16149,85,206
16150,85,207
16151,85,208
16152,85,209
16153,85,210
16154,85,211
16155,85,212
16156,85,213
16157,85,214
16158,85,215
16159,85,216
16160,85,217
16161,85,218
16162,85,219
16163,85,220
16164,85,221
16165,85,222
16166,85,223
16167,85,224
16168,85,225
16169,85,226
16170,85,227
16171,85,228
16172,85,229
16173,85,230
16174,85,231
16175,85,232
16176,85,233
16177,85,234
16178,85,235
16179,85,236
16180,85,237
16181,85,238
16182,85,239
16183,85,240
16184,85,241
16185,85,242
16186,85,243
16187,85,244
16188,85,245
16189,85,246
16190,85,247
16191,85,248
16192,85,249
16193,85,250
16194,85,251
16195,85,252
16196,86,3
16197,86,4
16198,86,5
16199,86,6
16200,86,7
16201,86,8
16202,86,9
16203,86,10
16204,86,11
16205,86,12
16206,86,13
16207,86,14
16208,86,15
16209,86,16
16210,86,17
16211,86,18
16212,86,19
16213,86,20
16214,86,21
16215,86,22
16216,86,23
16217,86,24
16218,86,25
16219,86,26
16220,86,27
16221,86,28
16222,86,29
16223,86,30
16224,86,31
16225,86,32
16226,86,33
16227,86,34
16228,86,35
16229,86,36
16230,86,37
16231,86,38
16232,86,39
16233,86,40
16234,86,41
16235,86,42
16236,86,43
16237,86,44
16238,86,45
16239,86,46
16240,86,47
16241,86,48
16242,86,49
16243,86,50
16244,86,51
16245,86,52
16246,86,53
16247,86,54
16248,86,55
16249,86,56
16250,86,57
16251,86,58
16252,86,59
16253,86,60
16254,86,61
16255,86,62
16256,86,63
16257,86,64
16258,86,65
16259,86,66
16260,86,67
16261,86,68
16262,86,69
16263,86,70
16264,86,71
16265,86,72
16266,86,73
16267,86,74
16268,86,75
16269,86,76
16270,86,77
16271,86,78
16272,86,79
16273,86,80
16274,86,81
16275,86,82
16276,86,83
16277,86,84
16278,86,85
16279,86,86
16280,86,87
16281,86,88
16282,86,89
16283,86,90
16284,86,91
16285,86,92
16286,86,93
16287,86,94
16288,86,95
16289,86,96
16290,86,97
16291,86,98
16292,86,99
16293,86,100
16294,86,101
16295,86,102
16296,86,103
16297,86,104
16298,86,105
16299,86,106
16300,86,107
16301,86,108
16302,86,109
16303,86,110
16304,86,111
16305,86,112
16306,86,113
16307,86,114
16308,86,115
16309,86,116
16310,86,117
16311,86,118
16312,86,119
16313,86,120
16314,86,121
16315,86,122
16316,86,123
16317,86,124
16318,86,125
16319,86,126
16320,86,127
16321,86,128
16322,86,129
16323,86,130
16324,86,131
16325,86,132
16326,86,133
16327,86,134
16328,86,135
16329,86,136
16330,86,137
16331,86,138
16332,86,139
16333,86,140
16334,86,141
16335,86,142
16336,86,143
16337,86,144
16338,86,145
16339,86,146
16340,86,147
16341,86,148
16342,86,149
16343,86,150
16344,86,151
16345,86,152
16346,86,153
16347,86,154
16348,86,155
16349,86,156
16350,86,157
16351,86,158
16352,86,159
16353,86,160
16354,86,161
16355,86,162
16356,86,163
16357,86,164
16358,86,165
16359,86,166
16360,86,167
16361,86,168
16362,86,169
16363,86,170
16364,86,171
16365,86,172
16366,86,173
16367,86,174
16368,86,175
16369,86,176
16370,86,177
16371,86,178
16372,86,179
16373,86,180
16374,86,181
16375,86,182
16376,86,183
16377,86,184
16378,86,185
16379,86,186
16380,86,187
16381,86,188
16382,86,189
16383,86,190
16384,86,191
16385,86,192
16386,86,193
16387,86,194
16388,86,195
16389,86,196
16390,86,197
16391,86,198
16392,86,199
16393,86,200
16394,86,201
16395,86,202
16396,86,203
16397,86,204
16398,86,205
16399,86,206
16400,86,207
16401,86,208
16402,86,209
16403,86,210
16404,86,211
16405,86,212
16406,86,213
16407,86,214
16408,86,215
16409,86,216
16410,86,217
16411,86,218
16412,86,219
16413,86,220
16414,86,221
16415,86,222
16416,86,223
16417,86,224
16418,86,225
16419,86,226
16420,86,227
16421,86,228
16422,86,229
16423,86,230
16424,86,231
16425,86,232
16426,86,233
16427,86,234
16428,86,235
16429,86,236
16430,86,237
16431,86,238
16432,86,239
16433,86,240
16434,86,241
16435,86,242
16436,86,243
16437,86,244
16438,86,245
16439,86,246
16440,86,247
16441,86,248
16442,86,249
16443,86,250
16444,86,251
16445,86,252
16446,86,253
16447,87,3
16448,87,4
16449,87,5
16450,87,6
16451,87,7
16452,87,8
16453,87,9
16454,87,10
16455,87,11
16456,87,12
16457,87,13
16458,87,14
16459,87,15
16460,87,16
16461,87,17
16462,87,18
16463,87,19
16464,87,20
16465,87,21
16466,87,22
16467,87,23
16468,87,24
16469,87,25
16470,87,26
16471,87,27
16472,87,28
16473,87,29
16474,87,30
16475,87,31
16476,87,32
16477,87,33
16478,87,34
16479,87,35
16480,87,36
16481,87,37
16482,87,38
16483,87,39
16484,87,40
16485,87,41
16486,87,42
16487,87,43
16488,87,44
16489,87,45
16490,87,46
16491,87,47
16492,87,48
16493,87,49
16494,87,50
16495,87,51
16496,87,52
16497,87,53
16498,87,54
16499,87,55
16500,87,56
16501,87,57
16502,87,58
16503,87,59
16504,87,60
16505,87,61
16506,87,62
16507,87,63
16508,87,64
16509,87,65
16510,87,66
16511,87,67
16512,87,68
16513,87,69
16514,87,70
16515,87,71
16516,87,72
16517,87,73
16518,87,74
16519,87,75
16520,87,76
16521,87,77
16522,87,78
16523,87,79
16524,87,80
16525,87,81
16526,87,82
16527,87,83
16528,87,84
16529,87,85
16530,87,86
16531,87,87
16532,87,88
16533,87,89
16534,87,90
16535,87,91
16536,87,92
16537,87,93
16538,87,94
16539,87,95
16540,87,96
16541,87,97
16542,87,98
16543,87,99
16544,87,100
16545,87,101
16546,87,102
16547,87,103
16548,87,104
16549,87,105
16550,87,106
16551,87,107
16552,87,108
16553,87,109
16554,87,110
16555,87,111
16556,87,112
16557,87,113
16558,87,114
16559,87,115
16560,87,116
16561,87,117
16562,87,118
16563,87,119
16564,87,120
16565,87,121
16566,87,122
16567,87,123
16568,87,124
16569,87,125
16570,87,126
16571,87,127
16572,87,128
16573,87,129
16574,87,130
16575,87,131
16576,87,132
16577,87,133
16578,87,134
16579,87,135
16580,87,136
16581,87,137
16582,87,138
16583,87,139
16584,87,140
16585,87,141
16586,87,142
16587,87,143
16588,87,144
16589,87,145
16590,87,146
16591,87,147
16592,87,148
16593,87,149
16594,87,150
16595,87,151
16596,87,152
16597,87,153
16598,87,154
16599,87,155
16600,87,156
16601,87,157
16602,87,158
16603,87,159
16604,87,160
16605,87,161
16606,87,162
16607,87,163
16608,87,164
16609,87,165
16610,87,166
16611,87,167
16612,87,168
16613,87,169
16614,87,170
16615,87,171
16616,87,172
16617,87,173
16618,87,174
16619,87,175
16620,87,176
16621,87,177
16622,87,178
16623,87,179
16624,87,180
16625,87,181
16626,87,182
16627,87,183
16628,87,184
16629,87,185
16630,87,186
16631,87,187
16632,87,188
16633,87,189
16634,87,190
16635,87,191
16636,87,192
16637,87,193
16638,87,194
16639,87,195
16640,87,196
16641,87,197
16642,87,198
16643,87,199
16644,87,200
16645,87,201
16646,87,202
16647,87,203
16648,87,204
16649,87,205
16650,87,206
16651,87,207
16652,87,208
16653,87,209
16654,87,210
16655,87,211
16656,87,212
16657,87,213
16658,87,214
16659,87,215
16660,87,216
16661,87,217
16662,87,218
16663,87,219
16664,87,220
16665,87,221
16666,87,222
16667,87,223
16668,87,224
16669,87,225
16670,87,226
16671,87,227
16672,87,228
16673,87,229
16674,87,230
16675,87,231
16676,87,232
16677,87,233
16678,87,234
16679,87,235
16680,87,236
16681,87,237
16682,87,238
16683,87,239
16684,87,240
16685,87,241
16686,87,242
16687,87,243
16688,87,244
16689,87,245
16690,87,246
16691,87,247
16692,87,248
16693,87,249
16694,87,250
16695,87,251
16696,87,252
16697,87,253
16698,88,3
16699,88,4
16700,88,5
16701,88,6
16702,88,7
16703,88,8
16704,88,9
16705,88,10
16706,88,11
16707,88,12
16708,88,13
16709,88,14
16710,88,15
16711,88,16
16712,88,17
16713,88,18
16714,88,19
16715,88,20
16716,88,21
16717,88,22
16718,88,23
16719,88,24
16720,88,25
16721,88,26
16722,88,27
16723,88,28
16724,88,29
16725,88,30
16726,88,31
16727,88,32
16728,88,33
16729,88,34
16730,88,35
16731,88,36
16732,88,37
16733,88,38
16734,88,39
16735,88,40
16736,88,41
16737,88,42
16738,88,43
16739,88,44
16740,88,45
16741,88,46
16742,88,47
16743,88,48
16744,88,49
16745,88,50
16746,88,51
16747,88,52
16748,88,53
16749,88,54
16750,88,55
16751,88,56
16752,88,57
16753,88,58
16754,88,59
16755,88,60
16756,88,61
16757,88,62
16758,88,63
16759,88,64
16760,88,65
16761,88,66
16762,88,67
16763,88,68
16764,88,69
16765,88,70
16766,88,71
16767,88,72
16768,88,73
16769,88,74
16770,88,75
16771,88,76
16772,88,77
16773,88,78
16774,88,79
16775,88,80
16776,88,81
16777,88,82
16778,88,83
16779,88,84
16780,88,85
16781,88,86
16782,88,87
16783,88,88
16784,88,89
16785,88,90
16786,88,91
16787,88,92
16788,88,93
16789,88,94
16790,88,95
16791,88,96
16792,88,97
16793,88,98
16794,88,99
16795,88,100
16796,88,101
16797,88,102
16798,88,103
16799,88,104
16800,88,105
16801,88,106
16802,88,107
16803,88,108
16804,88,109
16805,88,110
16806,88,111
16807,88,112
16808,88,113
16809,88,114
16810,88,115
16811,88,116
16812,88,117
16813,88,118
16814,88,119
16815,88,120
16816,88,121
16817,88,122
16818,88,123
16819,88,124
16820,88,125
16821,88,126
16822,88,127
16823,88,128
16824,88,129
16825,88,130
16826,88,131
16827,88,132
16828,88,133
16829,88,134
16830,88,135
16831,88,136
16832,88,137
16833,88,138
16834,88,139
16835,88,140
16836,88,141
16837,88,142
16838,88,143
16839,88,144
16840,88,145
16841,88,146
16842,88,147
16843,88,148
16844,88,149
16845,88,150
16846,88,151
16847,88,152
16848,88,153
16849,88,154
16850,88,155
16851,88,156
16852,88,157
16853,88,158
16854,88,159
16855,88,160
16856,88,161
16857,88,162
16858,88,163
16859,88,164
16860,88,165
16861,88,166
16862,88,167
16863,88,168
16864,88,169
16865,88,170
16866,88,171
16867,88,172
16868,88,173
16869,88,174
16870,88,175
16871,88,176
16872,88,177
16873,88,178
16874,88,179
16875,88,180
16876,88,181
16877,88,182
16878,88,183
16879,88,184
16880,88,185
16881,88,186
16882,88,187
16883,88,188
16884,88,189
16885,88,190
16886,88,191
16887,88,192
16888,88,193
16889,88,194
16890,88,195
16891,88,196
16892,88,197
16893,88,198
16894,88,199
16895,88,200
16896,88,201
16897,88,202
16898,88,203
16899,88,204
16900,88,205
16901,88,206
16902,88,207
16903,88,208
16904,88,209
16905,88,210
16906,88,211
16907,88,212
16908,88,213
16909,88,214
16910,88,215
16911,88,216
16912,88,217
16913,88,218
16914,88,219
16915,88,220
16916,88,221
16917,88,222
16918,88,223
16919,88,224
16920,88,225
16921,88,226
16922,88,227
16923,88,228
16924,88,229
16925,88,230
16926,88,231
16927,88,232
16928,88,233
16929,88,234
16930,88,235
16931,88,236
16932,88,237
16933,88,238
16934,88,239
16935,88,240
16936,88,241
16937,88,242
16938,88,243
16939,88,244
16940,88,245
16941,88,246
16942,88,247
16943,88,248
16944,88,249
16945,88,250
16946,88,251
16947,88,252
16948,88,253
16949,89,2
16950,89,3
16951,89,4
16952,89,5
16953,89,6
16954,89,7
16955,89,8
16956,89,9
16957,89,10
16958,89,11
16959,89,12
16960,89,13
16961,89,14
16962,89,15
16963,89,16
16964,89,17
16965,89,18
16966,89,19
16967,89,20
16968,89,21
16969,89,22
16970,89,23
16971,89,24
16972,89,25
16973,89,26
16974,89,27
16975,89,28
16976,89,29
16977,89,30
16978,89,31
16979,89,32
16980,89,33
16981,89,34
16982,89,35
16983,89,36
16984,89,37
16985,89,38
16986,89,39
16987,89,40
16988,89,41
16989,89,42
16990,89,43
16991,89,44
16992,89,45
16993,89,46
16994,89,47
16995,89,48
16996,89,49
16997,89,50
16998,89,51
16999,89,52
17000,89,53
17001,89,54
17002,89,55
17003,89,56
17004,89,57
17005,89,58
17006,89,59
17007,89,60
17008,89,61
17009,89,62
17010,89,63
17011,89,64
17012,89,65
17013,89,66
17014,89,67
17015,89,68
17016,89,69
17017,89,70
17018,89,71
17019,89,72
17020,89,73
17021,89,74
17022,89,75
17023,89,76
17024,89,77
17025,89,78
17026,89,79
17027,89,80
17028,89,81
17029,89,82
17030,89,83
17031,89,84
17032,89,85
17033,89,86
17034,89,87
17035,89,88
17036,89,89
17037,89,90
17038,89,91
17039,89,92
17040,89,93
17041,89,94
17042,89,95
17043,89,96
17044,89,97
17045,89,98
17046,89,99
17047,89,100
17048,89,101
17049,89,102
17050,89,103
17051,89,104
17052,89,105
17053,89,106
17054,89,107
17055,89,108
17056,89,109
17057,89,110
17058,89,111
17059,89,112
17060,89,113
17061,89,114
17062,89,115
17063,89,116
17064,89,117
17065,89,118
17066,89,119
17067,89,120
17068,89,121
17069,89,122
17070,89,123
17071,89,124
17072,89,125
17073,89,126
17074,89,127
17075,89,128
17076,89,129
17077,89,130
17078,89,131
17079,89,132
17080,89,133
17081,89,134
17082,89,135
17083,89,136
17084,89,137
17085,89,138
17086,89,139
17087,89,140
17088,89,141
17089,89,142
17090,89,143
17091,89,144
17092,89,145
17093,89,146
17094,89,147
17095,89,148
17096,89,149
17097,89,150
17098,89,151
17099,89,152
17100,89,153
17101,89,154
17102,89,155
17103,89,156
17104,89,157
17105,89,158
17106,89,159
17107,89,160
17108,89,161
17109,89,162
17110,89,163
17111,89,164
17112,89,165
17113,89,166
17114,89,167
17115,89,168
17116,89,169
17117,89,170
17118,89,171
17119,89,172
17120,89,173
17121,89,174
17122,89,175
17123,89,176
17124,89,177
17125,89,178
17126,89,179
17127,89,180
17128,89,181
17129,89,182
17130,89,183
17131,89,184
17132,89,185
17133,89,186
17134,89,187
17135,89,188
17136,89,189
17137,89,190
17138,89,191
17139,89,192
17140,89,193
17141,89,194
17142,89,195
17143,89,196
17144,89,197
17145,89,198
17146,89,199
17147,89,200
17148,89,201
17149,89,202
17150,89,203
17151,89,204
17152,89,205
17153,89,206
17154,89,207
17155,89,208
17156,89,209
17157,89,210
17158,89,211
17159,89,212
17160,89,213
17161,89,214
17162,89,215
17163,89,216
17164,89,217
17165,89,218
17166,89,219
17167,89,220
17168,89,221
17169,89,222
17170,89,223
17171,89,224
17172,89,225
17173,89,226
17174,89,227
17175,89,228
17176,89,229
17177,89,230
17178,89,231
17179,89,232
17180,89,233
17181,89,234
17182,89,235
17183,89,236
17184,89,237
17185,89,238
17186,89,239
17187,89,240
17188,89,241
17189,89,242
17190,89,243
17191,89,244
17192,89,245
17193,89,246
17194,89,247
17195,89,248
17196,89,249
17197,89,250
17198,89,251
17199,89,252
17200,89,253
17201,89,254
17202,90,2
17203,90,3
17204,90,4
17205,90,5
17206,90,6
17207,90,7
17208,90,8
17209,90,9
17210,90,10
17211,90,11
17212,90,12
17213,90,13
17214,90,14
17215,90,15
17216,90,16
17217,90,17
17218,90,18
17219,90,19
17220,90,20
17221,90,21
17222,90,22
17223,90,23
17224,90,24
17225,90,25
17226,90,26
17227,90,27
17228,90,28
17229,90,29
17230,90,30
17231,90,31
17232,90,32
17233,90,33
17234,90,34
17235,90,35
17236,90,36
17237,90,37
17238,90,38
17239,90,39
17240,90,40
17241,90,41
17242,90,42
17243,90,43
17244,90,44
17245,90,45
17246,90,46
17247,90,47
17248,90,48
17249,90,49
17250,90,50
17251,90,51
17252,90,52
17253,90,53
17254,90,54
17255,90,55
17256,90,56
17257,90,57
17258,90,58
17259,90,59
17260,90,60
17261,90,61
17262,90,62
17263,90,63
17264,90,64
17265,90,65
17266,90,66
17267,90,67
17268,90,68
17269,90,69
17270,90,70
17271,90,71
17272,90,72
17273,90,73
17274,90,74
17275,90,75
17276,90,76
17277,90,77
17278,90,78
17279,90,79
17280,90,80
17281,90,81
17282,90,82
17283,90,83
17284,90,84
17285,90,85
17286,90,86
17287,90,87
17288,90,88
17289,90,89
17290,90,90
17291,90,91
17292,90,92
17293,90,93
17294,90,94
17295,90,95
17296,90,96
17297,90,97
17298,90,98
17299,90,99
17300,90,100
17301,90,101
17302,90,102
17303,90,103
17304,90,104
17305,90,105
17306,90,106
17307,90,107
17308,90,108
17309,90,109
17310,90,110
17311,90,111
17312,90,112
17313,90,113
17314,90,114
17315,90,115
17316,90,116
17317,90,117
17318,90,118
17319,90,119
17320,90,120
17321,90,121
17322,90,122
17323,90,123
17324,90,124
17325,90,125
17326,90,126
17327,90,127
17328,90,128
17329,90,129
17330,90,130
17331,90,131
17332,90,132
17333,90,133
17334,90,134
17335,90,135
17336,90,136
17337,90,137
17338,90,138
17339,90,139
17340,90,140
17341,90,141
17342,90,142
17343,90,143
17344,90,144
17345,90,145
17346,90,146
17347,90,147
17348,90,148
17349,90,149
17350,90,150
17351,90,151
17352,90,152
17353,90,153
17354,90,154
17355,90,155
17356,90,156
17357,90,157
17358,90,158
17359,90,159
17360,90,160
17361,90,161
17362,90,162
17363,90,163
17364,90,164
17365,90,165
17366,90,166
17367,90,167
17368,90,168
17369,90,169
17370,90,170
17371,90,171
17372,90,172
17373,90,173
17374,90,174
17375,90,175
17376,90,176
17377,90,177
17378,90,178
17379,90,179
17380,90,180
17381,90,181
17382,90,182
17383,90,183
17384,90,184
17385,90,185
17386,90,186
17387,90,187
17388,90,188
17389,90,189
17390,90,190
17391,90,191
17392,90,192
17393,90,193
17394,90,194
17395,90,195
17396,90,196
17397,90,197
17398,90,198
17399,90,199
17400,90,200
17401,90,201
17402,90,202
17403,90,203
17404,90,204
17405,90,205
17406,90,206
17407,90,207
17408,90,208
17409,90,209
17410,90,210
17411,90,211
17412,90,212
17413,90,213
17414,90,214
17415,90,215
17416,90,216
17417,90,217
17418,90,218
17419,90,219
17420,90,220
17421,90,221
17422,90,222
17423,90,223
17424,90,224
17425,90,225
17426,90,226
17427,90,227
17428,90,228
17429,90,229
17430,90,230
17431,90,231
17432,90,232
17433,90,233
17434,90,234
17435,90,235
17436,90,236
17437,90,237
17438,90,238
17439,90,239
17440,90,240
17441,90,241
17442,90,242
17443,90,243
17444,90,244
17445,90,245
17446,90,246
17447,90,247
17448,90,248
17449,90,249
17450,90,250
17451,90,251
17452,90,252
17453,90,253
17454,90,254
17455,91,2
17456,91,3
17457,91,4
17458,91,5
17459,91,6
17460,91,7
17461,91,8
17462,91,9
17463,91,10
17464,91,11
17465,91,12
17466,91,13
17467,91,14
17468,91,15
17469,91,16
17470,91,17
17471,91,18
17472,91,19
17473,91,20
17474,91,21
17475,91,22
17476,91,23
17477,91,24
17478,91,25
17479,91,26
17480,91,27
17481,91,28
17482,91,29
17483,91,30
17484,91,31
17485,91,32
17486,91,33
17487,91,34
17488,91,35
17489,91,36
17490,91,37
17491,91,38
17492,91,39
17493,91,40
17494,91,41
17495,91,42
17496,91,43
17497,91,44
17498,91,45
17499,91,46
17500,91,47
17501,91,48
17502,91,49
17503,91,50
17504,91,51
17505,91,52
17506,91,53
17507,91,54
17508,91,55
17509,91,56
17510,91,57
17511,91,58
17512,91,59
17513,91,60
17514,91,61
17515,91,62
17516,91,63
17517,91,64
17518,91,65
17519,91,66
17520,91,67
17521,91,68
17522,91,69
17523,91,70
17524,91,71
17525,91,72
17526,91,73
17527,91,74
17528,91,75
17529,91,76
17530,91,77
17531,91,78
17532,91,79
17533,91,80
17534,91,81
17535,91,82
17536,91,83
17537,91,84
17538,91,85
17539,91,86
17540,91,87
17541,91,88
17542,91,89
17543,91,90
17544,91,91
17545,91,92
17546,91,93
17547,91,94
17548,91,95
17549,91,96
17550,91,97
17551,91,98
17552,91,99
17553,91,100
17554,91,101
17555,91,102
17556,91,103
17557,91,104
17558,91,105
17559,91,106
17560,91,107
17561,91,108
17562,91,109
17563,91,110
17564,91,111
17565,91,112
17566,91,113
17567,91,114
17568,91,115
17569,91,116
17570,91,117
17571,91,118
17572,91,119
17573,91,120
17574,91,121
17575,91,122
17576,91,123
17577,91,124
17578,91,125
17579,91,126
17580,91,127
17581,91,128
17582,91,129
17583,91,130
17584,91,131
17585,91,132
17586,91,133
17587,91,134
17588,91,135
17589,91,136
17590,91,137
17591,91,138
17592,91,139
17593,91,140
17594,91,141
17595,91,142
17596,91,143
17597,91,144
17598,91,145
17599,91,146
17600,91,147
17601,91,148
17602,91,149
17603,91,150
17604,91,151
17605,91,152
17606,91,153
17607,91,154
17608,91,155
17609,91,156
17610,91,157
17611,91,158
17612,91,159
17613,91,160
17614,91,161
17615,91,162
17616,91,163
17617,91,164
17618,91,165
17619,91,166
17620,91,167
17621,91,168
17622,91,169
17623,91,170
17624,91,171
17625,91,172
17626,91,173
17627,91,174
17628,91,175
17629,91,176
17630,91,177
17631,91,178
17632,91,179
17633,91,180
17634,91,181
17635,91,182
17636,91,183
17637,91,184
17638,91,185
17639,91,186
17640,91,187
17641,91,188
17642,91,189
17643,91,190
17644,91,191
17645,91,192
17646,91,193
17647,91,194
17648,91,195
17649,91,196
17650,91,197
17651,91,198
17652,91,199
17653,91,200
17654,91,201
17655,91,202
17656,91,203
17657,91,204
17658,91,205
17659,91,206
17660,91,207
17661,91,208
17662,91,209
17663,91,210
17664,91,211
17665,91,212
17666,91,213
17667,91,214
17668,91,215
17669,91,216
17670,91,217
17671,91,218
17672,91,219
17673,91,220
17674,91,221
17675,91,222
17676,91,223
17677,91,224
17678,91,225
17679,91,226
17680,91,227
17681,91,228
17682,91,229
17683,91,230
17684,91,231
17685,91,232
17686,91,233
17687,91,234
17688,91,235
17689,91,236
17690,91,237
17691,91,238
17692,91,239
17693,91,240
17694,91,241
17695,91,242
17696,91,243
17697,91,244
17698,91,245
17699,91,246
17700,91,247
17701,91,248
17702,91,249
17703,91,250
17704,91,251
17705,91,252
17706,91,253
17707,91,254
17708,92,2
17709,92,3
17710,92,4
17711,92,5
17712,92,6
17713,92,7
17714,92,8
17715,92,9
17716,92,10
17717,92,11
17718,92,12
17719,92,13
17720,92,14
17721,92,15
17722,92,16
17723,92,17
17724,92,18
17725,92,19
17726,92,20
17727,92,21
17728,92,22
17729,92,23
17730,92,24
17731,92,25
17732,92,26
17733,92,27
17734,92,28
17735,92,29
17736,92,30
17737,92,31
17738,92,32
17739,92,33
17740,92,34
17741,92,35
17742,92,36
17743,92,37
17744,92,38
17745,92,39
17746,92,40
17747,92,41
17748,92,42
17749,92,43
17750,92,44
17751,92,45
17752,92,46
17753,92,47
17754,92,48
17755,92,49
17756,92,50
17757,92,51
17758,92,52
17759,92,53
17760,92,54
17761,92,55
17762,92,56
17763,92,57
17764,92,58
17765,92,59
17766,92,60
17767,92,61
17768,92,62
17769,92,63
17770,92,64
17771,92,65
17772,92,66
17773,92,67
17774,92,68
17775,92,69
17776,92,70
17777,92,71
17778,92,72
17779,92,73
17780,92,74
17781,92,75
17782,92,76
17783,92,77
17784,92,78
17785,92,79
17786,92,80
17787,92,81
17788,92,82
17789,92,83
17790,92,84
17791,92,85
17792,92,86
17793,92,87
17794,92,88
17795,92,89
17796,92,90
17797,92,91
17798,92,92
17799,92,93
17800,92,94
17801,92,95
17802,92,96
17803,92,97
17804,92,98
17805,92,99
17806,92,100
17807,92,101
17808,92,102
17809,92,103
17810,92,104
17811,92,105
17812,92,106
17813,92,107
17814,92,108
17815,92,109
17816,92,110
17817,92,111
17818,92,112
17819,92,113
17820,92,114
17821,92,115
17822,92,116
17823,92,117
17824,92,118
17825,92,119
17826,92,120
17827,92,121
17828,92,122
17829,92,123
17830,92,124
17831,92,125
17832,92,126
17833,92,127
17834,92,128
17835,92,129
17836,92,130
17837,92,131
17838,92,132
17839,92,133
17840,92,134
17841,92,135
17842,92,136
17843,92,137
17844,92,138
17845,92,139
17846,92,140
17847,92,141
17848,92,142
17849,92,143
17850,92,144
17851,92,145
17852,92,146
17853,92,147
17854,92,148
17855,92,149
17856,92,150
17857,92,151
17858,92,152
17859,92,153
17860,92,154
17861,92,155
17862,92,156
17863,92,157
17864,92,158
17865,92,159
17866,92,160
17867,92,161
17868,92,162
17869,92,163
17870,92,164
17871,92,165
17872,92,166
17873,92,167
17874,92,168
17875,92,169
17876,92,170
17877,92,171
17878,92,172
17879,92,173
17880,92,174
17881,92,175
17882,92,176
17883,92,177
17884,92,178
17885,92,179
17886,92,180
17887,92,181
17888,92,182
17889,92,183
17890,92,184
17891,92,185
17892,92,186
17893,92,187
17894,92,188
17895,92,189
17896,92,190
17897,92,191
17898,92,192
17899,92,193
17900,92,194
17901,92,195
17902,92,196
17903,92,197
17904,92,198
17905,92,199
17906,92,200
17907,92,201
17908,92,202
17909,92,203
17910,92,204
17911,92,205
17912,92,206
17913,92,207
17914,92,208
17915,92,209
17916,92,210
17917,92,211
17918,92,212
17919,92,213
17920,92,214
17921,92,215
17922,92,216
17923,92,217
17924,92,218
17925,92,219
17926,92,220
17927,92,221
17928,92,222
17929,92,223
17930,92,224
17931,92,225
17932,92,226
17933,92,227
17934,92,228
17935,92,229
17936,92,230
17937,92,231
17938,92,232
17939,92,233
17940,92,234
17941,92,235
17942,92,236
17943,92,237
17944,92,238
17945,92,239
17946,92,240
17947,92,241
17948,92,242
17949,92,243
17950,92,244
17951,92,245
17952,92,246
17953,92,247
17954,92,248
17955,92,249
17956,92,250
17957,92,251
17958,92,252
17959,92,253
17960,92,254
17961,93,1
17962,93,2
17963,93,3
17964,93,4
17965,93,5
17966,93,6
17967,93,7
17968,93,8
17969,93,9
17970,93,10
17971,93,11
17972,93,12
17973,93,13
17974,93,14
17975,93,15
17976,93,16
17977,93,17
17978,93,18
17979,93,19
17980,93,20
17981,93,21
17982,93,22
17983,93,23
17984,93,24
17985,93,25
17986,93,26
17987,93,27
17988,93,28
17989,93,29
17990,93,30
17991,93,31
17992,93,32
17993,93,33
17994,93,34
17995,93,35
17996,93,36
17997,93,37
17998,93,38
17999,93,39
18000,93,40
18001,93,41
18002,93,42
18003,93,43
18004,93,44
18005,93,45
18006,93,46
18007,93,47
18008,93,48
18009,93,49
18010,93,50
18011,93,51
18012,93,52
18013,93,53
18014,93,54
18015,93,55
18016,93,56
18017,93,57
18018,93,58
18019,93,59
18020,93,60
18021,93,61
18022,93,62
18023,93,63
18024,93,64
18025,93,65
18026,93,66
18027,93,67
18028,93,68
18029,93,69
18030,93,70
18031,93,71
18032,93,72
18033,93,73
18034,93,74
18035,93,75
18036,93,76
18037,93,77
18038,93,78
18039,93,79
18040,93,80
18041,93,81
18042,93,82
18043,93,83
18044,93,84
18045,93,85
18046,93,86
18047,93,87
18048,93,88
18049,93,89
18050,93,90
18051,93,91
18052,93,92
18053,93,93
18054,93,94
18055,93,95
18056,93,96
18057,93,97
18058,93,98
18059,93,99
18060,93,100
18061,93,101
18062,93,102
18063,93,103
18064,93,104
18065,93,105
18066,93,106
18067,93,107
18068,93,108
18069,93,109
18070,93,110
18071,93,111
18072,93,112
18073,93,113
18074,93,114
18075,93,115
18076,93,116
18077,93,117
18078,93,118
18079,93,119
18080,93,120
18081,93,121
18082,93,122
18083,93,123
18084,93,124
18085,93,125
18086,93,126
18087,93,127
18088,93,128
18089,93,129
18090,93,130
18091,93,131
18092,93,132
18093,93,133
18094,93,134
18095,93,135
18096,93,136
18097,93,137
18098,93,138
18099,93,139
18100,93,140
18101,93,141
18102,93,142
18103,93,143
18104,93,144
18105,93,145
18106,93,146
18107,93,147
18108,93,148
18109,93,149
18110,93,150
18111,93,151
18112,93,152
18113,93,153
18114,93,154
18115,93,155
18116,93,156
18117,93,157
18118,93,158
18119,93,159
18120,93,160
18121,93,161
18122,93,162
18123,93,163
18124,93,164
18125,93,165
18126,93,166
18127,93,167
18128,93,168
18129,93,169
18130,93,170
18131,93,171
18132,93,172
18133,93,173
18134,93,174
18135,93,175
18136,93,176
18137,93,177
18138,93,178
18139,93,179
18140,93,180
18141,93,181
18142,93,182
18143,93,183
18144,93,184
18145,93,185
18146,93,186
18147,93,187
18148,93,188
18149,93,189
18150,93,190
18151,93,191
18152,93,192
18153,93,193
18154,93,194
18155,93,195
18156,93,196
18157,93,197
18158,93,198
18159,93,199
18160,93,200
18161,93,201
18162,93,202
18163,93,203
18164,93,204
18165,93,205
18166,93,206
18167,93,207
18168,93,208
18169,93,209
18170,93,210
18171,93,211
18172,93,212
18173,93,213
18174,93,214
18175,93,215
18176,93,216
18177,93,217
18178,93,218
18179,93,219
18180,93,220
18181,93,221
18182,93,222
18183,93,223
18184,93,224
18185,93,225
18186,93,226
18187,93,227
18188,93,228
18189,93,229
18190,93,230
18191,93,231
18192,93,232
18193,93,233
18194,93,234
18195,93,235
18196,93,236
18197,93,237
18198,93,238
18199,93,239
18200,93,240
18201,93,241
18202,93,242
18203,93,243
18204,93,244
18205,93,245
18206,93,246
18207,93,247
18208,93,248
18209,93,249
18210,93,250
18211,93,251
18212,93,252
18213,93,253
18214,93,254
18215,93,255
18216,94,1
18217,94,2
18218,94,3
18219,94,4
18220,94,5
18221,94,6
18222,94,7
18223,94,8
18224,94,9
18225,94,10
18226,94,11
18227,94,12
18228,94,13
18229,94,14
18230,94,15
18231,94,16
18232,94,17
18233,94,18
18234,94,19
18235,94,20
18236,94,21
18237,94,22
18238,94,23
18239,94,24
18240,94,25
18241,94,26
18242,94,27
18243,94,28
18244,94,29
18245,94,30
18246,94,31
18247,94,32
18248,94,33
18249,94,34
18250,94,35
18251,94,36
18252,94,37
18253,94,38
18254,94,39
18255,94,40
18256,94,41
18257,94,42
18258,94,43
18259,94,44
18260,94,45
18261,94,46
18262,94,47
18263,94,48
18264,94,49
18265,94,50
18266,94,51
18267,94,52
18268,94,53
18269,94,54
18270,94,55
18271,94,56
18272,94,57
18273,94,58
18274,94,59
18275,94,60
18276,94,61
18277,94,62
18278,94,63
18279,94,64
18280,94,65
18281,94,66
18282,94,67
18283,94,68
18284,94,69
18285,94,70
18286,94,71
18287,94,72
18288,94,73
18289,94,74
18290,94,75
18291,94,76
18292,94,77
18293,94,78
18294,94,79
18295,94,80
18296,94,81
18297,94,82
18298,94,83
18299,94,84
18300,94,85
18301,94,86
18302,94,87
18303,94,88
18304,94,89
18305,94,90
18306,94,91
18307,94,92
18308,94,93
18309,94,94
18310,94,95
18311,94,96
18312,94,97
18313,94,98
18314,94,99
18315,94,100
18316,94,101
18317,94,102
18318,94,103
18319,94,104
18320,94,105
18321,94,106
18322,94,107
18323,94,108
18324,94,109
18325,94,110
18326,94,111
18327,94,112
18328,94,113
18329,94,114
18330,94,115
18331,94,116
18332,94,117
18333,94,118
18334,94,119
18335,94,120
18336,94,121
18337,94,122
18338,94,123
18339,94,124
18340,94,125
18341,94,126
18342,94,127
18343,94,128
18344,94,129
18345,94,130
18346,94,131
18347,94,132
18348,94,133
18349,94,134
18350,94,135
18351,94,136
18352,94,137
18353,94,138
18354,94,139
18355,94,140
18356,94,141
18357,94,142
18358,94,143
18359,94,144
18360,94,145
18361,94,146
18362,94,147
18363,94,148
18364,94,149
18365,94,150
18366,94,151
18367,94,152
18368,94,153
18369,94,154
18370,94,155
18371,94,156
18372,94,157
18373,94,158
18374,94,159
18375,94,160
18376,94,161
18377,94,162
18378,94,163
18379,94,164
18380,94,165
18381,94,166
18382,94,167
18383,94,168
18384,94,169
18385,94,170
18386,94,171
18387,94,172
18388,94,173
18389,94,174
18390,94,175
18391,94,176
18392,94,177
18393,94,178
18394,94,179
18395,94,180
18396,94,181
18397,94,182
18398,94,183
18399,94,184
18400,94,185
18401,94,186
18402,94,187
18403,94,188
18404,94,189
18405,94,190
18406,94,191
18407,94,192
18408,94,193
18409,94,194
18410,94,195
18411,94,196
18412,94,197
18413,94,198
18414,94,199
18415,94,200
18416,94,201
18417,94,202
18418,94,203
18419,94,204
18420,94,205
18421,94,206
18422,94,207
18423,94,208
18424,94,209
18425,94,210
18426,94,211
18427,94,212
18428,94,213
18429,94,214
18430,94,215
18431,94,216
18432,94,217
18433,94,218
18434,94,219
18435,94,220
18436,94,221
18437,94,222
18438,94,223
18439,94,224
18440,94,225
18441,94,226
18442,94,227
18443,94,228
18444,94,229
18445,94,230
18446,94,231
18447,94,232
18448,94,233
18449,94,234
18450,94,235
18451,94,236
18452,94,237
18453,94,238
18454,94,239
18455,94,240
18456,94,241
18457,94,242
18458,94,243
18459,94,244
18460,94,245
18461,94,246
18462,94,247
18463,94,248
18464,94,249
18465,94,250
18466,94,251
18467,94,252
18468,94,253
18469,94,254
18470,94,255
18471,95,1
18472,95,2
18473,95,3
18474,95,4
18475,95,5
18476,95,6
18477,95,7
18478,95,8
18479,95,9
18480,95,10
18481,95,11
18482,95,12
18483,95,13
18484,95,14
18485,95,15
18486,95,16
18487,95,17
18488,95,18
18489,95,19
18490,95,20
18491,95,21
18492,95,22
18493,95,23
18494,95,24
18495,95,25
18496,95,26
18497,95,27
18498,95,28
18499,95,29
18500,95,30
18501,95,31
18502,95,32
18503,95,33
18504,95,34
18505,95,35
18506,95,36
18507,95,37
18508,95,38
18509,95,39
18510,95,40
18511,95,41
18512,95,42
18513,95,43
18514,95,44
18515,95,45
18516,95,46
18517,95,47
18518,95,48
18519,95,49
18520,95,50
18521,95,51
18522,95,52
18523,95,53
18524,95,54
18525,95,55
18526,95,56
18527,95,57
18528,95,58
18529,95,59
18530,95,60
18531,95,61
18532,95,62
18533,95,63
18534,95,64
18535,95,65
18536,95,66
18537,95,67
18538,95,68
18539,95,69
18540,95,70
18541,95,71
18542,95,72
18543,95,73
18544,95,74
18545,95,75
18546,95,76
18547,95,77
18548,95,78
18549,95,79
18550,95,80
18551,95,81
18552,95,82
18553,95,83
18554,95,84
18555,95,85
18556,95,86
18557,95,87
18558,95,88
18559,95,89
18560,95,90
18561,95,91
18562,95,92
18563,95,93
18564,95,94
18565,95,95
18566,95,96
18567,95,97
18568,95,98
18569,95,99
18570,95,100
18571,95,101
18572,95,102
18573,95,103
18574,95,104
18575,95,105
18576,95,106
18577,95,107
18578,95,108
18579,95,109
18580,95,110
18581,95,111
18582,95,112
18583,95,113
18584,95,114
18585,95,115
18586,95,116
18587,95,117
18588,95,118
18589,95,119
18590,95,120
18591,95,121
18592,95,122
18593,95,123
18594,95,124
18595,95,125
18596,95,126
18597,95,127
18598,95,128
18599,95,129
18600,95,130
18601,95,131
18602,95,132
18603,95,133
18604,95,134
18605,95,135
18606,95,136
18607,95,137
18608,95,138
18609,95,139
18610,95,140
18611,95,141
18612,95,142
18613,95,143
18614,95,144
18615,95,145
18616,95,146
18617,95,147
18618,95,148
18619,95,149
18620,95,150
18621,95,151
18622,95,152
18623,95,153
18624,95,154
18625,95,155
18626,95,156
18627,95,157
18628,95,158
18629,95,159
18630,95,160
18631,95,161
18632,95,162
18633,95,163
18634,95,164
18635,95,165
18636,95,166
18637,95,167
18638,95,168
18639,95,169
18640,95,170
18641,95,171
18642,95,172
18643,95,173
18644,95,174
18645,95,175
18646,95,176
18647,95,177
18648,95,178
18649,95,179
18650,95,180
18651,95,181
18652,95,182
18653,95,183
18654,95,184
18655,95,185
18656,95,186
18657,95,187
18658,95,188
18659,95,189
18660,95,190
18661,95,191
18662,95,192
18663,95,193
18664,95,194
18665,95,195
18666,95,196
18667,95,197
18668,95,198
18669,95,199
18670,95,200
18671,95,201
18672,95,202
18673,95,203
18674,95,204
18675,95,205
18676,95,206
18677,95,207
18678,95,208
18679,95,209
18680,95,210
18681,95,211
18682,95,212
18683,95,213
18684,95,214
18685,95,215
18686,95,216
18687,95,217
18688,95,218
18689,95,219
18690,95,220
18691,95,221
18692,95,222
18693,95,223
18694,95,224
18695,95,225
18696,95,226
18697,95,227
18698,95,228
18699,95,229
18700,95,230
18701,95,231
18702,95,232
18703,95,233
18704,95,234
18705,95,235
18706,95,236
18707,95,237
18708,95,238
18709,95,239
18710,95,240
18711,95,241
18712,95,242
18713,95,243
18714,95,244
18715,95,245
18716,95,246
18717,95,247
18718,95,248
18719,95,249
18720,95,250
18721,95,251
18722,95,252
18723,95,253
18724,95,254
18725,95,255
18726,96,0
18727,96,1
18728,96,2
18729,96,3
18730,96,4
18731,96,5
18732,96,6
18733,96,7
18734,96,8
18735,96,9
18736,96,10
18737,96,11
18738,96,12
18739,96,13
18740,96,14
18741,96,15
18742,96,16
18743,96,17
18744,96,18
18745,96,19
18746,96,20
18747,96,21
18748,96,22
18749,96,23
18750,96,24
18751,96,25
18752,96,26
18753,96,27
18754,96,28
18755,96,29
18756,96,30
18757,96,31
18758,96,32
18759,96,33
18760,96,34
18761,96,35
18762,96,36
18763,96,37
18764,96,38
18765,96,39
18766,96,40
18767,96,41
18768,96,42
18769,96,43
18770,96,44
18771,96,45
18772,96,46
18773,96,47
18774,96,48
18775,96,49
18776,96,50
18777,96,51
18778,96,52
18779,96,53
18780,96,54
18781,96,55
18782,96,56
18783,96,57
18784,96,58
18785,96,59
18786,96,60
18787,96,61
18788,96,62
18789,96,63
18790,96,64
18791,96,65
18792,96,66
18793,96,67
18794,96,68
18795,96,69
18796,96,70
18797,96,71
18798,96,72
18799,96,73
18800,96,74
18801,96,75
18802,96,76
18803,96,77
18804,96,78
18805,96,79
18806,96,80
18807,96,81
18808,96,82
18809,96,83
18810,96,84
18811,96,85
18812,96,86
18813,96,87
18814,96,88
18815,96,89
18816,96,90
18817,96,91
18818,96,92
18819,96,93
18820,96,94
18821,96,95
18822,96,96
18823,96,97
18824,96,98
18825,96,99
18826,96,100
18827,96,101
18828,96,102
18829,96,103
18830,96,104
18831,96,105
18832,96,106
18833,96,107
18834,96,108
18835,96,109
18836,96,110
18837,96,111
18838,96,112
18839,96,113
18840,96,114
18841,96,115
18842,96,116
18843,96,117
18844,96,118
18845,96,119
18846,96,120
18847,96,121
18848,96,122
18849,96,123
18850,96,124
18851,96,125
18852,96,126
18853,96,127
18854,96,128
18855,96,129
18856,96,130
18857,96,131
18858,96,132
18859,96,133
18860,96,134
18861,96,135
18862,96,136
18863,96,137
18864,96,138
18865,96,139
18866,96,140
18867,96,141
18868,96,142
18869,96,143
18870,96,144
18871,96,145
18872,96,146
18873,96,147
18874,96,148
18875,96,149
18876,96,150
18877,96,151
18878,96,152
18879,96,153
18880,96,154
18881,96,155
18882,96,156
18883,96,157
18884,96,158
18885,96,159
18886,96,160
18887,96,161
18888,96,162
18889,96,163
18890,96,164
18891,96,165
18892,96,166
18893,96,167
18894,96,168
18895,96,169
18896,96,170
18897,96,171
18898,96,172
18899,96,173
18900,96,174
18901,96,175
18902,96,176
18903,96,177
18904,96,178
18905,96,179
18906,96,180
18907,96,181
18908,96,182
18909,96,183
18910,96,184
18911,96,185
18912,96,186
18913,96,187
18914,96,188
18915,96,189
18916,96,190
18917,96,191
18918,96,192
18919,96,193
18920,96,194
18921,96,195
18922,96,196
18923,96,197
18924,96,198
18925,96,199
18926,96,200
18927,96,201
18928,96,202
18929,96,203
18930,96,204
18931,96,205
18932,96,206
18933,96,207
18934,96,208
18935,96,209
18936,96,210
18937,96,211
18938,96,212
18939,96,213
18940,96,214
18941,96,215
18942,96,216
18943,96,217
18944,96,218
18945,96,219
18946,96,220
18947,96,221
18948,96,222
18949,96,223
18950,96,224
18951,96,225
18952,96,226
18953,96,227
18954,96,228
18955,96,229
18956,96,230
18957,96,231
18958,96,232
18959,96,233
18960,96,234
18961,96,235
18962,96,236
18963,96,237
18964,96,238
18965,96,239
18966,96,240
18967,96,241
18968,96,242
18969,96,243
18970,96,244
18971,96,245
18972,96,246
18973,96,247
18974,96,248
18975,96,249
18976,96,250
18977,96,251
18978,96,252
18979,96,253
18980,96,254
18981,96,255
18982,97,0
18983,97,1
18984,97,2
18985,97,3
18986,97,4
18987,97,5
18988,97,6
18989,97,7
18990,97,8
18991,97,9
18992,97,10
18993,97,11
18994,97,12
18995,97,13
18996,97,14
18997,97,15
18998,97,16
18999,97,17
19000,97,18
19001,97,19
19002,97,20
19003,97,21
19004,97,22
19005,97,23
19006,97,24
19007,97,25
19008,97,26
19009,97,27
19010,97,28
19011,97,29
19012,97,30
19013,97,31
19014,97,32
19015,97,33
19016,97,34
19017,97,35
19018,97,36
19019,97,37
19020,97,38
19021,97,39
19022,97,40
19023,97,41
19024,97,42
19025,97,43
19026,97,44
19027,97,45
19028,97,46
19029,97,47
19030,97,48
19031,97,49
19032,97,50
19033,97,51
19034,97,52
19035,97,53
19036,97,54
19037,97,55
19038,97,56
19039,97,57
19040,97,58
19041,97,59
19042,97,60
19043,97,61
19044,97,62
19045,97,63
19046,97,64
19047,97,65
19048,97,66
19049,97,67
19050,97,68
19051,97,69
19052,97,70
19053,97,71
19054,97,72
19055,97,73
19056,97,74
19057,97,75
19058,97,76
19059,97,77
19060,97,78
19061,97,79
19062,97,80
19063,97,81
19064,97,82
19065,97,83
19066,97,84
19067,97,85
19068,97,86
19069,97,87
19070,97,88
19071,97,89
19072,97,90
19073,97,91
19074,97,92
19075,97,93
19076,97,94
19077,97,95
19078,97,96
19079,97,97
19080,97,98
19081,97,99
19082,97,100
19083,97,101
19084,97,102
19085,97,103
19086,97,104
19087,97,105
19088,97,106
19089,97,107
19090,97,108
19091,97,109
19092,97,110
19093,97,111
19094,97,112
19095,97,113
19096,97,114
19097,97,115
19098,97,116
19099,97,117
19100,97,118
19101,97,119
19102,97,120
19103,97,121
19104,97,122
19105,97,123
19106,97,124
19107,97,125
19108,97,126
19109,97,127
19110,97,128
19111,97,129
19112,97,130
19113,97,131
19114,97,132
19115,97,133
19116,97,134
19117,97,135
19118,97,136
19119,97,137
19120,97,138
19121,97,139
19122,97,140
19123,97,141
19124,97,142
19125,97,143
19126,97,144
19127,97,145
19128,97,146
19129,97,147
19130,97,148
19131,97,149
19132,97,150
19133,97,151
19134,97,152
19135,97,153
19136,97,154
19137,97,155
19138,97,156
19139,97,157
19140,97,158
19141,97,159
19142,97,160
19143,97,161
19144,97,162
19145,97,163
19146,97,164
19147,97,165
19148,97,166
19149,97,167
19150,97,168
19151,97,169
19152,97,170
19153,97,171
19154,97,172
19155,97,173
19156,97,174
19157,97,175
19158,97,176
19159,97,177
19160,97,178
19161,97,179
19162,97,180
19163,97,181
19164,97,182
19165,97,183
19166,97,184
19167,97,185
19168,97,186
19169,97,187
19170,97,188
19171,97,189
19172,97,190
19173,97,191
19174,97,192
19175,97,193
19176,97,194
19177,97,195
19178,97,196
19179,97,197
19180,97,198
19181,97,199
19182,97,200
19183,97,201
19184,97,202
19185,97,203
19186,97,204
19187,97,205
19188,97,206
19189,97,207
19190,97,208
19191,97,209
19192,97,210
19193,97,211
19194,97,212
19195,97,213
19196,97,214
19197,97,215
19198,97,216
19199,97,217
19200,97,218
19201,97,219
19202,97,220
19203,97,221
19204,97,222
19205,97,223
19206,97,224
19207,97,225
19208,97,226
19209,97,227
19210,97,228
19211,97,229
19212,97,230
19213,97,231
19214,97,232
19215,97,233
19216,97,234
19217,97,235
19218,97,236
19219,97,237
19220,97,238
19221,97,239
19222,97,240
19223,97,241
19224,97,242
19225,97,243
19226,97,244
19227,97,245
19228,97,246
19229,97,247
19230,97,248
19231,97,249
19232,97,250
19233,97,251
19234,97,252
19235,97,253
19236,97,254
19237,97,255
19238,98,0
19239,98,1
19240,98,2
19241,98,3
19242,98,4
19243,98,5
19244,98,6
19245,98,7
19246,98,8
19247,98,9
19248,98,10
19249,98,11
19250,98,12
19251,98,13
19252,98,14
19253,98,15
19254,98,16
19255,98,17
19256,98,18
19257,98,19
19258,98,20
19259,98,21
19260,98,22
19261,98,23
19262,98,24
19263,98,25
19264,98,26
19265,98,27
19266,98,28
19267,98,29
19268,98,30
19269,98,31
19270,98,32
19271,98,33
19272,98,34
19273,98,35
19274,98,36
19275,98,37
19276,98,38
19277,98,39
19278,98,40
19279,98,41
19280,98,42
19281,98,43
19282,98,44
19283,98,45
19284,98,46
19285,98,47
19286,98,48
19287,98,49
19288,98,50
19289,98,51
19290,98,52
19291,98,53
19292,98,54
19293,98,55
19294,98,56
19295,98,57
19296,98,58
19297,98,59
19298,98,60
19299,98,61
19300,98,62
19301,98,63
19302,98,64
19303,98,65
19304,98,66
19305,98,67
19306,98,68
19307,98,69
19308,98,70
19309,98,71
19310,98,72
19311,98,73
19312,98,74
19313,98,75
19314,98,76
19315,98,77
19316,98,78
19317,98,79
19318,98,80
19319,98,81
19320,98,82
19321,98,83
19322,98,84
19323,98,85
19324,98,86
19325,98,87
19326,98,88
19327,98,89
19328,98,90
19329,98,91
19330,98,92
19331,98,93
19332,98,94
19333,98,95
19334,98,96
19335,98,97
19336,98,98
19337,98,99
19338,98,100
19339,98,101
19340,98,102
19341,98,103
19342,98,104
19343,98,105
19344,98,106
19345,98,107
19346,98,108
19347,98,109
19348,98,110
19349,98,111
19350,98,112
19351,98,113
19352,98,114
19353,98,115
19354,98,116
19355,98,117
19356,98,118
19357,98,119
19358,98,120
19359,98,121
19360,98,122
19361,98,123
19362,98,124
19363,98,125
19364,98,126
19365,98,127
19366,98,128
19367,98,129
19368,98,130
19369,98,131
19370,98,132
19371,98,133
19372,98,134
19373,98,135
19374,98,136
19375,98,137
19376,98,138
19377,98,139
19378,98,140
19379,98,141
19380,98,142
19381,98,143
19382,98,144
19383,98,145
19384,98,146
19385,98,147
19386,98,148
19387,98,149
19388,98,150
19389,98,151
19390,98,152
19391,98,153
19392,98,154
19393,98,155
19394,98,156
19395,98,157
19396,98,158
19397,98,159
19398,98,160
19399,98,161
19400,98,162
19401,98,163
19402,98,164
19403,98,165
19404,98,166
19405,98,167
19406,98,168
19407,98,169
19408,98,170
19409,98,171
19410,98,172
19411,98,173
19412,98,174
19413,98,175
19414,98,176
19415,98,177
19416,98,178
19417,98,179
19418,98,180
19419,98,181
19420,98,182
19421,98,183
19422,98,184
19423,98,185
19424,98,186
19425,98,187
19426,98,188
19427,98,189
19428,98,190
19429,98,191
19430,98,192
19431,98,193
19432,98,194
19433,98,195
19434,98,196
19435,98,197
19436,98,198
19437,98,199
19438,98,200
19439,98,201
19440,98,202
19441,98,203
19442,98,204
19443,98,205
19444,98,206
19445,98,207
19446,98,208
19447,98,209
19448,98,210
19449,98,211
19450,98,212
19451,98,213
19452,98,214
19453,98,215
19454,98,216
19455,98,217
19456,98,218
19457,98,219
19458,98,220
19459,98,221
19460,98,222
19461,98,223
19462,98,224
19463,98,225
19464,98,226
19465,98,227
19466,98,228
19467,98,229
19468,98,230
19469,98,231
19470,98,232
19471,98,233
19472,98,234
19473,98,235
19474,98,236
19475,98,237
19476,98,238
19477,98,239
19478,98,240
19479,98,241
19480,98,242
19481,98,243
19482,98,244
19483,98,245
19484,98,246
19485,98,247
19486,98,248
19487,98,249
19488,98,250
19489,98,251
19490,98,252
19491,98,253
19492,98,254
19493,98,255
19494,99,0
19495,99,1
19496,99,2
19497,99,3
19498,99,4
19499,99,5
19500,99,6
19501,99,7
19502,99,8
19503,99,9
19504,99,10
19505,99,11
19506,99,12
19507,99,13
19508,99,14
19509,99,15
19510,99,16
19511,99,17
19512,99,18
19513,99,19
19514,99,20
19515,99,21
19516,99,22
19517,99,23
19518,99,24
19519,99,25
19520,99,26
19521,99,27
19522,99,28
19523,99,29
19524,99,30
19525,99,31
19526,99,32
19527,99,33
19528,99,34
19529,99,35
19530,99,36
19531,99,37
19532,99,38
19533,99,39
19534,99,40
19535,99,41
19536,99,42
19537,99,43
19538,99,44
19539,99,45
19540,99,46
19541,99,47
19542,99,48
19543,99,49
19544,99,50
19545,99,51
19546,99,52
19547,99,53
19548,99,54
19549,99,55
19550,99,56
19551,99,57
19552,99,58
19553,99,59
19554,99,60
19555,99,61
19556,99,62
19557,99,63
19558,99,64
19559,99,65
19560,99,66
19561,99,67
19562,99,68
19563,99,69
19564,99,70
19565,99,71
19566,99,72
19567,99,73
19568,99,74
19569,99,75
19570,99,76
19571,99,77
19572,99,78
19573,99,79
19574,99,80
19575,99,81
19576,99,82
19577,99,83
19578,99,84
19579,99,85
19580,99,86
19581,99,87
19582,99,88
19583,99,89
19584,99,90
19585,99,91
19586,99,92
19587,99,93
19588,99,94
19589,99,95
19590,99,96
19591,99,97
19592,99,98
19593,99,99
19594,99,100
19595,99,101
19596,99,102
19597,99,103
19598,99,104
19599,99,105
19600,99,106
19601,99,107
19602,99,108
19603,99,109
19604,99,110
19605,99,111
19606,99,112
19607,99,113
19608,99,114
19609,99,115
19610,99,116
19611,99,117
19612,99,118
19613,99,119
19614,99,120
19615,99,121
19616,99,122
19617,99,123
19618,99,124
19619,99,125
19620,99,126
19621,99,127
19622,99,128
19623,99,129
19624,99,130
19625,99,131
19626,99,132
19627,99,133
19628,99,134
19629,99,135
19630,99,136
19631,99,137
19632,99,138
19633,99,139
19634,99,140
19635,99,141
19636,99,142
19637,99,143
19638,99,144
19639,99,145
19640,99,146
19641,99,147
19642,99,148
19643,99,149
19644,99,150
19645,99,151
19646,99,152
19647,99,153
19648,99,154
19649,99,155
19650,99,156
19651,99,157
19652,99,158
19653,99,159
19654,99,160
19655,99,161
19656,99,162
19657,99,163
19658,99,164
19659,99,165
19660,99,166
19661,99,167
19662,99,168
19663,99,169
19664,99,170
19665,99,171
19666,99,172
19667,99,173
19668,99,174
19669,99,175
19670,99,176
19671,99,177
19672,99,178
19673,99,179
19674,99,180
19675,99,181
19676,99,182
19677,99,183
19678,99,184
19679,99,185
19680,99,186
19681,99,187
19682,99,188
19683,99,189
19684,99,190
19685,99,191
19686,99,192
19687,99,193
19688,99,194
19689,99,195
19690,99,196
19691,99,197
19692,99,198
19693,99,199
19694,99,200
19695,99,201
19696,99,202
19697,99,203
19698,99,204
19699,99,205
19700,99,206
19701,99,207
19702,99,208
19703,99,209
19704,99,210
19705,99,211
19706,99,212
19707,99,213
19708,99,214
19709,99,215
19710,99,216
19711,99,217
19712,99,218
19713,99,219
19714,99,220
19715,99,221
19716,99,222
19717,99,223
19718,99,224
19719,99,225
19720,99,226
19721,99,227
19722,99,228
19723,99,229
19724,99,230
19725,99,231
19726,99,232
19727,99,233
19728,99,234
19729,99,235
19730,99,236
19731,99,237
19732,99,238
19733,99,239
19734,99,240
19735,99,241
19736,99,242
19737,99,243
19738,99,244
19739,99,245
19740,99,246
19741,99,247
19742,99,248
19743,99,249
19744,99,250
19745,99,251
19746,99,252
19747,99,253
19748,99,254
19749,99,255
19750,100,0
19751,100,1
19752,100,2
19753,100,3
19754,100,4
19755,100,5
19756,100,6
19757,100,7
19758,100,8
19759,100,9
19760,100,10
19761,100,11
19762,100,12
19763,100,13
19764,100,14
19765,100,15
19766,100,16
19767,100,17
19768,100,18
19769,100,19
19770,100,20
19771,100,21
19772,100,22
19773,100,23
19774,100,24
19775,100,25
19776,100,26
19777,100,27
19778,100,28
19779,100,29
19780,100,30
19781,100,31
19782,100,32
19783,100,33
19784,100,34
19785,100,35
19786,100,36
19787,100,37
19788,100,38
19789,100,39
19790,100,40
19791,100,41
19792,100,42
19793,100,43
19794,100,44
19795,100,45
19796,100,46
19797,100,47
19798,100,48
19799,100,49
19800,100,50
19801,100,51
19802,100,52
19803,100,53
19804,100,54
19805,100,55
19806,100,56
19807,100,57
19808,100,58
19809,100,59
19810,100,60
19811,100,61
19812,100,62
19813,100,63
19814,100,64
19815,100,65
19816,100,66
19817,100,67
19818,100,68
19819,100,69
19820,100,70
19821,100,71
19822,100,72
19823,100,73
19824,100,74
19825,100,75
19826,100,76
19827,100,77
19828,100,78
19829,100,79
19830,100,80
19831,100,81
19832,100,82
19833,100,83
19834,100,84
19835,100,85
19836,100,86
19837,100,87
19838,100,88
19839,100,89
19840,100,90
19841,100,91
19842,100,92
19843,100,93
19844,100,94
19845,100,95
19846,100,96
19847,100,97
19848,100,98
19849,100,99
19850,100,100
19851,100,101
19852,100,102
19853,100,103
19854,100,104
19855,100,105
19856,100,106
19857,100,107
19858,100,108
19859,100,109
19860,100,110
19861,100,111
19862,100,112
19863,100,113
19864,100,114
19865,100,115
19866,100,116
19867,100,117
19868,100,118
19869,100,119
19870,100,120
19871,100,121
19872,100,122
19873,100,123
19874,100,124
19875,100,125
19876,100,126
19877,100,127
19878,100,128
19879,100,129
19880,100,130
19881,100,131
19882,100,132
19883,100,133
19884,100,134
19885,100,135
19886,100,136
19887,100,137
19888,100,138
19889,100,139
19890,100,140
19891,100,141
19892,100,142
19893,100,143
19894,100,144
19895,100,145
19896,100,146
19897,100,147
19898,100,148
19899,100,149
19900,100,150
19901,100,151
19902,100,152
19903,100,153
19904,100,154
19905,100,155
19906,100,156
19907,100,157
19908,100,158
19909,100,159
19910,100,160
19911,100,161
19912,100,162
19913,100,163
19914,100,164
19915,100,165
19916,100,166
19917,100,167
19918,100,168
19919,100,169
19920,100,170
19921,100,171
19922,100,172
19923,100,173
19924,100,174
19925,100,175
19926,100,176
19927,100,177
19928,100,178
19929,100,179
19930,100,180
19931,100,181
19932,100,182
19933,100,183
19934,100,184
19935,100,185
19936,100,186
19937,100,187
19938,100,188
19939,100,189
19940,100,190
19941,100,191
19942,100,192
19943,100,193
19944,100,194
19945,100,195
19946,100,196
19947,100,197
19948,100,198
19949,100,199
19950,100,200
19951,100,201
19952,100,202
19953,100,203
19954,100,204
19955,100,205
19956,100,206
19957,100,207
19958,100,208
19959,100,209
19960,100,210
19961,100,211
19962,100,212
19963,100,213
19964,100,214
19965,100,215
19966,100,216
19967,100,217
19968,100,218
19969,100,219
19970,100,220
19971,100,221
19972,100,222
19973,100,223
19974,100,224
19975,100,225
19976,100,226
19977,100,227
19978,100,228
19979,100,229
19980,100,230
19981,100,231
19982,100,232
19983,100,233
19984,100,234
19985,100,235
19986,100,236
19987,100,237
19988,100,238
19989,100,239
19990,100,240
19991,100,241
19992,100,242
19993,100,243
19994,100,244
19995,100,245
19996,100,246
19997,100,247
19998,100,248
19999,100,249
20000,100,250
20001,100,251
20002,100,252
20003,100,253
20004,100,254
20005,100,255
20006,101,0
20007,101,1
20008,101,2
20009,101,3
20010,101,4
20011,101,5
20012,101,6
20013,101,7
20014,101,8
20015,101,9
20016,101,10
20017,101,11
20018,101,12
20019,101,13
20020,101,14
20021,101,15
20022,101,16
20023,101,17
20024,101,18
20025,101,19
20026,101,20
20027,101,21
20028,101,22
20029,101,23
20030,101,24
20031,101,25
20032,101,26
20033,101,27
20034,101,28
20035,101,29
20036,101,30
20037,101,31
20038,101,32
20039,101,33
20040,101,34
20041,101,35
20042,101,36
20043,101,37
20044,101,38
20045,101,39
20046,101,40
20047,101,41
20048,101,42
20049,101,43
20050,101,44
20051,101,45
20052,101,46
20053,101,47
20054,101,48
20055,101,49
20056,101,50
20057,101,51
20058,101,52
20059,101,53
20060,101,54
20061,101,55
20062,101,56
20063,101,57
20064,101,58
20065,101,59
20066,101,60
20067,101,61
20068,101,62
20069,101,63
20070,101,64
20071,101,65
20072,101,66
20073,101,67
20074,101,68
20075,101,69
20076,101,70
20077,101,71
20078,101,72
20079,101,73
20080,101,74
20081,101,75
20082,101,76
20083,101,77
20084,101,78
20085,101,79
20086,101,80
20087,101,81
20088,101,82
20089,101,83
20090,101,84
20091,101,85
20092,101,86
20093,101,87
20094,101,88
20095,101,89
20096,101,90
20097,101,91
20098,101,92
20099,101,93
20100,101,94
20101,101,95
20102,101,96
20103,101,97
20104,101,98
20105,101,99
20106,101,100
20107,101,101
20108,101,102
20109,101,103
20110,101,104
20111,101,105
20112,101,106
20113,101,107
20114,101,108
20115,101,109
20116,101,110
20117,101,111
20118,101,112
20119,101,113
20120,101,114
20121,101,115
20122,101,116
20123,101,117
20124,101,118
20125,101,119
20126,101,120
20127,101,121
20128,101,122
20129,101,123
20130,101,124
20131,101,125
20132,101,126
20133,101,127
20134,101,128
20135,101,129
20136,101,130
20137,101,131
20138,101,132
20139,101,133
20140,101,134
20141,101,135
20142,101,136
20143,101,137
20144,101,138
20145,101,139
20146,101,140
20147,101,141
20148,101,142
20149,101,143
20150,101,144
20151,101,145
20152,101,146
20153,101,147
20154,101,148
20155,101,149
20156,101,150
20157,101,151
20158,101,152
20159,101,153
20160,101,154
20161,101,155
20162,101,156
20163,101,157
20164,101,158
20165,101,159
20166,101,160
20167,101,161
20168,101,162
20169,101,163
20170,101,164
20171,101,165
20172,101,166
20173,101,167
20174,101,168
20175,101,169
20176,101,170
20177,101,171
20178,101,172
20179,101,173
20180,101,174
20181,101,175
20182,101,176
20183,101,177
20184,101,178
20185,101,179
20186,101,180
20187,101,181
20188,101,182
20189,101,183
20190,101,184
20191,101,185
20192,101,186
20193,101,187
20194,101,188
20195,101,189
20196,101,190
20197,101,191
20198,101,192
20199,101,193
20200,101,194
20201,101,195
20202,101,196
20203,101,197
20204,101,198
20205,101,199
20206,101,200
20207,101,201
20208,101,202
20209,101,203
20210,101,204
20211,101,205
20212,101,206
20213,101,207
20214,101,208
20215,101,209
20216,101,210
20217,101,211
20218,101,212
20219,101,213
20220,101,214
20221,101,215
20222,101,216
20223,101,217
20224,101,218
20225,101,219
20226,101,220
20227,101,221
20228,101,222
20229,101,223
20230,101,224
20231,101,225
20232,101,226
20233,101,227
20234,101,228
20235,101,229
20236,101,230
20237,101,231
20238,101,232
20239,101,233
20240,101,234
20241,101,235
20242,101,236
20243,101,237
20244,101,238
20245,101,239
20246,101,240
20247,101,241
20248,101,242
20249,101,243
20250,101,244
20251,101,245
20252,101,246
20253,101,247
20254,101,248
20255,101,249
20256,101,250
20257,101,251
20258,101,252
20259,101,253
20260,101,254
20261,101,255
20262,102,0
20263,102,1
20264,102,2
20265,102,3
20266,102,4
20267,102,5
20268,102,6
20269,102,7
20270,102,8
20271,102,9
20272,102,10
20273,102,11
20274,102,12
20275,102,13
20276,102,14
20277,102,15
20278,102,16
20279,102,17
20280,102,18
20281,102,19
20282,102,20
20283,102,21
20284,102,22
20285,102,23
20286,102,24
20287,102,25
20288,102,26
20289,102,27
20290,102,28
20291,102,29
20292,102,30
20293,102,31
20294,102,32
20295,102,33
20296,102,34
20297,102,35
20298,102,36
20299,102,37
20300,102,38
20301,102,39
20302,102,40
20303,102,41
20304,102,42
20305,102,43
20306,102,44
20307,102,45
20308,102,46
20309,102,47
20310,102,48
20311,102,49
20312,102,50
20313,102,51
20314,102,52
20315,102,53
20316,102,54
20317,102,55
20318,102,56
20319,102,57
20320,102,58
20321,102,59
20322,102,60
20323,102,61
20324,102,62
20325,102,63
20326,102,64
20327,102,65
20328,102,66
20329,102,67
20330,102,68
20331,102,69
20332,102,70
20333,102,71
20334,102,72
20335,102,73
20336,102,74
20337,102,75
20338,102,76
20339,102,77
20340,102,78
20341,102,79
20342,102,80
20343,102,81
20344,102,82
20345,102,83
20346,102,84
20347,102,85
20348,102,86
20349,102,87
20350,102,88
20351,102,89
20352,102,90
20353,102,91
20354,102,92
20355,102,93
20356,102,94
20357,102,95
20358,102,96
20359,102,97
20360,102,98
20361,102,99
20362,102,100
20363,102,101
20364,102,102
20365,102,103
20366,102,104
20367,102,105
20368,102,106
20369,102,107
20370,102,108
20371,102,109
20372,102,110
20373,102,111
20374,102,112
20375,102,113
20376,102,114
20377,102,115
20378,102,116
20379,102,117
20380,102,118
20381,102,119
20382,102,120
20383,102,121
20384,102,122
20385,102,123
20386,102,124
20387,102,125
20388,102,126
20389,102,127
20390,102,128
20391,102,129
20392,102,130
20393,102,131
20394,102,132
20395,102,133
20396,102,134
20397,102,135
20398,102,136
20399,102,137
20400,102,138
20401,102,139
20402,102,140
20403,102,141
20404,102,142
20405,102,143
20406,102,144
20407,102,145
20408,102,146
20409,102,147
20410,102,148
20411,102,149
20412,102,150
20413,102,151
20414,102,152
20415,102,153
20416,102,154
20417,102,155
20418,102,156
20419,102,157
20420,102,158
20421,102,159
20422,102,160
20423,102,161
20424,102,162
20425,102,163
20426,102,164
20427,102,165
20428,102,166
20429,102,167
20430,102,168
20431,102,169
20432,102,170
20433,102,171
20434,102,172
20435,102,173
20436,102,174
20437,102,175
20438,102,176
20439,102,177
20440,102,178
20441,102,179
20442,102,180
20443,102,181
20444,102,182
20445,102,183
20446,102,184
20447,102,185
20448,102,186
20449,102,187
20450,102,188
20451,102,189
20452,102,190
20453,102,191
20454,102,192
20455,102,193
20456,102,194
20457,102,195
20458,102,196
20459,102,197
20460,102,198
20461,102,199
20462,102,200
20463,102,201
20464,102,202
20465,102,203
20466,102,204
20467,102,205
20468,102,206
20469,102,207
20470,102,208
20471,102,209
20472,102,210
20473,102,211
20474,102,212
20475,102,213
20476,102,214
20477,102,215
20478,102,216
20479,102,217
20480,102,218
20481,102,219
20482,102,220
20483,102,221
20484,102,222
20485,102,223
20486,102,224
20487,102,225
20488,102,226
20489,102,227
20490,102,228
20491,102,229
20492,102,230
20493,102,231
20494,102,232
20495,102,233
20496,102,234
20497,102,235
20498,102,236
20499,102,237
20500,102,238
20501,102,239
20502,102,240
20503,102,241
20504,102,242
20505,102,243
20506,102,244
20507,102,245
20508,102,246
20509,102,247
20510,102,248
20511,102,249
20512,102,250
20513,102,251
20514,102,252
20515,102,253
20516,102,254
20517,102,255
20518,103,0
20519,103,1
20520,103,2
20521,103,3
20522,103,4
20523,103,5
20524,103,6
20525,103,7
20526,103,8
20527,103,9
20528,103,10
20529,103,11
20530,103,12
20531,103,13
20532,103,14
20533,103,15
20534,103,16
20535,103,17
20536,103,18
20537,103,19
20538,103,20
20539,103,21
20540,103,22
20541,103,23
20542,103,24
20543,103,25
20544,103,26
20545,103,27
20546,103,28
20547,103,29
20548,103,30
20549,103,31
20550,103,32
20551,103,33
20552,103,34
20553,103,35
20554,103,36
20555,103,37
20556,103,38
20557,103,39
20558,103,40
20559,103,41
20560,103,42
20561,103,43
20562,103,44
20563,103,45
20564,103,46
20565,103,47
20566,103,48
20567,103,49
20568,103,50
20569,103,51
20570,103,52
20571,103,53
20572,103,54
20573,103,55
20574,103,56
20575,103,57
20576,103,58
20577,103,59
20578,103,60
20579,103,61
20580,103,62
20581,103,63
20582,103,64
20583,103,65
20584,103,66
20585,103,67
20586,103,68
20587,103,69
20588,103,70
20589,103,71
20590,103,72
20591,103,73
20592,103,74
20593,103,75
20594,103,76
20595,103,77
20596,103,78
20597,103,79
20598,103,80
20599,103,81
20600,103,82
20601,103,83
20602,103,84
20603,103,85
20604,103,86
20605,103,87
20606,103,88
20607,103,89
20608,103,90
20609,103,91
20610,103,92
20611,103,93
20612,103,94
20613,103,95
20614,103,96
20615,103,97
20616,103,98
20617,103,99
20618,103,100
20619,103,101
20620,103,102
20621,103,103
20622,103,104
20623,103,105
20624,103,106
20625,103,107
20626,103,108
20627,103,109
20628,103,110
20629,103,111
20630,103,112
20631,103,113
20632,103,114
20633,103,115
20634,103,116
20635,103,117
20636,103,118
20637,103,119
20638,103,120
20639,103,121
20640,103,122
20641,103,123
20642,103,124
20643,103,125
20644,103,126
20645,103,127
20646,103,128
20647,103,129
20648,103,130
20649,103,131
20650,103,132
20651,103,133
20652,103,134
20653,103,135
20654,103,136
20655,103,137
20656,103,138
20657,103,139
20658,103,140
20659,103,141
20660,103,142
20661,103,143
20662,103,144
20663,103,145
20664,103,146
20665,103,147
20666,103,148
20667,103,149
20668,103,150
20669,103,151
20670,103,152
20671,103,153
20672,103,154
20673,103,155
20674,103,156
20675,103,157
20676,103,158
20677,103,159
20678,103,160
20679,103,161
20680,103,162
20681,103,163
20682,103,164
20683,103,165
20684,103,166
20685,103,167
20686,103,168
20687,103,169
20688,103,170
20689,103,171
20690,103,172
20691,103,173
20692,103,174
20693,103,175
20694,103,176
20695,103,177
20696,103,178
20697,103,179
20698,103,180
20699,103,181
20700,103,182
20701,103,183
20702,103,184
20703,103,185
20704,103,186
20705,103,187
20706,103,188
20707,103,189
20708,103,190
20709,103,191
20710,103,192
20711,103,193
20712,103,194
20713,103,195
20714,103,196
20715,103,197
20716,103,198
20717,103,199
20718,103,200
20719,103,201
20720,103,202
20721,103,203
20722,103,204
20723,103,205
20724,103,206
20725,103,207
20726,103,208
20727,103,209
20728,103,210
20729,103,211
20730,103,212
20731,103,213
20732,103,214
20733,103,215
20734,103,216
20735,103,217
20736,103,218
20737,103,219
20738,103,220
20739,103,221
20740,103,222
20741,103,223
20742,103,224
20743,103,225
20744,103,226
20745,103,227
20746,103,228
20747,103,229
20748,103,230
20749,103,231
20750,103,232
20751,103,233
20752,103,234
20753,103,235
20754,103,236
20755,103,237
20756,103,238
20757,103,239
20758,103,240
20759,103,241
20760,103,242
20761,103,243
20762,103,244
20763,103,245
20764,103,246
20765,103,247
20766,103,248
20767,103,249
20768,103,250
20769,103,251
20770,103,252
20771,103,253
20772,103,254
20773,103,255
20774,104,0
20775,104,1
20776,104,2
20777,104,3
20778,104,4
20779,104,5
20780,104,6
20781,104,7
20782,104,8
20783,104,9
20784,104,10
20785,104,11
20786,104,12
20787,104,13
20788,104,14
20789,104,15
20790,104,16
20791,104,17
20792,104,18
20793,104,19
20794,104,20
20795,104,21
20796,104,22
20797,104,23
20798,104,24
20799,104,25
20800,104,26
20801,104,27
20802,104,28
20803,104,29
20804,104,30
20805,104,31
20806,104,32
20807,104,33
20808,104,34
20809,104,35
20810,104,36
20811,104,37
20812,104,38
20813,104,39
20814,104,40
20815,104,41
20816,104,42
20817,104,43
20818,104,44
20819,104,45
20820,104,46
20821,104,47
20822,104,48
20823,104,49
20824,104,50
20825,104,51
20826,104,52
20827,104,53
20828,104,54
20829,104,55
20830,104,56
20831,104,57
20832,104,58
20833,104,59
20834,104,60
20835,104,61
20836,104,62
20837,104,63
20838,104,64
20839,104,65
20840,104,66
20841,104,67
20842,104,68
20843,104,69
20844,104,70
20845,104,71
20846,104,72
20847,104,73
20848,104,74
20849,104,75
20850,104,76
20851,104,77
20852,104,78
20853,104,79
20854,104,80
20855,104,81
20856,104,82
20857,104,83
20858,104,84
20859,104,85
20860,104,86
20861,104,87
20862,104,88
20863,104,89
20864,104,90
20865,104,91
20866,104,92
20867,104,93
20868,104,94
20869,104,95
20870,104,96
20871,104,97
20872,104,98
20873,104,99
20874,104,100
20875,104,101
20876,104,102
20877,104,103
20878,104,104
20879,104,105
20880,104,106
20881,104,107
20882,104,108
20883,104,109
20884,104,110
20885,104,111
20886,104,112
20887,104,113
20888,104,114
20889,104,115
20890,104,116
20891,104,117
20892,104,118
20893,104,119
20894,104,120
20895,104,121
20896,104,122
20897,104,123
20898,104,124
20899,104,125
20900,104,126
20901,104,127
20902,104,128
20903,104,129
20904,104,130
20905,104,131
20906,104,132
20907,104,133
20908,104,134
20909,104,135
20910,104,136
20911,104,137
20912,104,138
20913,104,139
20914,104,140
20915,104,141
20916,104,142
20917,104,143
20918,104,144
20919,104,145
20920,104,146
20921,104,147
20922,104,148
20923,104,149
20924,104,150
20925,104,151
20926,104,152
20927,104,153
20928,104,154
20929,104,155
20930,104,156
20931,104,157
20932,104,158
20933,104,159
20934,104,160
20935,104,161
20936,104,162
20937,104,163
20938,104,164
20939,104,165
20940,104,166
20941,104,167
20942,104,168
20943,104,169
20944,104,170
20945,104,171
20946,104,172
20947,104,173
20948,104,174
20949,104,175
20950,104,176
20951,104,177
20952,104,178
20953,104,179
20954,104,180
20955,104,181
20956,104,182
20957,104,183
20958,104,184
20959,104,185
20960,104,186
20961,104,187
20962,104,188
20963,104,189
20964,104,190
20965,104,191
20966,104,192
20967,104,193
20968,104,194
20969,104,195
20970,104,196
20971,104,197
20972,104,198
20973,104,199
20974,104,200
20975,104,201
20976,104,202
20977,104,203
20978,104,204
20979,104,205
20980,104,206
20981,104,207
20982,104,208
20983,104,209
20984,104,210
20985,104,211
20986,104,212
20987,104,213
20988,104,214
20989,104,215
20990,104,216
20991,104,217
20992,104,218
20993,104,219
20994,104,220
20995,104,221
20996,104,222
20997,104,223
20998,104,224
20999,104,225
21000,104,226
21001,104,227
21002,104,228
21003,104,229
21004,104,230
21005,104,231
21006,104,232
21007,104,233
21008,104,234
21009,104,235
21010,104,236
21011,104,237
21012,104,238
21013,104,239
21014,104,240
21015,104,241
21016,104,242
21017,104,243
21018,104,244
21019,104,245
21020,104,246
21021,104,247
21022,104,248
21023,104,249
21024,104,250
21025,104,251
21026,104,252
21027,104,253
21028,104,254
21029,104,255
21030,105,0
21031,105,1
21032,105,2
21033,105,3
21034,105,4
21035,105,5
21036,105,6
21037,105,7
21038,105,8
21039,105,9
21040,105,10
21041,105,11
21042,105,12
21043,105,13
21044,105,14
21045,105,15
21046,105,16
21047,105,17
21048,105,18
21049,105,19
21050,105,20
21051,105,21
21052,105,22
21053,105,23
21054,105,24
21055,105,25
21056,105,26
21057,105,27
21058,105,28
21059,105,29
21060,105,30
21061,105,31
21062,105,32
21063,105,33
21064,105,34
21065,105,35
21066,105,36
21067,105,37
21068,105,38
21069,105,39
21070,105,40
21071,105,41
21072,105,42
21073,105,43
21074,105,44
21075,105,45
21076,105,46
21077,105,47
21078,105,48
21079,105,49
21080,105,50
21081,105,51
21082,105,52
21083,105,53
21084,105,54
21085,105,55
21086,105,56
21087,105,57
21088,105,58
21089,105,59
21090,105,60
21091,105,61
21092,105,62
21093,105,63
21094,105,64
21095,105,65
21096,105,66
21097,105,67
21098,105,68
21099,105,69
21100,105,70
21101,105,71
21102,105,72
21103,105,73
21104,105,74
21105,105,75
21106,105,76
21107,105,77
21108,105,78
21109,105,79
21110,105,80
21111,105,81
21112,105,82
21113,105,83
21114,105,84
21115,105,85
21116,105,86
21117,105,87
21118,105,88
21119,105,89
21120,105,90
21121,105,91
21122,105,92
21123,105,93
21124,105,94
21125,105,95
21126,105,96
21127,105,97
21128,105,98
21129,105,99
21130,105,100
21131,105,101
21132,105,102
21133,105,103
21134,105,104
21135,105,105
21136,105,106
21137,105,107
21138,105,108
21139,105,109
21140,105,110
21141,105,111
21142,105,112
21143,105,113
21144,105,114
21145,105,115
21146,105,116
21147,105,117
21148,105,118
21149,105,119
21150,105,120
21151,105,121
21152,105,122
21153,105,123
21154,105,124
21155,105,125
21156,105,126
21157,105,127
21158,105,128
21159,105,129
21160,105,130
21161,105,131
21162,105,132
21163,105,133
21164,105,134
21165,105,135
21166,105,136
21167,105,137
21168,105,138
21169,105,139
21170,105,140
21171,105,141
21172,105,142
21173,105,143
21174,105,144
21175,105,145
21176,105,146
21177,105,147
21178,105,148
21179,105,149
21180,105,150
21181,105,151
21182,105,152
21183,105,153
21184,105,154
21185,105,155
21186,105,156
21187,105,157
21188,105,158
21189,105,159
21190,105,160
21191,105,161
21192,105,162
21193,105,163
21194,105,164
21195,105,165
21196,105,166
21197,105,167
21198,105,168
21199,105,169
21200,105,170
21201,105,171
21202,105,172
21203,105,173
21204,105,174
21205,105,175
21206,105,176
21207,105,177
21208,105,178
21209,105,179
21210,105,180
21211,105,181
21212,105,182
21213,105,183
21214,105,184
21215,105,185
21216,105,186
21217,105,187
21218,105,188
21219,105,189
21220,105,190
21221,105,191
21222,105,192
21223,105,193
21224,105,194
21225,105,195
21226,105,196
21227,105,197
21228,105,198
21229,105,199
21230,105,200
21231,105,201
21232,105,202
21233,105,203
21234,105,204
21235,105,205
21236,105,206
21237,105,207
21238,105,208
21239,105,209
21240,105,210
21241,105,211
21242,105,212
21243,105,213
21244,105,214
21245,105,215
21246,105,216
21247,105,217
21248,105,218
21249,105,219
21250,105,220
21251,105,221
21252,105,222
21253,105,223
21254,105,224
21255,105,225
21256,105,226
21257,105,227
21258,105,228
21259,105,229
21260,105,230
21261,105,231
21262,105,232
21263,105,233
21264,105,234
21265,105,235
21266,105,236
21267,105,237
21268,105,238
21269,105,239
21270,105,240
21271,105,241
21272,105,242
21273,105,243
21274,105,244
21275,105,245
21276,105,246
21277,105,247
21278,105,248
21279,105,249
21280,105,250
21281,105,251
21282,105,252
21283,105,253
21284,105,254
21285,105,255
21286,106,0
21287,106,1
21288,106,2
21289,106,3
21290,106,4
21291,106,5
21292,106,6
21293,106,7
21294,106,8
21295,106,9
21296,106,10
21297,106,11
21298,106,12
21299,106,13
21300,106,14
21301,106,15
21302,106,16
21303,106,17
21304,106,18
21305,106,19
21306,106,20
21307,106,21
21308,106,22
21309,106,23
21310,106,24
21311,106,25
21312,106,26
21313,106,27
21314,106,28
21315,106,29
21316,106,30
21317,106,31
21318,106,32
21319,106,33
21320,106,34
21321,106,35
21322,106,36
21323,106,37
21324,106,38
21325,106,39
21326,106,40
21327,106,41
21328,106,42
21329,106,43
21330,106,44
21331,106,45
21332,106,46
21333,106,47
21334,106,48
21335,106,49
21336,106,50
21337,106,51
21338,106,52
21339,106,53
21340,106,54
21341,106,55
21342,106,56
21343,106,57
21344,106,58
21345,106,59
21346,106,60
21347,106,61
21348,106,62
21349,106,63
21350,106,64
21351,106,65
21352,106,66
21353,106,67
21354,106,68
21355,106,69
21356,106,70
21357,106,71
21358,106,72
21359,106,73
21360,106,74
21361,106,75
21362,106,76
21363,106,77
21364,106,78
21365,106,79
21366,106,80
21367,106,81
21368,106,82
21369,106,83
21370,106,84
21371,106,85
21372,106,86
21373,106,87
21374,106,88
21375,106,89
21376,106,90
21377,106,91
21378,106,92
21379,106,93
21380,106,94
21381,106,95
21382,106,96
21383,106,97
21384,106,98
21385,106,99
21386,106,100
21387,106,101
21388,106,102
21389,106,103
21390,106,104
21391,106,105
21392,106,106
21393,106,107
21394,106,108
21395,106,109
21396,106,110
21397,106,111
21398,106,112
21399,106,113
21400,106,114
21401,106,115
21402,106,116
21403,106,117
21404,106,118
21405,106,119
21406,106,120
21407,106,121
21408,106,122
21409,106,123
21410,106,124
21411,106,125
21412,106,126
21413,106,127
21414,106,128
21415,106,129
21416,106,130
21417,106,131
21418,106,132
21419,106,133
21420,106,134
21421,106,135
21422,106,136
21423,106,137
21424,106,138
21425,106,139
21426,106,140
21427,106,141
21428,106,142
21429,106,143
21430,106,144
21431,106,145
21432,106,146
21433,106,147
21434,106,148
21435,106,149
21436,106,150
21437,106,151
21438,106,152
21439,106,153
21440,106,154
21441,106,155
21442,106,156
21443,106,157
21444,106,158
21445,106,159
21446,106,160
21447,106,161
21448,106,162
21449,106,163
21450,106,164
21451,106,165
21452,106,166
21453,106,167
21454,106,168
21455,106,169
21456,106,170
21457,106,171
21458,106,172
21459,106,173
21460,106,174
21461,106,175
21462,106,176
21463,106,177
21464,106,178
21465,106,179
21466,106,180
21467,106,181
21468,106,182
21469,106,183
21470,106,184
21471,106,185
21472,106,186
21473,106,187
21474,106,188
21475,106,189
21476,106,190
21477,106,191
21478,106,192
21479,106,193
21480,106,194
21481,106,195
21482,106,196
21483,106,197
21484,106,198
21485,106,199
21486,106,200
21487,106,201
21488,106,202
21489,106,203
21490,106,204
21491,106,205
21492,106,206
21493,106,207
21494,106,208
21495,106,209
21496,106,210
21497,106,211
21498,106,212
21499,106,213
21500,106,214
21501,106,215
21502,106,216
21503,106,217
21504,106,218
21505,106,219
21506,106,220
21507,106,221
21508,106,222
21509,106,223
21510,106,224
21511,106,225
21512,106,226
21513,106,227
21514,106,228
21515,106,229
21516,106,230
21517,106,231
21518,106,232
21519,106,233
21520,106,234
21521,106,235
21522,106,236
21523,106,237
21524,106,238
21525,106,239
21526,106,240
21527,106,241
21528,106,242
21529,106,243
21530,106,244
21531,106,245
21532,106,246
21533,106,247
21534,106,248
21535,106,249
21536,106,250
21537,106,251
21538,106,252
21539,106,253
21540,106,254
21541,106,255
21542,107,0
21543,107,1
21544,107,2
21545,107,3
21546,107,4
21547,107,5
21548,107,6
21549,107,7
21550,107,8
21551,107,9
21552,107,10
21553,107,11
21554,107,12
21555,107,13
21556,107,14
21557,107,15
21558,107,16
21559,107,17
21560,107,18
21561,107,19
21562,107,20
21563,107,21
21564,107,22
21565,107,23
21566,107,24
21567,107,25
21568,107,26
21569,107,27
21570,107,28
21571,107,29
21572,107,30
21573,107,31
21574,107,32
21575,107,33
21576,107,34
21577,107,35
21578,107,36
21579,107,37
21580,107,38
21581,107,39
21582,107,40
21583,107,41
21584,107,42
21585,107,43
21586,107,44
21587,107,45
21588,107,46
21589,107,47
21590,107,48
21591,107,49
21592,107,50
21593,107,51
21594,107,52
21595,107,53
21596,107,54
21597,107,55
21598,107,56
21599,107,57
21600,107,58
21601,107,59
21602,107,60
21603,107,61
21604,107,62
21605,107,63
21606,107,64
21607,107,65
21608,107,66
21609,107,67
21610,107,68
21611,107,69
21612,107,70
21613,107,71
21614,107,72
21615,107,73
21616,107,74
21617,107,75
21618,107,76
21619,107,77
21620,107,78
21621,107,79
21622,107,80
21623,107,81
21624,107,82
21625,107,83
21626,107,84
21627,107,85
21628,107,86
21629,107,87
21630,107,88
21631,107,89
21632,107,90
21633,107,91
21634,107,92
21635,107,93
21636,107,94
21637,107,95
21638,107,96
21639,107,97
21640,107,98
21641,107,99
21642,107,100
21643,107,101
21644,107,102
21645,107,103
21646,107,104
21647,107,105
21648,107,106
21649,107,107
21650,107,108
21651,107,109
21652,107,110
21653,107,111
21654,107,112
21655,107,113
21656,107,114
21657,107,115
21658,107,116
21659,107,117
21660,107,118
21661,107,119
21662,107,120
21663,107,121
21664,107,122
21665,107,123
21666,107,124
21667,107,125
21668,107,126
21669,107,127
21670,107,128
21671,107,129
21672,107,130
21673,107,131
21674,107,132
21675,107,133
21676,107,134
21677,107,135
21678,107,136
21679,107,137
21680,107,138
21681,107,139
21682,107,140
21683,107,141
21684,107,142
21685,107,143
21686,107,144
21687,107,145
21688,107,146
21689,107,147
21690,107,148
21691,107,149
21692,107,150
21693,107,151
21694,107,152
21695,107,153
21696,107,154
21697,107,155
21698,107,156
21699,107,157
21700,107,158
21701,107,159
21702,107,160
21703,107,161
21704,107,162
21705,107,163
21706,107,164
21707,107,165
21708,107,166
21709,107,167
21710,107,168
21711,107,169
21712,107,170
21713,107,171
21714,107,172
21715,107,173
21716,107,174
21717,107,175
21718,107,176
21719,107,177
21720,107,178
21721,107,179
21722,107,180
21723,107,181
21724,107,182
21725,107,183
21726,107,184
21727,107,185
21728,107,186
21729,107,187
21730,107,188
21731,107,189
21732,107,190
21733,107,191
21734,107,192
21735,107,193
21736,107,194
21737,107,195
21738,107,196
21739,107,197
21740,107,198
21741,107,199
21742,107,200
21743,107,201
21744,107,202
21745,107,203
21746,107,204
21747,107,205
21748,107,206
21749,107,207
21750,107,208
21751,107,209
21752,107,210
21753,107,211
21754,107,212
21755,107,213
21756,107,214
21757,107,215
21758,107,216
21759,107,217
21760,107,218
21761,107,219
21762,107,220
21763,107,221
21764,107,222
21765,107,223
21766,107,224
21767,107,225
21768,107,226
21769,107,227
21770,107,228
21771,107,229
21772,107,230
21773,107,231
21774,107,232
21775,107,233
21776,107,234
21777,107,235
21778,107,236
21779,107,237
21780,107,238
21781,107,239
21782,107,240
21783,107,241
21784,107,242
21785,107,243
21786,107,244
21787,107,245
21788,107,246
21789,107,247
21790,107,248
21791,107,249
21792,107,250
21793,107,251
21794,107,252
21795,107,253
21796,107,254
21797,107,255
21798,108,0
21799,108,1
21800,108,2
21801,108,3
21802,108,4
21803,108,5
21804,108,6
21805,108,7
21806,108,8
21807,108,9
21808,108,10
21809,108,11
21810,108,12
21811,108,13
21812,108,14
21813,108,15
21814,108,16
21815,108,17
21816,108,18
21817,108,19
21818,108,20
21819,108,21
21820,108,22
21821,108,23
21822,108,24
21823,108,25
21824,108,26
21825,108,27
21826,108,28
21827,108,29
21828,108,30
21829,108,31
21830,108,32
21831,108,33
21832,108,34
21833,108,35
21834,108,36
21835,108,37
21836,108,38
21837,108,39
21838,108,40
21839,108,41
21840,108,42
21841,108,43
21842,108,44
21843,108,45
21844,108,46
21845,108,47
21846,108,48
21847,108,49
21848,108,50
21849,108,51
21850,108,52
21851,108,53
21852,108,54
21853,108,55
21854,108,56
21855,108,57
21856,108,58
21857,108,59
21858,108,60
21859,108,61
21860,108,62
21861,108,63
21862,108,64
21863,108,65
21864,108,66
21865,108,67
21866,108,68
21867,108,69
21868,108,70
21869,108,71
21870,108,72
21871,108,73
21872,108,74
21873,108,75
21874,108,76
21875,108,77
21876,108,78
21877,108,79
21878,108,80
21879,108,81
21880,108,82
21881,108,83
21882,108,84
21883,108,85
21884,108,86
21885,108,87
21886,108,88
21887,108,89
21888,108,90
21889,108,91
21890,108,92
21891,108,93
21892,108,94
21893,108,95
21894,108,96
21895,108,97
21896,108,98
21897,108,99
21898,108,100
21899,108,101
21900,108,102
21901,108,103
21902,108,104
21903,108,105
21904,108,106
21905,108,107
21906,108,108
21907,108,109
21908,108,110
21909,108,111
21910,108,112
21911,108,113
21912,108,114
21913,108,115
21914,108,116
21915,108,117
21916,108,118
21917,108,119
21918,108,120
21919,108,121
21920,108,122
21921,108,123
21922,108,124
21923,108,125
21924,108,126
21925,108,127
21926,108,128
21927,108,129
21928,108,130
21929,108,131
21930,108,132
21931,108,133
21932,108,134
21933,108,135
21934,108,136
21935,108,137
21936,108,138
21937,108,139
21938,108,140
21939,108,141
21940,108,142
21941,108,143
21942,108,144
21943,108,145
21944,108,146
21945,108,147
21946,108,148
21947,108,149
21948,108,150
21949,108,151
21950,108,152
21951,108,153
21952,108,154
21953,108,155
21954,108,156
21955,108,157
21956,108,158
21957,108,159
21958,108,160
21959,108,161
21960,108,162
21961,108,163
21962,108,164
21963,108,165
21964,108,166
21965,108,167
21966,108,168
21967,108,169
21968,108,170
21969,108,171
21970,108,172
21971,108,173
21972,108,174
21973,108,175
21974,108,176
21975,108,177
21976,108,178
21977,108,179
21978,108,180
21979,108,181
21980,108,182
21981,108,183
21982,108,184
21983,108,185
21984,108,186
21985,108,187
21986,108,188
21987,108,189
21988,108,190
21989,108,191
21990,108,192
21991,108,193
21992,108,194
21993,108,195
21994,108,196
21995,108,197
21996,108,198
21997,108,199
21998,108,200
21999,108,201
22000,108,202
22001,108,203
22002,108,204
22003,108,205
22004,108,206
22005,108,207
22006,108,208
22007,108,209
22008,108,210
22009,108,211
22010,108,212
22011,108,213
22012,108,214
22013,108,215
22014,108,216
22015,108,217
22016,108,218
22017,108,219
22018,108,220
22019,108,221
22020,108,222
22021,108,223
22022,108,224
22023,108,225
22024,108,226
22025,108,227
22026,108,228
22027,108,229
22028,108,230
22029,108,231
22030,108,232
22031,108,233
22032,108,234
22033,108,235
22034,108,236
22035,108,237
22036,108,238
22037,108,239
22038,108,240
22039,108,241
22040,108,242
22041,108,243
22042,108,244
22043,108,245
22044,108,246
22045,108,247
22046,108,248
22047,108,249
22048,108,250
22049,108,251
22050,108,252
22051,108,253
22052,108,254
22053,108,255
22054,109,0
22055,109,1
22056,109,2
22057,109,3
22058,109,4
22059,109,5
22060,109,6
22061,109,7
22062,109,8
22063,109,9
22064,109,10
22065,109,11
22066,109,12
22067,109,13
22068,109,14
22069,109,15
22070,109,16
22071,109,17
22072,109,18
22073,109,19
22074,109,20
22075,109,21
22076,109,22
22077,109,23
22078,109,24
22079,109,25
22080,109,26
22081,109,27
22082,109,28
22083,109,29
22084,109,30
22085,109,31
22086,109,32
22087,109,33
22088,109,34
22089,109,35
22090,109,36
22091,109,37
22092,109,38
22093,109,39
22094,109,40
22095,109,41
22096,109,42
22097,109,43
22098,109,44
22099,109,45
22100,109,46
22101,109,47
22102,109,48
22103,109,49
22104,109,50
22105,109,51
22106,109,52
22107,109,53
22108,109,54
22109,109,55
22110,109,56
22111,109,57
22112,109,58
22113,109,59
22114,109,60
22115,109,61
22116,109,62
22117,109,63
22118,109,64
22119,109,65
22120,109,66
22121,109,67
22122,109,68
22123,109,69
22124,109,70
22125,109,71
22126,109,72
22127,109,73
22128,109,74
22129,109,75
22130,109,76
22131,109,77
22132,109,78
22133,109,79
22134,109,80
22135,109,81
22136,109,82
22137,109,83
22138,109,84
22139,109,85
22140,109,86
22141,109,87
22142,109,88
22143,109,89
22144,109,90
22145,109,91
22146,109,92
22147,109,93
22148,109,94
22149,109,95
22150,109,96
22151,109,97
22152,109,98
22153,109,99
22154,109,100
22155,109,101
22156,109,102
22157,109,103
22158,109,104
22159,109,105
22160,109,106
22161,109,107
22162,109,108
22163,109,109
22164,109,110
22165,109,111
22166,109,112
22167,109,113
22168,109,114
22169,109,115
22170,109,116
22171,109,117
22172,109,118
22173,109,119
22174,109,120
22175,109,121
22176,109,122
22177,109,123
22178,109,124
22179,109,125
22180,109,126
22181,109,127
22182,109,128
22183,109,129
22184,109,130
22185,109,131
22186,109,132
22187,109,133
22188,109,134
22189,109,135
22190,109,136
22191,109,137
22192,109,138
22193,109,139
22194,109,140
22195,109,141
22196,109,142
22197,109,143
22198,109,144
22199,109,145
22200,109,146
22201,109,147
22202,109,148
22203,109,149
22204,109,150
22205,109,151
22206,109,152
22207,109,153
22208,109,154
22209,109,155
22210,109,156
22211,109,157
22212,109,158
22213,109,159
22214,109,160
22215,109,161
22216,109,162
22217,109,163
22218,109,164
22219,109,165
22220,109,166
22221,109,167
22222,109,168
22223,109,169
22224,109,170
22225,109,171
22226,109,172
22227,109,173
22228,109,174
22229,109,175
22230,109,176
22231,109,177
22232,109,178
22233,109,179
22234,109,180
22235,109,181
22236,109,182
22237,109,183
22238,109,184
22239,109,185
22240,109,186
22241,109,187
22242,109,188
22243,109,189
22244,109,190
22245,109,191
22246,109,192
22247,109,193
22248,109,194
22249,109,195
22250,109,196
22251,109,197
22252,109,198
22253,109,199
22254,109,200
22255,109,201
22256,109,202
22257,109,203
22258,109,204
22259,109,205
22260,109,206
22261,109,207
22262,109,208
22263,109,209
22264,109,210
22265,109,211
22266,109,212
22267,109,213
22268,109,214
22269,109,215
22270,109,216
22271,109,217
22272,109,218
22273,109,219
22274,109,220
22275,109,221
22276,109,222
22277,109,223
22278,109,224
22279,109,225
22280,109,226
22281,109,227
22282,109,228
22283,109,229
22284,109,230
22285,109,231
22286,109,232
22287,109,233
22288,109,234
22289,109,235
22290,109,236
22291,109,237
22292,109,238
22293,109,239
22294,109,240
22295,109,241
22296,109,242
22297,109,243
22298,109,244
22299,109,245
22300,109,246
22301,109,247
22302,109,248
22303,109,249
22304,109,250
22305,109,251
22306,109,252
22307,109,253
22308,109,254
22309,109,255
22310,110,0
22311,110,1
22312,110,2
22313,110,3
22314,110,4
22315,110,5
22316,110,6
22317,110,7
22318,110,8
22319,110,9
22320,110,10
22321,110,11
22322,110,12
22323,110,13
22324,110,14
22325,110,15
22326,110,16
22327,110,17
22328,110,18
22329,110,19
22330,110,20
22331,110,21
22332,110,22
22333,110,23
22334,110,24
22335,110,25
22336,110,26
22337,110,27
22338,110,28
22339,110,29
22340,110,30
22341,110,31
22342,110,32
22343,110,33
22344,110,34
22345,110,35
22346,110,36
22347,110,37
22348,110,38
22349,110,39
22350,110,40
22351,110,41
22352,110,42
22353,110,43
22354,110,44
22355,110,45
22356,110,46
22357,110,47
22358,110,48
22359,110,49
22360,110,50
22361,110,51
22362,110,52
22363,110,53
22364,110,54
22365,110,55
22366,110,56
22367,110,57
22368,110,58
22369,110,59
22370,110,60
22371,110,61
22372,110,62
22373,110,63
22374,110,64
22375,110,65
22376,110,66
22377,110,67
22378,110,68
22379,110,69
22380,110,70
22381,110,71
22382,110,72
22383,110,73
22384,110,74
22385,110,75
22386,110,76
22387,110,77
22388,110,78
22389,110,79
22390,110,80
22391,110,81
22392,110,82
22393,110,83
22394,110,84
22395,110,85
22396,110,86
22397,110,87
22398,110,88
22399,110,89
22400,110,90
22401,110,91
22402,110,92
22403,110,93
22404,110,94
22405,110,95
22406,110,96
22407,110,97
22408,110,98
22409,110,99
22410,110,100
22411,110,101
22412,110,102
22413,110,103
22414,110,104
22415,110,105
22416,110,106
22417,110,107
22418,110,108
22419,110,109
22420,110,110
22421,110,111
22422,110,112
22423,110,113
22424,110,114
22425,110,115
22426,110,116
22427,110,117
22428,110,118
22429,110,119
22430,110,120
22431,110,121
22432,110,122
22433,110,123
22434,110,124
22435,110,125
22436,110,126
22437,110,127
22438,110,128
22439,110,129
22440,110,130
22441,110,131
22442,110,132
22443,110,133
22444,110,134
22445,110,135
22446,110,136
22447,110,137
22448,110,138
22449,110,139
22450,110,140
22451,110,141
22452,110,142
22453,110,143
22454,110,144
22455,110,145
22456,110,146
22457,110,147
22458,110,148
22459,110,149
22460,110,150
22461,110,151
22462,110,152
22463,110,153
22464,110,154
22465,110,155
22466,110,156
22467,110,157
22468,110,158
22469,110,159
22470,110,160
22471,110,161
22472,110,162
22473,110,163
22474,110,164
22475,110,165
22476,110,166
22477,110,167
22478,110,168
22479,110,169
22480,110,170
22481,110,171
22482,110,172
22483,110,173
22484,110,174
22485,110,175
22486,110,176
22487,110,177
22488,110,178
22489,110,179
22490,110,180
22491,110,181
22492,110,182
22493,110,183
22494,110,184
22495,110,185
22496,110,186
22497,110,187
22498,110,188
22499,110,189
22500,110,190
22501,110,191
22502,110,192
22503,110,193
22504,110,194
22505,110,195
22506,110,196
22507,110,197
22508,110,198
22509,110,199
22510,110,200
22511,110,201
22512,110,202
22513,110,203
22514,110,204
22515,110,205
22516,110,206
22517,110,207
22518,110,208
22519,110,209
22520,110,210
22521,110,211
22522,110,212
22523,110,213
22524,110,214
22525,110,215
22526,110,216
22527,110,217
22528,110,218
22529,110,219
22530,110,220
22531,110,221
22532,110,222
22533,110,223
22534,110,224
22535,110,225
22536,110,226
22537,110,227
22538,110,228
22539,110,229
22540,110,230
22541,110,231
22542,110,232
22543,110,233
22544,110,234
22545,110,235
22546,110,236
22547,110,237
22548,110,238
22549,110,239
22550,110,240
22551,110,241
22552,110,242
22553,110,243
22554,110,244
22555,110,245
22556,110,246
22557,110,247
22558,110,248
22559,110,249
22560,110,250
22561,110,251
22562,110,252
22563,110,253
22564,110,254
22565,110,255
22566,111,0
22567,111,1
22568,111,2
22569,111,3
22570,111,4
22571,111,5
22572,111,6
22573,111,7
22574,111,8
22575,111,9
22576,111,10
22577,111,11
22578,111,12
22579,111,13
22580,111,14
22581,111,15
22582,111,16
22583,111,17
22584,111,18
22585,111,19
22586,111,20
22587,111,21
22588,111,22
22589,111,23
22590,111,24
22591,111,25
22592,111,26
22593,111,27
22594,111,28
22595,111,29
22596,111,30
22597,111,31
22598,111,32
22599,111,33
22600,111,34
22601,111,35
22602,111,36
22603,111,37
22604,111,38
22605,111,39
22606,111,40
22607,111,41
22608,111,42
22609,111,43
22610,111,44
22611,111,45
22612,111,46
22613,111,47
22614,111,48
22615,111,49
22616,111,50
22617,111,51
22618,111,52
22619,111,53
22620,111,54
22621,111,55
22622,111,56
22623,111,57
22624,111,58
22625,111,59
22626,111,60
22627,111,61
22628,111,62
22629,111,63
22630,111,64
22631,111,65
22632,111,66
22633,111,67
22634,111,68
22635,111,69
22636,111,70
22637,111,71
22638,111,72
22639,111,73
22640,111,74
22641,111,75
22642,111,76
22643,111,77
22644,111,78
22645,111,79
22646,111,80
22647,111,81
22648,111,82
22649,111,83
22650,111,84
22651,111,85
22652,111,86
22653,111,87
22654,111,88
22655,111,89
22656,111,90
22657,111,91
22658,111,92
22659,111,93
22660,111,94
22661,111,95
22662,111,96
22663,111,97
22664,111,98
22665,111,99
22666,111,100
22667,111,101
22668,111,102
22669,111,103
22670,111,104
22671,111,105
22672,111,106
22673,111,107
22674,111,108
22675,111,109
22676,111,110
22677,111,111
22678,111,112
22679,111,113
22680,111,114
22681,111,115
22682,111,116
22683,111,117
22684,111,118
22685,111,119
22686,111,120
22687,111,121
22688,111,122
22689,111,123
22690,111,124
22691,111,125
22692,111,126
22693,111,127
22694,111,128
22695,111,129
22696,111,130
22697,111,131
22698,111,132
22699,111,133
22700,111,134
22701,111,135
22702,111,136
22703,111,137
22704,111,138
22705,111,139
22706,111,140
22707,111,141
22708,111,142
22709,111,143
22710,111,144
22711,111,145
22712,111,146
22713,111,147
22714,111,148
22715,111,149
22716,111,150
22717,111,151
22718,111,152
22719,111,153
22720,111,154
22721,111,155
22722,111,156
22723,111,157
22724,111,158
22725,111,159
22726,111,160
22727,111,161
22728,111,162
22729,111,163
22730,111,164
22731,111,165
22732,111,166
22733,111,167
22734,111,168
22735,111,169
22736,111,170
22737,111,171
22738,111,172
22739,111,173
22740,111,174
22741,111,175
22742,111,176
22743,111,177
22744,111,178
22745,111,179
22746,111,180
22747,111,181
22748,111,182
22749,111,183
22750,111,184
22751,111,185
22752,111,186
22753,111,187
22754,111,188
22755,111,189
22756,111,190
22757,111,191
22758,111,192
22759,111,193
22760,111,194
22761,111,195
22762,111,196
22763,111,197
22764,111,198
22765,111,199
22766,111,200
22767,111,201
22768,111,202
22769,111,203
22770,111,204
22771,111,205
22772,111,206
22773,111,207
22774,111,208
22775,111,209
22776,111,210
22777,111,211
22778,111,212
22779,111,213
22780,111,214
22781,111,215
22782,111,216
22783,111,217
22784,111,218
22785,111,219
22786,111,220
22787,111,221
22788,111,222
22789,111,223
22790,111,224
22791,111,225
22792,111,226
22793,111,227
22794,111,228
22795,111,229
22796,111,230
22797,111,231
22798,111,232
22799,111,233
22800,111,234
22801,111,235
22802,111,236
22803,111,237
22804,111,238
22805,111,239
22806,111,240
22807,111,241
22808,111,242
22809,111,243
22810,111,244
22811,111,245
22812,111,246
22813,111,247
22814,111,248
22815,111,249
22816,111,250
22817,111,251
22818,111,252
22819,111,253
22820,111,254
22821,111,255
22822,112,0
22823,112,1
22824,112,2
22825,112,3
22826,112,4
22827,112,5
22828,112,6
22829,112,7
22830,112,8
22831,112,9
22832,112,10
22833,112,11
22834,112,12
22835,112,13
22836,112,14
22837,112,15
22838,112,16
22839,112,17
22840,112,18
22841,112,19
22842,112,20
22843,112,21
22844,112,22
22845,112,23
22846,112,24
22847,112,25
22848,112,26
22849,112,27
22850,112,28
22851,112,29
22852,112,30
22853,112,31
22854,112,32
22855,112,33
22856,112,34
22857,112,35
22858,112,36
22859,112,37
22860,112,38
22861,112,39
22862,112,40
22863,112,41
22864,112,42
22865,112,43
22866,112,44
22867,112,45
22868,112,46
22869,112,47
22870,112,48
22871,112,49
22872,112,50
22873,112,51
22874,112,52
22875,112,53
22876,112,54
22877,112,55
22878,112,56
22879,112,57
22880,112,58
22881,112,59
22882,112,60
22883,112,61
22884,112,62
22885,112,63
22886,112,64
22887,112,65
22888,112,66
22889,112,67
22890,112,68
22891,112,69
22892,112,70
22893,112,71
22894,112,72
22895,112,73
22896,112,74
22897,112,75
22898,112,76
22899,112,77
22900,112,78
22901,112,79
22902,112,80
22903,112,81
22904,112,82
22905,112,83
22906,112,84
22907,112,85
22908,112,86
22909,112,87
22910,112,88
22911,112,89
22912,112,90
22913,112,91
22914,112,92
22915,112,93
22916,112,94
22917,112,95
22918,112,96
22919,112,97
22920,112,98
22921,112,99
22922,112,100
22923,112,101
22924,112,102
22925,112,103
22926,112,104
22927,112,105
22928,112,106
22929,112,107
22930,112,108
22931,112,109
22932,112,110
22933,112,111
22934,112,112
22935,112,113
22936,112,114
22937,112,115
22938,112,116
22939,112,117
22940,112,118
22941,112,119
22942,112,120
22943,112,121
22944,112,122
22945,112,123
22946,112,124
22947,112,125
22948,112,126
22949,112,127
22950,112,128
22951,112,129
22952,112,130
22953,112,131
22954,112,132
22955,112,133
22956,112,134
22957,112,135
22958,112,136
22959,112,137
22960,112,138
22961,112,139
22962,112,140
22963,112,141
22964,112,142
22965,112,143
22966,112,144
22967,112,145
22968,112,146
22969,112,147
22970,112,148
22971,112,149
22972,112,150
22973,112,151
22974,112,152
22975,112,153
22976,112,154
22977,112,155
22978,112,156
22979,112,157
22980,112,158
22981,112,159
22982,112,160
22983,112,161
22984,112,162
22985,112,163
22986,112,164
22987,112,165
22988,112,166
22989,112,167
22990,112,168
22991,112,169
22992,112,170
22993,112,171
22994,112,172
22995,112,173
22996,112,174
22997,112,175
22998,112,176
22999,112,177
23000,112,178
23001,112,179
23002,112,180
23003,112,181
23004,112,182
23005,112,183
23006,112,184
23007,112,185
23008,112,186
23009,112,187
23010,112,188
23011,112,189
23012,112,190
23013,112,191
23014,112,192
23015,112,193
23016,112,194
23017,112,195
23018,112,196
23019,112,197
23020,112,198
23021,112,199
23022,112,200
23023,112,201
23024,112,202
23025,112,203
23026,112,204
23027,112,205
23028,112,206
23029,112,207
23030,112,208
23031,112,209
23032,112,210
23033,112,211
23034,112,212
23035,112,213
23036,112,214
23037,112,215
23038,112,216
23039,112,217
23040,112,218
23041,112,219
23042,112,220
23043,112,221
23044,112,222
23045,112,223
23046,112,224
23047,112,225
23048,112,226
23049,112,227
23050,112,228
23051,112,229
23052,112,230
23053,112,231
23054,112,232
23055,112,233
23056,112,234
23057,112,235
23058,112,236
23059,112,237
23060,112,238
23061,112,239
23062,112,240
23063,112,241
23064,112,242
23065,112,243
23066,112,244
23067,112,245
23068,112,246
23069,112,247
23070,112,248
23071,112,249
23072,112,250
23073,112,251
23074,112,252
23075,112,253
23076,112,254
23077,112,255
23078,113,0
23079,113,1
23080,113,2
23081,113,3
23082,113,4
23083,113,5
23084,113,6
23085,113,7
23086,113,8
23087,113,9
23088,113,10
23089,113,11
23090,113,12
23091,113,13
23092,113,14
23093,113,15
23094,113,16
23095,113,17
23096,113,18
23097,113,19
23098,113,20
23099,113,21
23100,113,22
23101,113,23
23102,113,24
23103,113,25
23104,113,26
23105,113,27
23106,113,28
23107,113,29
23108,113,30
23109,113,31
23110,113,32
23111,113,33
23112,113,34
23113,113,35
23114,113,36
23115,113,37
23116,113,38
23117,113,39
23118,113,40
23119,113,41
23120,113,42
23121,113,43
23122,113,44
23123,113,45
23124,113,46
23125,113,47
23126,113,48
23127,113,49
23128,113,50
23129,113,51
23130,113,52
23131,113,53
23132,113,54
23133,113,55
23134,113,56
23135,113,57
23136,113,58
23137,113,59
23138,113,60
23139,113,61
23140,113,62
23141,113,63
23142,113,64
23143,113,65
23144,113,66
23145,113,67
23146,113,68
23147,113,69
23148,113,70
23149,113,71
23150,113,72
23151,113,73
23152,113,74
23153,113,75
23154,113,76
23155,113,77
23156,113,78
23157,113,79
23158,113,80
23159,113,81
23160,113,82
23161,113,83
23162,113,84
23163,113,85
23164,113,86
23165,113,87
23166,113,88
23167,113,89
23168,113,90
23169,113,91
23170,113,92
23171,113,93
23172,113,94
23173,113,95
23174,113,96
23175,113,97
23176,113,98
23177,113,99
23178,113,100
23179,113,101
23180,113,102
23181,113,103
23182,113,104
23183,113,105
23184,113,106
23185,113,107
23186,113,108
23187,113,109
23188,113,110
23189,113,111
23190,113,112
23191,113,113
23192,113,114
23193,113,115
23194,113,116
23195,113,117
23196,113,118
23197,113,119
23198,113,120
23199,113,121
23200,113,122
23201,113,123
23202,113,124
23203,113,125
23204,113,126
23205,113,127
23206,113,128
23207,113,129
23208,113,130
23209,113,131
23210,113,132
23211,113,133
23212,113,134
23213,113,135
23214,113,136
23215,113,137
23216,113,138
23217,113,139
23218,113,140
23219,113,141
23220,113,142
23221,113,143
23222,113,144
23223,113,145
23224,113,146
23225,113,147
23226,113,148
23227,113,149
23228,113,150
23229,113,151
23230,113,152
23231,113,153
23232,113,154
23233,113,155
23234,113,156
23235,113,157
23236,113,158
23237,113,159
23238,113,160
23239,113,161
23240,113,162
23241,113,163
23242,113,164
23243,113,165
23244,113,166
23245,113,167
23246,113,168
23247,113,169
23248,113,170
23249,113,171
23250,113,172
23251,113,173
23252,113,174
23253,113,175
23254,113,176
23255,113,177
23256,113,178
23257,113,179
23258,113,180
23259,113,181
23260,113,182
23261,113,183
23262,113,184
23263,113,185
23264,113,186
23265,113,187
23266,113,188
23267,113,189
23268,113,190
23269,113,191
23270,113,192
23271,113,193
23272,113,194
23273,113,195
23274,113,196
23275,113,197
23276,113,198
23277,113,199
23278,113,200
23279,113,201
23280,113,202
23281,113,203
23282,113,204
23283,113,205
23284,113,206
23285,113,207
23286,113,208
23287,113,209
23288,113,210
23289,113,211
23290,113,212
23291,113,213
23292,113,214
23293,113,215
23294,113,216
23295,113,217
23296,113,218
23297,113,219
23298,113,220
23299,113,221
23300,113,222
23301,113,223
23302,113,224
23303,113,225
23304,113,226
23305,113,227
23306,113,228
23307,113,229
23308,113,230
23309,113,231
23310,113,232
23311,113,233
23312,113,234
23313,113,235
23314,113,236
23315,113,237
23316,113,238
23317,113,239
23318,113,240
23319,113,241
23320,113,242
23321,113,243
23322,113,244
23323,113,245
23324,113,246
23325,113,247
23326,113,248
23327,113,249
23328,113,250
23329,113,251
23330,113,252
23331,113,253
23332,113,254
23333,113,255
23334,114,0
23335,114,1
23336,114,2
23337,114,3
23338,114,4
23339,114,5
23340,114,6
23341,114,7
23342,114,8
23343,114,9
23344,114,10
23345,114,11
23346,114,12
23347,114,13
23348,114,14
23349,114,15
23350,114,16
23351,114,17
23352,114,18
23353,114,19
23354,114,20
23355,114,21
23356,114,22
23357,114,23
23358,114,24
23359,114,25
23360,114,26
23361,114,27
23362,114,28
23363,114,29
23364,114,30
23365,114,31
23366,114,32
23367,114,33
23368,114,34
23369,114,35
23370,114,36
23371,114,37
23372,114,38
23373,114,39
23374,114,40
23375,114,41
23376,114,42
23377,114,43
23378,114,44
23379,114,45
23380,114,46
23381,114,47
23382,114,48
23383,114,49
23384,114,50
23385,114,51
23386,114,52
23387,114,53
23388,114,54
23389,114,55
23390,114,56
23391,114,57
23392,114,58
23393,114,59
23394,114,60
23395,114,61
23396,114,62
23397,114,63
23398,114,64
23399,114,65
23400,114,66
23401,114,67
23402,114,68
23403,114,69
23404,114,70
23405,114,71
23406,114,72
23407,114,73
23408,114,74
23409,114,75
23410,114,76
23411,114,77
23412,114,78
23413,114,79
23414,114,80
23415,114,81
23416,114,82
23417,114,83
23418,114,84
23419,114,85
23420,114,86
23421,114,87
23422,114,88
23423,114,89
23424,114,90
23425,114,91
23426,114,92
23427,114,93
23428,114,94
23429,114,95
23430,114,96
23431,114,97
23432,114,98
23433,114,99
23434,114,100
23435,114,101
23436,114,102
23437,114,103
23438,114,104
23439,114,105
23440,114,106
23441,114,107
23442,114,108
23443,114,109
23444,114,110
23445,114,111
23446,114,112
23447,114,113
23448,114,114
23449,114,115
23450,114,116
23451,114,117
23452,114,118
23453,114,119
23454,114,120
23455,114,121
23456,114,122
23457,114,123
23458,114,124
23459,114,125
23460,114,126
23461,114,127
23462,114,128
23463,114,129
23464,114,130
23465,114,131
23466,114,132
23467,114,133
23468,114,134
23469,114,135
23470,114,136
23471,114,137
23472,114,138
23473,114,139
23474,114,140
23475,114,141
23476,114,142
23477,114,143
23478,114,144
23479,114,145
23480,114,146
23481,114,147
23482,114,148
23483,114,149
23484,114,150
23485,114,151
23486,114,152
23487,114,153
23488,114,154
23489,114,155
23490,114,156
23491,114,157
23492,114,158
23493,114,159
23494,114,160
23495,114,161
23496,114,162
23497,114,163
23498,114,164
23499,114,165
23500,114,166
23501,114,167
23502,114,168
23503,114,169
23504,114,170
23505,114,171
23506,114,172
23507,114,173
23508,114,174
23509,114,175
23510,114,176
23511,114,177
23512,114,178
23513,114,179
23514,114,180
23515,114,181
23516,114,182
23517,114,183
23518,114,184
23519,114,185
23520,114,186
23521,114,187
23522,114,188
23523,114,189
23524,114,190
23525,114,191
23526,114,192
23527,114,193
23528,114,194
23529,114,195
23530,114,196
23531,114,197
23532,114,198
23533,114,199
23534,114,200
23535,114,201
23536,114,202
23537,114,203
23538,114,204
23539,114,205
23540,114,206
23541,114,207
23542,114,208
23543,114,209
23544,114,210
23545,114,211
23546,114,212
23547,114,213
23548,114,214
23549,114,215
23550,114,216
23551,114,217
23552,114,218
23553,114,219
23554,114,220
23555,114,221
23556,114,222
23557,114,223
23558,114,224
23559,114,225
23560,114,226
23561,114,227
23562,114,228
23563,114,229
23564,114,230
23565,114,231
23566,114,232
23567,114,233
23568,114,234
23569,114,235
23570,114,236
23571,114,237
23572,114,238
23573,114,239
23574,114,240
23575,114,241
23576,114,242
23577,114,243
23578,114,244
23579,114,245
23580,114,246
23581,114,247
23582,114,248
23583,114,249
23584,114,250
23585,114,251
23586,114,252
23587,114,253
23588,114,254
23589,114,255
23590,115,0
23591,115,1
23592,115,2
23593,115,3
23594,115,4
23595,115,5
23596,115,6
23597,115,7
23598,115,8
23599,115,9
23600,115,10
23601,115,11
23602,115,12
23603,115,13
23604,115,14
23605,115,15
23606,115,16
23607,115,17
23608,115,18
23609,115,19
23610,115,20
23611,115,21
23612,115,22
23613,115,23
23614,115,24
23615,115,25
23616,115,26
23617,115,27
23618,115,28
23619,115,29
23620,115,30
23621,115,31
23622,115,32
23623,115,33
23624,115,34
23625,115,35
23626,115,36
23627,115,37
23628,115,38
23629,115,39
23630,115,40
23631,115,41
23632,115,42
23633,115,43
23634,115,44
23635,115,45
23636,115,46
23637,115,47
23638,115,48
23639,115,49
23640,115,50
23641,115,51
23642,115,52
23643,115,53
23644,115,54
23645,115,55
23646,115,56
23647,115,57
23648,115,58
23649,115,59
23650,115,60
23651,115,61
23652,115,62
23653,115,63
23654,115,64
23655,115,65
23656,115,66
23657,115,67
23658,115,68
23659,115,69
23660,115,70
23661,115,71
23662,115,72
23663,115,73
23664,115,74
23665,115,75
23666,115,76
23667,115,77
23668,115,78
23669,115,79
23670,115,80
23671,115,81
23672,115,82
23673,115,83
23674,115,84
23675,115,85
23676,115,86
23677,115,87
23678,115,88
23679,115,89
23680,115,90
23681,115,91
23682,115,92
23683,115,93
23684,115,94
23685,115,95
23686,115,96
23687,115,97
23688,115,98
23689,115,99
23690,115,100
23691,115,101
23692,115,102
23693,115,103
23694,115,104
23695,115,105
23696,115,106
23697,115,107
23698,115,108
23699,115,109
23700,115,110
23701,115,111
23702,115,112
23703,115,113
23704,115,114
23705,115,115
23706,115,116
23707,115,117
23708,115,118
23709,115,119
23710,115,120
23711,115,121
23712,115,122
23713,115,123
23714,115,124
23715,115,125
23716,115,126
23717,115,127
23718,115,128
23719,115,129
23720,115,130
23721,115,131
23722,115,132
23723,115,133
23724,115,134
23725,115,135
23726,115,136
23727,115,137
23728,115,138
23729,115,139
23730,115,140
23731,115,141
23732,115,142
23733,115,143
23734,115,144
23735,115,145
23736,115,146
23737,115,147
23738,115,148
23739,115,149
23740,115,150
23741,115,151
23742,115,152
23743,115,153
23744,115,154
23745,115,155
23746,115,156
23747,115,157
23748,115,158
23749,115,159
23750,115,160
23751,115,161
23752,115,162
23753,115,163
23754,115,164
23755,115,165
23756,115,166
23757,115,167
23758,115,168
23759,115,169
23760,115,170
23761,115,171
23762,115,172
23763,115,173
23764,115,174
23765,115,175
23766,115,176
23767,115,177
23768,115,178
23769,115,179
23770,115,180
23771,115,181
23772,115,182
23773,115,183
23774,115,184
23775,115,185
23776,115,186
23777,115,187
23778,115,188
23779,115,189
23780,115,190
23781,115,191
23782,115,192
23783,115,193
23784,115,194
23785,115,195
23786,115,196
23787,115,197
23788,115,198
23789,115,199
23790,115,200
23791,115,201
23792,115,202
23793,115,203
23794,115,204
23795,115,205
23796,115,206
23797,115,207
23798,115,208
23799,115,209
23800,115,210
23801,115,211
23802,115,212
23803,115,213
23804,115,214
23805,115,215
23806,115,216
23807,115,217
23808,115,218
23809,115,219
23810,115,220
23811,115,221
23812,115,222
23813,115,223
23814,115,224
23815,115,225
23816,115,226
23817,115,227
23818,115,228
23819,115,229
23820,115,230
23821,115,231
23822,115,232
23823,115,233
23824,115,234
23825,115,235
23826,115,236
23827,115,237
23828,115,238
23829,115,239
23830,115,240
23831,115,241
23832,115,242
23833,115,243
23834,115,244
23835,115,245
23836,115,246
23837,115,247
23838,115,248
23839,115,249
23840,115,250
23841,115,251
23842,115,252
23843,115,253
23844,115,254
23845,115,255
23846,116,0
23847,116,1
23848,116,2
23849,116,3
23850,116,4
23851,116,5
23852,116,6
23853,116,7
23854,116,8
23855,116,9
23856,116,10
23857,116,11
23858,116,12
23859,116,13
23860,116,14
23861,116,15
23862,116,16
23863,116,17
23864,116,18
23865,116,19
23866,116,20
23867,116,21
23868,116,22
23869,116,23
23870,116,24
23871,116,25
23872,116,26
23873,116,27
23874,116,28
23875,116,29
23876,116,30
23877,116,31
23878,116,32
23879,116,33
23880,116,34
23881,116,35
23882,116,36
23883,116,37
23884,116,38
23885,116,39
23886,116,40
23887,116,41
23888,116,42
23889,116,43
23890,116,44
23891,116,45
23892,116,46
23893,116,47
23894,116,48
23895,116,49
23896,116,50
23897,116,51
23898,116,52
23899,116,53
23900,116,54
23901,116,55
23902,116,56
23903,116,57
23904,116,58
23905,116,59
23906,116,60
23907,116,61
23908,116,62
23909,116,63
23910,116,64
23911,116,65
23912,116,66
23913,116,67
23914,116,68
23915,116,69
23916,116,70
23917,116,71
23918,116,72
23919,116,73
23920,116,74
23921,116,75
23922,116,76
23923,116,77
23924,116,78
23925,116,79
23926,116,80
23927,116,81
23928,116,82
23929,116,83
23930,116,84
23931,116,85
23932,116,86
23933,116,87
23934,116,88
23935,116,89
23936,116,90
23937,116,91
23938,116,92
23939,116,93
23940,116,94
23941,116,95
23942,116,96
23943,116,97
23944,116,98
23945,116,99
23946,116,100
23947,116,101
23948,116,102
23949,116,103
23950,116,104
23951,116,105
23952,116,106
23953,116,107
23954,116,108
23955,116,109
23956,116,110
23957,116,111
23958,116,112
23959,116,113
23960,116,114
23961,116,115
23962,116,116
23963,116,117
23964,116,118
23965,116,119
23966,116,120
23967,116,121
23968,116,122
23969,116,123
23970,116,124
23971,116,125
23972,116,126
23973,116,127
23974,116,128
23975,116,129
23976,116,130
23977,116,131
23978,116,132
23979,116,133
23980,116,134
23981,116,135
23982,116,136
23983,116,137
23984,116,138
23985,116,139
23986,116,140
23987,116,141
23988,116,142
23989,116,143
23990,116,144
23991,116,145
23992,116,146
23993,116,147
23994,116,148
23995,116,149
23996,116,150
23997,116,151
23998,116,152
23999,116,153
24000,116,154
24001,116,155
24002,116,156
24003,116,157
24004,116,158
24005,116,159
24006,116,160
24007,116,161
24008,116,162
24009,116,163
24010,116,164
24011,116,165
24012,116,166
24013,116,167
24014,116,168
24015,116,169
24016,116,170
24017,116,171
24018,116,172
24019,116,173
24020,116,174
24021,116,175
24022,116,176
24023,116,177
24024,116,178
24025,116,179
24026,116,180
24027,116,181
24028,116,182
24029,116,183
24030,116,184
24031,116,185
24032,116,186
24033,116,187
24034,116,188
24035,116,189
24036,116,190
24037,116,191
24038,116,192
24039,116,193
24040,116,194
24041,116,195
24042,116,196
24043,116,197
24044,116,198
24045,116,199
24046,116,200
24047,116,201
24048,116,202
24049,116,203
24050,116,204
24051,116,205
24052,116,206
24053,116,207
24054,116,208
24055,116,209
24056,116,210
24057,116,211
24058,116,212
24059,116,213
24060,116,214
24061,116,215
24062,116,216
24063,116,217
24064,116,218
24065,116,219
24066,116,220
24067,116,221
24068,116,222
24069,116,223
24070,116,224
24071,116,225
24072,116,226
24073,116,227
24074,116,228
24075,116,229
24076,116,230
24077,116,231
24078,116,232
24079,116,233
24080,116,234
24081,116,235
24082,116,236
24083,116,237
24084,116,238
24085,116,239
24086,116,240
24087,116,241
24088,116,242
24089,116,243
24090,116,244
24091,116,245
24092,116,246
24093,116,247
24094,116,248
24095,116,249
24096,116,250
24097,116,251
24098,116,252
24099,116,253
24100,116,254
24101,116,255
24102,117,0
24103,117,1
24104,117,2
24105,117,3
24106,117,4
24107,117,5
24108,117,6
24109,117,7
24110,117,8
24111,117,9
24112,117,10
24113,117,11
24114,117,12
24115,117,13
24116,117,14
24117,117,15
24118,117,16
24119,117,17
24120,117,18
24121,117,19
24122,117,20
24123,117,21
24124,117,22
24125,117,23
24126,117,24
24127,117,25
24128,117,26
24129,117,27
24130,117,28
24131,117,29
24132,117,30
24133,117,31
24134,117,32
24135,117,33
24136,117,34
24137,117,35
24138,117,36
24139,117,37
24140,117,38
24141,117,39
24142,117,40
24143,117,41
24144,117,42
24145,117,43
24146,117,44
24147,117,45
24148,117,46
24149,117,47
24150,117,48
24151,117,49
24152,117,50
24153,117,51
24154,117,52
24155,117,53
24156,117,54
24157,117,55
24158,117,56
24159,117,57
24160,117,58
24161,117,59
24162,117,60
24163,117,61
24164,117,62
24165,117,63
24166,117,64
24167,117,65
24168,117,66
24169,117,67
24170,117,68
24171,117,69
24172,117,70
24173,117,71
24174,117,72
24175,117,73
24176,117,74
24177,117,75
24178,117,76
24179,117,77
24180,117,78
24181,117,79
24182,117,80
24183,117,81
24184,117,82
24185,117,83
24186,117,84
24187,117,85
24188,117,86
24189,117,87
24190,117,88
24191,117,89
24192,117,90
24193,117,91
24194,117,92
24195,117,93
24196,117,94
24197,117,95
24198,117,96
24199,117,97
24200,117,98
24201,117,99
24202,117,100
24203,117,101
24204,117,102
24205,117,103
24206,117,104
24207,117,105
24208,117,106
24209,117,107
24210,117,108
24211,117,109
24212,117,110
24213,117,111
24214,117,112
24215,117,113
24216,117,114
24217,117,115
24218,117,116
24219,117,117
24220,117,118
24221,117,119
24222,117,120
24223,117,121
24224,117,122
24225,117,123
24226,117,124
24227,117,125
24228,117,126
24229,117,127
24230,117,128
24231,117,129
24232,117,130
24233,117,131
24234,117,132
24235,117,133
24236,117,134
24237,117,135
24238,117,136
24239,117,137
24240,117,138
24241,117,139
24242,117,140
24243,117,141
24244,117,142
24245,117,143
24246,117,144
24247,117,145
24248,117,146
24249,117,147
24250,117,148
24251,117,149
24252,117,150
24253,117,151
24254,117,152
24255,117,153
24256,117,154
24257,117,155
24258,117,156
24259,117,157
24260,117,158
24261,117,159
24262,117,160
24263,117,161
24264,117,162
24265,117,163
24266,117,164
24267,117,165
24268,117,166
24269,117,167
24270,117,168
24271,117,169
24272,117,170
24273,117,171
24274,117,172
24275,117,173
24276,117,174
24277,117,175
24278,117,176
24279,117,177
24280,117,178
24281,117,179
24282,117,180
24283,117,181
24284,117,182
24285,117,183
24286,117,184
24287,117,185
24288,117,186
24289,117,187
24290,117,188
24291,117,189
24292,117,190
24293,117,191
24294,117,192
24295,117,193
24296,117,194
24297,117,195
24298,117,196
24299,117,197
24300,117,198
24301,117,199
24302,117,200
24303,117,201
24304,117,202
24305,117,203
24306,117,204
24307,117,205
24308,117,206
24309,117,207
24310,117,208
24311,117,209
24312,117,210
24313,117,211
24314,117,212
24315,117,213
24316,117,214
24317,117,215
24318,117,216
24319,117,217
24320,117,218
24321,117,219
24322,117,220
24323,117,221
24324,117,222
24325,117,223
24326,117,224
24327,117,225
24328,117,226
24329,117,227
24330,117,228
24331,117,229
24332,117,230
24333,117,231
24334,117,232
24335,117,233
24336,117,234
24337,117,235
24338,117,236
24339,117,237
24340,117,238
24341,117,239
24342,117,240
24343,117,241
24344,117,242
24345,117,243
24346,117,244
24347,117,245
24348,117,246
24349,117,247
24350,117,248
24351,117,249
24352,117,250
24353,117,251
24354,117,252
24355,117,253
24356,117,254
24357,117,255
24358,118,0
24359,118,1
24360,118,2
24361,118,3
24362,118,4
24363,118,5
24364,118,6
24365,118,7
24366,118,8
24367,118,9
24368,118,10
24369,118,11
24370,118,12
24371,118,13
24372,118,14
24373,118,15
24374,118,16
24375,118,17
24376,118,18
24377,118,19
24378,118,20
24379,118,21
24380,118,22
24381,118,23
24382,118,24
24383,118,25
24384,118,26
24385,118,27
24386,118,28
24387,118,29
24388,118,30
24389,118,31
24390,118,32
24391,118,33
24392,118,34
24393,118,35
24394,118,36
24395,118,37
24396,118,38
24397,118,39
24398,118,40
24399,118,41
24400,118,42
24401,118,43
24402,118,44
24403,118,45
24404,118,46
24405,118,47
24406,118,48
24407,118,49
24408,118,50
24409,118,51
24410,118,52
24411,118,53
24412,118,54
24413,118,55
24414,118,56
24415,118,57
24416,118,58
24417,118,59
24418,118,60
24419,118,61
24420,118,62
24421,118,63
24422,118,64
24423,118,65
24424,118,66
24425,118,67
24426,118,68
24427,118,69
24428,118,70
24429,118,71
24430,118,72
24431,118,73
24432,118,74
24433,118,75
24434,118,76
24435,118,77
24436,118,78
24437,118,79
24438,118,80
24439,118,81
24440,118,82
24441,118,83
24442,118,84
24443,118,85
24444,118,86
24445,118,87
24446,118,88
24447,118,89
24448,118,90
24449,118,91
24450,118,92
24451,118,93
24452,118,94
24453,118,95
24454,118,96
24455,118,97
24456,118,98
24457,118,99
24458,118,100
24459,118,101
24460,118,102
24461,118,103
24462,118,104
24463,118,105
24464,118,106
24465,118,107
24466,118,108
24467,118,109
24468,118,110
24469,118,111
24470,118,112
24471,118,113
24472,118,114
24473,118,115
24474,118,116
24475,118,117
24476,118,118
24477,118,119
24478,118,120
24479,118,121
24480,118,122
24481,118,123
24482,118,124
24483,118,125
24484,118,126
24485,118,127
24486,118,128
24487,118,129
24488,118,130
24489,118,131
24490,118,132
24491,118,133
24492,118,134
24493,118,135
24494,118,136
24495,118,137
24496,118,138
24497,118,139
24498,118,140
24499,118,141
24500,118,142
24501,118,143
24502,118,144
24503,118,145
24504,118,146
24505,118,147
24506,118,148
24507,118,149
24508,118,150
24509,118,151
24510,118,152
24511,118,153
24512,118,154
24513,118,155
24514,118,156
24515,118,157
24516,118,158
24517,118,159
24518,118,160
24519,118,161
24520,118,162
24521,118,163
24522,118,164
24523,118,165
24524,118,166
24525,118,167
24526,118,168
24527,118,169
24528,118,170
24529,118,171
24530,118,172
24531,118,173
24532,118,174
24533,118,175
24534,118,176
24535,118,177
24536,118,178
24537,118,179
24538,118,180
24539,118,181
24540,118,182
24541,118,183
24542,118,184
24543,118,185
24544,118,186
24545,118,187
24546,118,188
24547,118,189
24548,118,190
24549,118,191
24550,118,192
24551,118,193
24552,118,194
24553,118,195
24554,118,196
24555,118,197
24556,118,198
24557,118,199
24558,118,200
24559,118,201
24560,118,202
24561,118,203
24562,118,204
24563,118,205
24564,118,206
24565,118,207
24566,118,208
24567,118,209
24568,118,210
24569,118,211
24570,118,212
24571,118,213
24572,118,214
24573,118,215
24574,118,216
24575,118,217
24576,118,218
24577,118,219
24578,118,220
24579,118,221
24580,118,222
24581,118,223
24582,118,224
24583,118,225
24584,118,226
24585,118,227
24586,118,228
24587,118,229
24588,118,230
24589,118,231
24590,118,232
24591,118,233
24592,118,234
24593,118,235
24594,118,236
24595,118,237
24596,118,238
24597,118,239
24598,118,240
24599,118,241
24600,118,242
24601,118,243
24602,118,244
24603,118,245
24604,118,246
24605,118,247
24606,118,248
24607,118,249
24608,118,250
24609,118,251
24610,118,252
24611,118,253
24612,118,254
24613,118,255
24614,119,0
24615,119,1
24616,119,2
24617,119,3
24618,119,4
24619,119,5
24620,119,6
24621,119,7
24622,119,8
24623,119,9
24624,119,10
24625,119,11
24626,119,12
24627,119,13
24628,119,14
24629,119,15
24630,119,16
24631,119,17
24632,119,18
24633,119,19
24634,119,20
24635,119,21
24636,119,22
24637,119,23
24638,119,24
24639,119,25
24640,119,26
24641,119,27
24642,119,28
24643,119,29
24644,119,30
24645,119,31
24646,119,32
24647,119,33
24648,119,34
24649,119,35
24650,119,36
24651,119,37
24652,119,38
24653,119,39
24654,119,40
24655,119,41
24656,119,42
24657,119,43
24658,119,44
24659,119,45
24660,119,46
24661,119,47
24662,119,48
24663,119,49
24664,119,50
24665,119,51
24666,119,52
24667,119,53
24668,119,54
24669,119,55
24670,119,56
24671,119,57
24672,119,58
24673,119,59
24674,119,60
24675,119,61
24676,119,62
24677,119,63
24678,119,64
24679,119,65
24680,119,66
24681,119,67
24682,119,68
24683,119,69
24684,119,70
24685,119,71
24686,119,72
24687,119,73
24688,119,74
24689,119,75
24690,119,76
24691,119,77
24692,119,78
24693,119,79
24694,119,80
24695,119,81
24696,119,82
24697,119,83
24698,119,84
24699,119,85
24700,119,86
24701,119,87
24702,119,88
24703,119,89
24704,119,90
24705,119,91
24706,119,92
24707,119,93
24708,119,94
24709,119,95
24710,119,96
24711,119,97
24712,119,98
24713,119,99
24714,119,100
24715,119,101
24716,119,102
24717,119,103
24718,119,104
24719,119,105
24720,119,106
24721,119,107
24722,119,108
24723,119,109
24724,119,110
24725,119,111
24726,119,112
24727,119,113
24728,119,114
24729,119,115
24730,119,116
24731,119,117
24732,119,118
24733,119,119
24734,119,120
24735,119,121
24736,119,122
24737,119,123
24738,119,124
24739,119,125
24740,119,126
24741,119,127
24742,119,128
24743,119,129
24744,119,130
24745,119,131
24746,119,132
24747,119,133
24748,119,134
24749,119,135
24750,119,136
24751,119,137
24752,119,138
24753,119,139
24754,119,140
24755,119,141
24756,119,142
24757,119,143
24758,119,144
24759,119,145
24760,119,146
24761,119,147
24762,119,148
24763,119,149
24764,119,150
24765,119,151
24766,119,152
24767,119,153
24768,119,154
24769,119,155
24770,119,156
24771,119,157
24772,119,158
24773,119,159
24774,119,160
24775,119,161
24776,119,162
24777,119,163
24778,119,164
24779,119,165
24780,119,166
24781,119,167
24782,119,168
24783,119,169
24784,119,170
24785,119,171
24786,119,172
24787,119,173
24788,119,174
24789,119,175
24790,119,176
24791,119,177
24792,119,178
24793,119,179
24794,119,180
24795,119,181
24796,119,182
24797,119,183
24798,119,184
24799,119,185
24800,119,186
24801,119,187
24802,119,188
24803,119,189
24804,119,190
24805,119,191
24806,119,192
24807,119,193
24808,119,194
24809,119,195
24810,119,196
24811,119,197
24812,119,198
24813,119,199
24814,119,200
24815,119,201
24816,119,202
24817,119,203
24818,119,204
24819,119,205
24820,119,206
24821,119,207
24822,119,208
24823,119,209
24824,119,210
24825,119,211
24826,119,212
24827,119,213
24828,119,214
24829,119,215
24830,119,216
24831,119,217
24832,119,218
24833,119,219
24834,119,220
24835,119,221
24836,119,222
24837,119,223
24838,119,224
24839,119,225
24840,119,226
24841,119,227
24842,119,228
24843,119,229
24844,119,230
24845,119,231
24846,119,232
24847,119,233
24848,119,234
24849,119,235
24850,119,236
24851,119,237
24852,119,238
24853,119,239
24854,119,240
24855,119,241
24856,119,242
24857,119,243
24858,119,244
24859,119,245
24860,119,246
24861,119,247
24862,119,248
24863,119,249
24864,119,250
24865,119,251
24866,119,252
24867,119,253
24868,119,254
24869,119,255
24870,120,0
24871,120,1
24872,120,2
24873,120,3
24874,120,4
24875,120,5
24876,120,6
24877,120,7
24878,120,8
24879,120,9
24880,120,10
24881,120,11
24882,120,12
24883,120,13
24884,120,14
24885,120,15
24886,120,16
24887,120,17
24888,120,18
24889,120,19
24890,120,20
24891,120,21
24892,120,22
24893,120,23
24894,120,24
24895,120,25
24896,120,26
24897,120,27
24898,120,28
24899,120,29
24900,120,30
24901,120,31
24902,120,32
24903,120,33
24904,120,34
24905,120,35
24906,120,36
24907,120,37
24908,120,38
24909,120,39
24910,120,40
24911,120,41
24912,120,42
24913,120,43
24914,120,44
24915,120,45
24916,120,46
24917,120,47
24918,120,48
24919,120,49
24920,120,50
24921,120,51
24922,120,52
24923,120,53
24924,120,54
24925,120,55
24926,120,56
24927,120,57
24928,120,58
24929,120,59
24930,120,60
24931,120,61
24932,120,62
24933,120,63
24934,120,64
24935,120,65
24936,120,66
24937,120,67
24938,120,68
24939,120,69
24940,120,70
24941,120,71
24942,120,72
24943,120,73
24944,120,74
24945,120,75
24946,120,76
24947,120,77
24948,120,78
24949,120,79
24950,120,80
24951,120,81
24952,120,82
24953,120,83
24954,120,84
24955,120,85
24956,120,86
24957,120,87
24958,120,88
24959,120,89
24960,120,90
24961,120,91
24962,120,92
24963,120,93
24964,120,94
24965,120,95
24966,120,96
24967,120,97
24968,120,98
24969,120,99
24970,120,100
24971,120,101
24972,120,102
24973,120,103
24974,120,104
24975,120,105
24976,120,106
24977,120,107
24978,120,108
24979,120,109
24980,120,110
24981,120,111
24982,120,112
24983,120,113
24984,120,114
24985,120,115
24986,120,116
24987,120,117
24988,120,118
24989,120,119
24990,120,120
24991,120,121
24992,120,122
24993,120,123
24994,120,124
24995,120,125
24996,120,126
24997,120,127
24998,120,128
24999,120,129
25000,120,130
25001,120,131
25002,120,132
25003,120,133
25004,120,134
25005,120,135
25006,120,136
25007,120,137
25008,120,138
25009,120,139
25010,120,140
25011,120,141
25012,120,142
25013,120,143
25014,120,144
25015,120,145
25016,120,146
25017,120,147
25018,120,148
25019,120,149
25020,120,150
25021,120,151
25022,120,152
25023,120,153
25024,120,154
25025,120,155
25026,120,156
25027,120,157
25028,120,158
25029,120,159
25030,120,160
25031,120,161
25032,120,162
25033,120,163
25034,120,164
25035,120,165
25036,120,166
25037,120,167
25038,120,168
25039,120,169
25040,120,170
25041,120,171
25042,120,172
25043,120,173
25044,120,174
25045,120,175
25046,120,176
25047,120,177
25048,120,178
25049,120,179
25050,120,180
25051,120,181
25052,120,182
25053,120,183
25054,120,184
25055,120,185
25056,120,186
25057,120,187
25058,120,188
25059,120,189
25060,120,190
25061,120,191
25062,120,192
25063,120,193
25064,120,194
25065,120,195
25066,120,196
25067,120,197
25068,120,198
25069,120,199
25070,120,200
25071,120,201
25072,120,202
25073,120,203
25074,120,204
25075,120,205
25076,120,206
25077,120,207
25078,120,208
25079,120,209
25080,120,210
25081,120,211
25082,120,212
25083,120,213
25084,120,214
25085,120,215
25086,120,216
25087,120,217
25088,120,218
25089,120,219
25090,120,220
25091,120,221
25092,120,222
25093,120,223
25094,120,224
25095,120,225
25096,120,226
25097,120,227
25098,120,228
25099,120,229
25100,120,230
25101,120,231
25102,120,232
25103,120,233
25104,120,234
25105,120,235
25106,120,236
25107,120,237
25108,120,238
25109,120,239
25110,120,240
25111,120,241
25112,120,242
25113,120,243
25114,120,244
25115,120,245
25116,120,246
25117,120,247
25118,120,248
25119,120,249
25120,120,250
25121,120,251
25122,120,252
25123,120,253
25124,120,254
25125,120,255
25126,121,0
25127,121,1
25128,121,2
25129,121,3
25130,121,4
25131,121,5
25132,121,6
25133,121,7
25134,121,8
25135,121,9
25136,121,10
25137,121,11
25138,121,12
25139,121,13
25140,121,14
25141,121,15
25142,121,16
25143,121,17
25144,121,18
25145,121,19
25146,121,20
25147,121,21
25148,121,22
25149,121,23
25150,121,24
25151,121,25
25152,121,26
25153,121,27
25154,121,28
25155,121,29
25156,121,30
25157,121,31
25158,121,32
25159,121,33
25160,121,34
25161,121,35
25162,121,36
25163,121,37
25164,121,38
25165,121,39
25166,121,40
25167,121,41
25168,121,42
25169,121,43
25170,121,44
25171,121,45
25172,121,46
25173,121,47
25174,121,48
25175,121,49
25176,121,50
25177,121,51
25178,121,52
25179,121,53
25180,121,54
25181,121,55
25182,121,56
25183,121,57
25184,121,58
25185,121,59
25186,121,60
25187,121,61
25188,121,62
25189,121,63
25190,121,64
25191,121,65
25192,121,66
25193,121,67
25194,121,68
25195,121,69
25196,121,70
25197,121,71
25198,121,72
25199,121,73
25200,121,74
25201,121,75
25202,121,76
25203,121,77
25204,121,78
25205,121,79
25206,121,80
25207,121,81
25208,121,82
25209,121,83
25210,121,84
25211,121,85
25212,121,86
25213,121,87
25214,121,88
25215,121,89
25216,121,90
25217,121,91
25218,121,92
25219,121,93
25220,121,94
25221,121,95
25222,121,96
25223,121,97
25224,121,98
25225,121,99
25226,121,100
25227,121,101
25228,121,102
25229,121,103
25230,121,104
25231,121,105
25232,121,106
25233,121,107
25234,121,108
25235,121,109
25236,121,110
25237,121,111
25238,121,112
25239,121,113
25240,121,114
25241,121,115
25242,121,116
25243,121,117
25244,121,118
25245,121,119
25246,121,120
25247,121,121
25248,121,122
25249,121,123
25250,121,124
25251,121,125
25252,121,126
25253,121,127
25254,121,128
25255,121,129
25256,121,130
25257,121,131
25258,121,132
25259,121,133
25260,121,134
25261,121,135
25262,121,136
25263,121,137
25264,121,138
25265,121,139
25266,121,140
25267,121,141
25268,121,142
25269,121,143
25270,121,144
25271,121,145
25272,121,146
25273,121,147
25274,121,148
25275,121,149
25276,121,150
25277,121,151
25278,121,152
25279,121,153
25280,121,154
25281,121,155
25282,121,156
25283,121,157
25284,121,158
25285,121,159
25286,121,160
25287,121,161
25288,121,162
25289,121,163
25290,121,164
25291,121,165
25292,121,166
25293,121,167
25294,121,168
25295,121,169
25296,121,170
25297,121,171
25298,121,172
25299,121,173
25300,121,174
25301,121,175
25302,121,176
25303,121,177
25304,121,178
25305,121,179
25306,121,180
25307,121,181
25308,121,182
25309,121,183
25310,121,184
25311,121,185
25312,121,186
25313,121,187
25314,121,188
25315,121,189
25316,121,190
25317,121,191
25318,121,192
25319,121,193
25320,121,194
25321,121,195
25322,121,196
25323,121,197
25324,121,198
25325,121,199
25326,121,200
25327,121,201
25328,121,202
25329,121,203
25330,121,204
25331,121,205
25332,121,206
25333,121,207
25334,121,208
25335,121,209
25336,121,210
25337,121,211
25338,121,212
25339,121,213
25340,121,214
25341,121,215
25342,121,216
25343,121,217
25344,121,218
25345,121,219
25346,121,220
25347,121,221
25348,121,222
25349,121,223
25350,121,224
25351,121,225
25352,121,226
25353,121,227
25354,121,228
25355,121,229
25356,121,230
25357,121,231
25358,121,232
25359,121,233
25360,121,234
25361,121,235
25362,121,236
25363,121,237
25364,121,238
25365,121,239
25366,121,240
25367,121,241
25368,121,242
25369,121,243
25370,121,244
25371,121,245
25372,121,246
25373,121,247
25374,121,248
25375,121,249
25376,121,250
25377,121,251
25378,121,252
25379,121,253
25380,121,254
25381,121,255
25382,122,0
25383,122,1
25384,122,2
25385,122,3
25386,122,4
25387,122,5
25388,122,6
25389,122,7
25390,122,8
25391,122,9
25392,122,10
25393,122,11
25394,122,12
25395,122,13
25396,122,14
25397,122,15
25398,122,16
25399,122,17
25400,122,18
25401,122,19
25402,122,20
25403,122,21
25404,122,22
25405,122,23
25406,122,24
25407,122,25
25408,122,26
25409,122,27
25410,122,28
25411,122,29
25412,122,30
25413,122,31
25414,122,32
25415,122,33
25416,122,34
25417,122,35
25418,122,36
25419,122,37
25420,122,38
25421,122,39
25422,122,40
25423,122,41
25424,122,42
25425,122,43
25426,122,44
25427,122,45
25428,122,46
25429,122,47
25430,122,48
25431,122,49
25432,122,50
25433,122,51
25434,122,52
25435,122,53
25436,122,54
25437,122,55
25438,122,56
25439,122,57
25440,122,58
25441,122,59
25442,122,60
25443,122,61
25444,122,62
25445,122,63
25446,122,64
25447,122,65
25448,122,66
25449,122,67
25450,122,68
25451,122,69
25452,122,70
25453,122,71
25454,122,72
25455,122,73
25456,122,74
25457,122,75
25458,122,76
25459,122,77
25460,122,78
25461,122,79
25462,122,80
25463,122,81
25464,122,82
25465,122,83
25466,122,84
25467,122,85
25468,122,86
25469,122,87
25470,122,88
25471,122,89
25472,122,90
25473,122,91
25474,122,92
25475,122,93
25476,122,94
25477,122,95
25478,122,96
25479,122,97
25480,122,98
25481,122,99
25482,122,100
25483,122,101
25484,122,102
25485,122,103
25486,122,104
25487,122,105
25488,122,106
25489,122,107
25490,122,108
25491,122,109
25492,122,110
25493,122,111
25494,122,112
25495,122,113
25496,122,114
25497,122,115
25498,122,116
25499,122,117
25500,122,118
25501,122,119
25502,122,120
25503,122,121
25504,122,122
25505,122,123
25506,122,124
25507,122,125
25508,122,126
25509,122,127
25510,122,128
25511,122,129
25512,122,130
25513,122,131
25514,122,132
25515,122,133
25516,122,134
25517,122,135
25518,122,136
25519,122,137
25520,122,138
25521,122,139
25522,122,140
25523,122,141
25524,122,142
25525,122,143
25526,122,144
25527,122,145
25528,122,146
25529,122,147
25530,122,148
25531,122,149
25532,122,150
25533,122,151
25534,122,152
25535,122,153
25536,122,154
25537,122,155
25538,122,156
25539,122,157
25540,122,158
25541,122,159
25542,122,160
25543,122,161
25544,122,162
25545,122,163
25546,122,164
25547,122,165
25548,122,166
25549,122,167
25550,122,168
25551,122,169
25552,122,170
25553,122,171
25554,122,172
25555,122,173
25556,122,174
25557,122,175
25558,122,176
25559,122,177
25560,122,178
25561,122,179
25562,122,180
25563,122,181
25564,122,182
25565,122,183
25566,122,184
25567,122,185
25568,122,186
25569,122,187
25570,122,188
25571,122,189
25572,122,190
25573,122,191
25574,122,192
25575,122,193
25576,122,194
25577,122,195
25578,122,196
25579,122,197
25580,122,198
25581,122,199
25582,122,200
25583,122,201
25584,122,202
25585,122,203
25586,122,204
25587,122,205
25588,122,206
25589,122,207
25590,122,208
25591,122,209
25592,122,210
25593,122,211
25594,122,212
25595,122,213
25596,122,214
25597,122,215
25598,122,216
25599,122,217
25600,122,218
25601,122,219
25602,122,220
25603,122,221
25604,122,222
25605,122,223
25606,122,224
25607,122,225
25608,122,226
25609,122,227
25610,122,228
25611,122,229
25612,122,230
25613,122,231
25614,122,232
25615,122,233
25616,122,234
25617,122,235
25618,122,236
25619,122,237
25620,122,238
25621,122,239
25622,122,240
25623,122,241
25624,122,242
25625,122,243
25626,122,244
25627,122,245
25628,122,246
25629,122,247
25630,122,248
25631,122,249
25632,122,250
25633,122,251
25634,122,252
25635,122,253
25636,122,254
25637,122,255
25638,123,0
25639,123,1
25640,123,2
25641,123,3
25642,123,4
25643,123,5
25644,123,6
25645,123,7
25646,123,8
25647,123,9
25648,123,10
25649,123,11
25650,123,12
25651,123,13
25652,123,14
25653,123,15
25654,123,16
25655,123,17
25656,123,18
25657,123,19
25658,123,20
25659,123,21
25660,123,22
25661,123,23
25662,123,24
25663,123,25
25664,123,26
25665,123,27
25666,123,28
25667,123,29
25668,123,30
25669,123,31
25670,123,32
25671,123,33
25672,123,34
25673,123,35
25674,123,36
25675,123,37
25676,123,38
25677,123,39
25678,123,40
25679,123,41
25680,123,42
25681,123,43
25682,123,44
25683,123,45
25684,123,46
25685,123,47
25686,123,48
25687,123,49
25688,123,50
25689,123,51
25690,123,52
25691,123,53
25692,123,54
25693,123,55
25694,123,56
25695,123,57
25696,123,58
25697,123,59
25698,123,60
25699,123,61
25700,123,62
25701,123,63
25702,123,64
25703,123,65
25704,123,66
25705,123,67
25706,123,68
25707,123,69
25708,123,70
25709,123,71
25710,123,72
25711,123,73
25712,123,74
25713,123,75
25714,123,76
25715,123,77
25716,123,78
25717,123,79
25718,123,80
25719,123,81
25720,123,82
25721,123,83
25722,123,84
25723,123,85
25724,123,86
25725,123,87
25726,123,88
25727,123,89
25728,123,90
25729,123,91
25730,123,92
25731,123,93
25732,123,94
25733,123,95
25734,123,96
25735,123,97
25736,123,98
25737,123,99
25738,123,100
25739,123,101
25740,123,102
25741,123,103
25742,123,104
25743,123,105
25744,123,106
25745,123,107
25746,123,108
25747,123,109
25748,123,110
25749,123,111
25750,123,112
25751,123,113
25752,123,114
25753,123,115
25754,123,116
25755,123,117
25756,123,118
25757,123,119
25758,123,120
25759,123,121
25760,123,122
25761,123,123
25762,123,124
25763,123,125
25764,123,126
25765,123,127
25766,123,128
25767,123,129
25768,123,130
25769,123,131
25770,123,132
25771,123,133
25772,123,134
25773,123,135
25774,123,136
25775,123,137
25776,123,138
25777,123,139
25778,123,140
25779,123,141
25780,123,142
25781,123,143
25782,123,144
25783,123,145
25784,123,146
25785,123,147
25786,123,148
25787,123,149
25788,123,150
25789,123,151
25790,123,152
25791,123,153
25792,123,154
25793,123,155
25794,123,156
25795,123,157
25796,123,158
25797,123,159
25798,123,160
25799,123,161
25800,123,162
25801,123,163
25802,123,164
25803,123,165
25804,123,166
25805,123,167
25806,123,168
25807,123,169
25808,123,170
25809,123,171
25810,123,172
25811,123,173
25812,123,174
25813,123,175
25814,123,176
25815,123,177
25816,123,178
25817,123,179
25818,123,180
25819,123,181
25820,123,182
25821,123,183
25822,123,184
25823,123,185
25824,123,186
25825,123,187
25826,123,188
25827,123,189
25828,123,190
25829,123,191
25830,123,192
25831,123,193
25832,123,194
25833,123,195
25834,123,196
25835,123,197
25836,123,198
25837,123,199
25838,123,200
25839,123,201
25840,123,202
25841,123,203
25842,123,204
25843,123,205
25844,123,206
25845,123,207
25846,123,208
25847,123,209
25848,123,210
25849,123,211
25850,123,212
25851,123,213
25852,123,214
25853,123,215
25854,123,216
25855,123,217
25856,123,218
25857,123,219
25858,123,220
25859,123,221
25860,123,222
25861,123,223
25862,123,224
25863,123,225
25864,123,226
25865,123,227
25866,123,228
25867,123,229
25868,123,230
25869,123,231
25870,123,232
25871,123,233
25872,123,234
25873,123,235
25874,123,236
25875,123,237
25876,123,238
25877,123,239
25878,123,240
25879,123,241
25880,123,242
25881,123,243
25882,123,244
25883,123,245
25884,123,246
25885,123,247
25886,123,248
25887,123,249
25888,123,250
25889,123,251
25890,123,252
25891,123,253
25892,123,254
25893,123,255
25894,124,0
25895,124,1
25896,124,2
25897,124,3
25898,124,4
25899,124,5
25900,124,6
25901,124,7
25902,124,8
25903,124,9
25904,124,10
25905,124,11
25906,124,12
25907,124,13
25908,124,14
25909,124,15
25910,124,16
25911,124,17
25912,124,18
25913,124,19
25914,124,20
25915,124,21
25916,124,22
25917,124,23
25918,124,24
25919,124,25
25920,124,26
25921,124,27
25922,124,28
25923,124,29
25924,124,30
25925,124,31
25926,124,32
25927,124,33
25928,124,34
25929,124,35
25930,124,36
25931,124,37
25932,124,38
25933,124,39
25934,124,40
25935,124,41
25936,124,42
25937,124,43
25938,124,44
25939,124,45
25940,124,46
25941,124,47
25942,124,48
25943,124,49
25944,124,50
25945,124,51
25946,124,52
25947,124,53
25948,124,54
25949,124,55
25950,124,56
25951,124,57
25952,124,58
25953,124,59
25954,124,60
25955,124,61
25956,124,62
25957,124,63
25958,124,64
25959,124,65
25960,124,66
25961,124,67
25962,124,68
25963,124,69
25964,124,70
25965,124,71
25966,124,72
25967,124,73
25968,124,74
25969,124,75
25970,124,76
25971,124,77
25972,124,78
25973,124,79
25974,124,80
25975,124,81
25976,124,82
25977,124,83
25978,124,84
25979,124,85
25980,124,86
25981,124,87
25982,124,88
25983,124,89
25984,124,90
25985,124,91
25986,124,92
25987,124,93
25988,124,94
25989,124,95
25990,124,96
25991,124,97
25992,124,98
25993,124,99
25994,124,100
25995,124,101
25996,124,102
25997,124,103
25998,124,104
25999,124,105
26000,124,106
26001,124,107
26002,124,108
26003,124,109
26004,124,110
26005,124,111
26006,124,112
26007,124,113
26008,124,114
26009,124,115
26010,124,116
26011,124,117
26012,124,118
26013,124,119
26014,124,120
26015,124,121
26016,124,122
26017,124,123
26018,124,124
26019,124,125
26020,124,126
26021,124,127
26022,124,128
26023,124,129
26024,124,130
26025,124,131
26026,124,132
26027,124,133
26028,124,134
26029,124,135
26030,124,136
26031,124,137
26032,124,138
26033,124,139
26034,124,140
26035,124,141
26036,124,142
26037,124,143
26038,124,144
26039,124,145
26040,124,146
26041,124,147
26042,124,148
26043,124,149
26044,124,150
26045,124,151
26046,124,152
26047,124,153
26048,124,154
26049,124,155
26050,124,156
26051,124,157
26052,124,158
26053,124,159
26054,124,160
26055,124,161
26056,124,162
26057,124,163
26058,124,164
26059,124,165
26060,124,166
26061,124,167
26062,124,168
26063,124,169
26064,124,170
26065,124,171
26066,124,172
26067,124,173
26068,124,174
26069,124,175
26070,124,176
26071,124,177
26072,124,178
26073,124,179
26074,124,180
26075,124,181
26076,124,182
26077,124,183
26078,124,184
26079,124,185
26080,124,186
26081,124,187
26082,124,188
26083,124,189
26084,124,190
26085,124,191
26086,124,192
26087,124,193
26088,124,194
26089,124,195
26090,124,196
26091,124,197
26092,124,198
26093,124,199
26094,124,200
26095,124,201
26096,124,202
26097,124,203
26098,124,204
26099,124,205
26100,124,206
26101,124,207
26102,124,208
26103,124,209
26104,124,210
26105,124,211
26106,124,212
26107,124,213
26108,124,214
26109,124,215
26110,124,216
26111,124,217
26112,124,218
26113,124,219
26114,124,220
26115,124,221
26116,124,222
26117,124,223
26118,124,224
26119,124,225
26120,124,226
26121,124,227
26122,124,228
26123,124,229
26124,124,230
26125,124,231
26126,124,232
26127,124,233
26128,124,234
26129,124,235
26130,124,236
26131,124,237
26132,124,238
26133,124,239
26134,124,240
26135,124,241
26136,124,242
26137,124,243
26138,124,244
26139,124,245
26140,124,246
26141,124,247
26142,124,248
26143,124,249
26144,124,250
26145,124,251
26146,124,252
26147,124,253
26148,124,254
26149,124,255
26150,125,0
26151,125,1
26152,125,2
26153,125,3
26154,125,4
26155,125,5
26156,125,6
26157,125,7
26158,125,8
26159,125,9
26160,125,10
26161,125,11
26162,125,12
26163,125,13
26164,125,14
26165,125,15
26166,125,16
26167,125,17
26168,125,18
26169,125,19
26170,125,20
26171,125,21
26172,125,22
26173,125,23
26174,125,24
26175,125,25
26176,125,26
26177,125,27
26178,125,28
26179,125,29
26180,125,30
26181,125,31
26182,125,32
26183,125,33
26184,125,34
26185,125,35
26186,125,36
26187,125,37
26188,125,38
26189,125,39
26190,125,40
26191,125,41
26192,125,42
26193,125,43
26194,125,44
26195,125,45
26196,125,46
26197,125,47
26198,125,48
26199,125,49
26200,125,50
26201,125,51
26202,125,52
26203,125,53
26204,125,54
26205,125,55
26206,125,56
26207,125,57
26208,125,58
26209,125,59
26210,125,60
26211,125,61
26212,125,62
26213,125,63
26214,125,64
26215,125,65
26216,125,66
26217,125,67
26218,125,68
26219,125,69
26220,125,70
26221,125,71
26222,125,72
26223,125,73
26224,125,74
26225,125,75
26226,125,76
26227,125,77
26228,125,78
26229,125,79
26230,125,80
26231,125,81
26232,125,82
26233,125,83
26234,125,84
26235,125,85
26236,125,86
26237,125,87
26238,125,88
26239,125,89
26240,125,90
26241,125,91
26242,125,92
26243,125,93
26244,125,94
26245,125,95
26246,125,96
26247,125,97
26248,125,98
26249,125,99
26250,125,100
26251,125,101
26252,125,102
26253,125,103
26254,125,104
26255,125,105
26256,125,106
26257,125,107
26258,125,108
26259,125,109
26260,125,110
26261,125,111
26262,125,112
26263,125,113
26264,125,114
26265,125,115
26266,125,116
26267,125,117
26268,125,118
26269,125,119
26270,125,120
26271,125,121
26272,125,122
26273,125,123
26274,125,124
26275,125,125
26276,125,126
26277,125,127
26278,125,128
26279,125,129
26280,125,130
26281,125,131
26282,125,132
26283,125,133
26284,125,134
26285,125,135
26286,125,136
26287,125,137
26288,125,138
26289,125,139
26290,125,140
26291,125,141
26292,125,142
26293,125,143
26294,125,144
26295,125,145
26296,125,146
26297,125,147
26298,125,148
26299,125,149
26300,125,150
26301,125,151
26302,125,152
26303,125,153
26304,125,154
26305,125,155
26306,125,156
26307,125,157
26308,125,158
26309,125,159
26310,125,160
26311,125,161
26312,125,162
26313,125,163
26314,125,164
26315,125,165
26316,125,166
26317,125,167
26318,125,168
26319,125,169
26320,125,170
26321,125,171
26322,125,172
26323,125,173
26324,125,174
26325,125,175
26326,125,176
26327,125,177
26328,125,178
26329,125,179
26330,125,180
26331,125,181
26332,125,182
26333,125,183
26334,125,184
26335,125,185
26336,125,186
26337,125,187
26338,125,188
26339,125,189
26340,125,190
26341,125,191
26342,125,192
26343,125,193
26344,125,194
26345,125,195
26346,125,196
26347,125,197
26348,125,198
26349,125,199
26350,125,200
26351,125,201
26352,125,202
26353,125,203
26354,125,204
26355,125,205
26356,125,206
26357,125,207
26358,125,208
26359,125,209
26360,125,210
26361,125,211
26362,125,212
26363,125,213
26364,125,214
26365,125,215
26366,125,216
26367,125,217
26368,125,218
26369,125,219
26370,125,220
26371,125,221
26372,125,222
26373,125,223
26374,125,224
26375,125,225
26376,125,226
26377,125,227
26378,125,228
26379,125,229
26380,125,230
26381,125,231
26382,125,232
26383,125,233
26384,125,234
26385,125,235
26386,125,236
26387,125,237
26388,125,238
26389,125,239
26390,125,240
26391,125,241
26392,125,242
26393,125,243
26394,125,244
26395,125,245
26396,125,246
26397,125,247
26398,125,248
26399,125,249
26400,125,250
26401,125,251
26402,125,252
26403,125,253
26404,125,254
26405,125,255
26406,126,0
26407,126,1
26408,126,2
26409,126,3
26410,126,4
26411,126,5
26412,126,6
26413,126,7
26414,126,8
26415,126,9
26416,126,10
26417,126,11
26418,126,12
26419,126,13
26420,126,14
26421,126,15
26422,126,16
26423,126,17
26424,126,18
26425,126,19
26426,126,20
26427,126,21
26428,126,22
26429,126,23
26430,126,24
26431,126,25
26432,126,26
26433,126,27
26434,126,28
26435,126,29
26436,126,30
26437,126,31
26438,126,32
26439,126,33
26440,126,34
26441,126,35
26442,126,36
26443,126,37
26444,126,38
26445,126,39
26446,126,40
26447,126,41
26448,126,42
26449,126,43
26450,126,44
26451,126,45
26452,126,46
26453,126,47
26454,126,48
26455,126,49
26456,126,50
26457,126,51
26458,126,52
26459,126,53
26460,126,54
26461,126,55
26462,126,56
26463,126,57
26464,126,58
26465,126,59
26466,126,60
26467,126,61
26468,126,62
26469,126,63
26470,126,64
26471,126,65
26472,126,66
26473,126,67
26474,126,68
26475,126,69
26476,126,70
26477,126,71
26478,126,72
26479,126,73
26480,126,74
26481,126,75
26482,126,76
26483,126,77
26484,126,78
26485,126,79
26486,126,80
26487,126,81
26488,126,82
26489,126,83
26490,126,84
26491,126,85
26492,126,86
26493,126,87
26494,126,88
26495,126,89
26496,126,90
26497,126,91
26498,126,92
26499,126,93
26500,126,94
26501,126,95
26502,126,96
26503,126,97
26504,126,98
26505,126,99
26506,126,100
26507,126,101
26508,126,102
26509,126,103
26510,126,104
26511,126,105
26512,126,106
26513,126,107
26514,126,108
26515,126,109
26516,126,110
26517,126,111
26518,126,112
26519,126,113
26520,126,114
26521,126,115
26522,126,116
26523,126,117
26524,126,118
26525,126,119
26526,126,120
26527,126,121
26528,126,122
26529,126,123
26530,126,124
26531,126,125
26532,126,126
26533,126,127
26534,126,128
26535,126,129
26536,126,130
26537,126,131
26538,126,132
26539,126,133
26540,126,134
26541,126,135
26542,126,136
26543,126,137
26544,126,138
26545,126,139
26546,126,140
26547,126,141
26548,126,142
26549,126,143
26550,126,144
26551,126,145
26552,126,146
26553,126,147
26554,126,148
26555,126,149
26556,126,150
26557,126,151
26558,126,152
26559,126,153
26560,126,154
26561,126,155
26562,126,156
26563,126,157
26564,126,158
26565,126,159
26566,126,160
26567,126,161
26568,126,162
26569,126,163
26570,126,164
26571,126,165
26572,126,166
26573,126,167
26574,126,168
26575,126,169
26576,126,170
26577,126,171
26578,126,172
26579,126,173
26580,126,174
26581,126,175
26582,126,176
26583,126,177
26584,126,178
26585,126,179
26586,126,180
26587,126,181
26588,126,182
26589,126,183
26590,126,184
26591,126,185
26592,126,186
26593,126,187
26594,126,188
26595,126,189
26596,126,190
26597,126,191
26598,126,192
26599,126,193
26600,126,194
26601,126,195
26602,126,196
26603,126,197
26604,126,198
26605,126,199
26606,126,200
26607,126,201
26608,126,202
26609,126,203
26610,126,204
26611,126,205
26612,126,206
26613,126,207
26614,126,208
26615,126,209
26616,126,210
26617,126,211
26618,126,212
26619,126,213
26620,126,214
26621,126,215
26622,126,216
26623,126,217
26624,126,218
26625,126,219
26626,126,220
26627,126,221
26628,126,222
26629,126,223
26630,126,224
26631,126,225
26632,126,226
26633,126,227
26634,126,228
26635,126,229
26636,126,230
26637,126,231
26638,126,232
26639,126,233
26640,126,234
26641,126,235
26642,126,236
26643,126,237
26644,126,238
26645,126,239
26646,126,240
26647,126,241
26648,126,242
26649,126,243
26650,126,244
26651,126,245
26652,126,246
26653,126,247
26654,126,248
26655,126,249
26656,126,250
26657,126,251
26658,126,252
26659,126,253
26660,126,254
26661,126,255
26662,127,0
26663,127,1
26664,127,2
26665,127,3
26666,127,4
26667,127,5
26668,127,6
26669,127,7
26670,127,8
26671,127,9
26672,127,10
26673,127,11
26674,127,12
26675,127,13
26676,127,14
26677,127,15
26678,127,16
26679,127,17
26680,127,18
26681,127,19
26682,127,20
26683,127,21
26684,127,22
26685,127,23
26686,127,24
26687,127,25
26688,127,26
26689,127,27
26690,127,28
26691,127,29
26692,127,30
26693,127,31
26694,127,32
26695,127,33
26696,127,34
26697,127,35
26698,127,36
26699,127,37
26700,127,38
26701,127,39
26702,127,40
26703,127,41
26704,127,42
26705,127,43
26706,127,44
26707,127,45
26708,127,46
26709,127,47
26710,127,48
26711,127,49
26712,127,50
26713,127,51
26714,127,52
26715,127,53
26716,127,54
26717,127,55
26718,127,56
26719,127,57
26720,127,58
26721,127,59
26722,127,60
26723,127,61
26724,127,62
26725,127,63
26726,127,64
26727,127,65
26728,127,66
26729,127,67
26730,127,68
26731,127,69
26732,127,70
26733,127,71
26734,127,72
26735,127,73
26736,127,74
26737,127,75
26738,127,76
26739,127,77
26740,127,78
26741,127,79
26742,127,80
26743,127,81
26744,127,82
26745,127,83
26746,127,84
26747,127,85
26748,127,86
26749,127,87
26750,127,88
26751,127,89
26752,127,90
26753,127,91
26754,127,92
26755,127,93
26756,127,94
26757,127,95
26758,127,96
26759,127,97
26760,127,98
26761,127,99
26762,127,100
26763,127,101
26764,127,102
26765,127,103
26766,127,104
26767,127,105
26768,127,106
26769,127,107
26770,127,108
26771,127,109
26772,127,110
26773,127,111
26774,127,112
26775,127,113
26776,127,114
26777,127,115
26778,127,116
26779,127,117
26780,127,118
26781,127,119
26782,127,120
26783,127,121
26784,127,122
26785,127,123
26786,127,124
26787,127,125
26788,127,126
26789,127,127
26790,127,128
26791,127,129
26792,127,130
26793,127,131
26794,127,132
26795,127,133
26796,127,134
26797,127,135
26798,127,136
26799,127,137
26800,127,138
26801,127,139
26802,127,140
26803,127,141
26804,127,142
26805,127,143
26806,127,144
26807,127,145
26808,127,146
26809,127,147
26810,127,148
26811,127,149
26812,127,150
26813,127,151
26814,127,152
26815,127,153
26816,127,154
26817,127,155
26818,127,156
26819,127,157
26820,127,158
26821,127,159
26822,127,160
26823,127,161
26824,127,162
26825,127,163
26826,127,164
26827,127,165
26828,127,166
26829,127,167
26830,127,168
26831,127,169
26832,127,170
26833,127,171
26834,127,172
26835,127,173
26836,127,174
26837,127,175
26838,127,176
26839,127,177
26840,127,178
26841,127,179
26842,127,180
26843,127,181
26844,127,182
26845,127,183
26846,127,184
26847,127,185
26848,127,186
26849,127,187
26850,127,188
26851,127,189
26852,127,190
26853,127,191
26854,127,192
26855,127,193
26856,127,194
26857,127,195
26858,127,196
26859,127,197
26860,127,198
26861,127,199
26862,127,200
26863,127,201
26864,127,202
26865,127,203
26866,127,204
26867,127,205
26868,127,206
26869,127,207
26870,127,208
26871,127,209
26872,127,210
26873,127,211
26874,127,212
26875,127,213
26876,127,214
26877,127,215
26878,127,216
26879,127,217
26880,127,218
26881,127,219
26882,127,220
26883,127,221
26884,127,222
26885,127,223
26886,127,224
26887,127,225
26888,127,226
26889,127,227
26890,127,228
26891,127,229
26892,127,230
26893,127,231
26894,127,232
26895,127,233
26896,127,234
26897,127,235
26898,127,236
26899,127,237
26900,127,238
26901,127,239
26902,127,240
26903,127,241
26904,127,242
26905,127,243
26906,127,244
26907,127,245
26908,127,246
26909,127,247
26910,127,248
26911,127,249
26912,127,250
26913,127,251
26914,127,252
26915,127,253
26916,127,254
26917,127,255
26918,128,0
26919,128,1
26920,128,2
26921,128,3
26922,128,4
26923,128,5
26924,128,6
26925,128,7
26926,128,8
26927,128,9
26928,128,10
26929,128,11
26930,128,12
26931,128,13
26932,128,14
26933,128,15
26934,128,16
26935,128,17
26936,128,18
26937,128,19
26938,128,20
26939,128,21
26940,128,22
26941,128,23
26942,128,24
26943,128,25
26944,128,26
26945,128,27
26946,128,28
26947,128,29
26948,128,30
26949,128,31
26950,128,32
26951,128,33
26952,128,34
26953,128,35
26954,128,36
26955,128,37
26956,128,38
26957,128,39
26958,128,40
26959,128,41
26960,128,42
26961,128,43
26962,128,44
26963,128,45
26964,128,46
26965,128,47
26966,128,48
26967,128,49
26968,128,50
26969,128,51
26970,128,52
26971,128,53
26972,128,54
26973,128,55
26974,128,56
26975,128,57
26976,128,58
26977,128,59
26978,128,60
26979,128,61
26980,128,62
26981,128,63
26982,128,64
26983,128,65
26984,128,66
26985,128,67
26986,128,68
26987,128,69
26988,128,70
26989,128,71
26990,128,72
26991,128,73
26992,128,74
26993,128,75
26994,128,76
26995,128,77
26996,128,78
26997,128,79
26998,128,80
26999,128,81
27000,128,82
27001,128,83
27002,128,84
27003,128,85
27004,128,86
27005,128,87
27006,128,88
27007,128,89
27008,128,90
27009,128,91
27010,128,92
27011,128,93
27012,128,94
27013,128,95
27014,128,96
27015,128,97
27016,128,98
27017,128,99
27018,128,100
27019,128,101
27020,128,102
27021,128,103
27022,128,104
27023,128,105
27024,128,106
27025,128,107
27026,128,108
27027,128,109
27028,128,110
27029,128,111
27030,128,112
27031,128,113
27032,128,114
27033,128,115
27034,128,116
27035,128,117
27036,128,118
27037,128,119
27038,128,120
27039,128,121
27040,128,122
27041,128,123
27042,128,124
27043,128,125
27044,128,126
27045,128,127
27046,128,128
27047,128,129
27048,128,130
27049,128,131
27050,128,132
27051,128,133
27052,128,134
27053,128,135
27054,128,136
27055,128,137
27056,128,138
27057,128,139
27058,128,140
27059,128,141
27060,128,142
27061,128,143
27062,128,144
27063,128,145
27064,128,146
27065,128,147
27066,128,148
27067,128,149
27068,128,150
27069,128,151
27070,128,152
27071,128,153
27072,128,154
27073,128,155
27074,128,156
27075,128,157
27076,128,158
27077,128,159
27078,128,160
27079,128,161
27080,128,162
27081,128,163
27082,128,164
27083,128,165
27084,128,166
27085,128,167
27086,128,168
27087,128,169
27088,128,170
27089,128,171
27090,128,172
27091,128,173
27092,128,174
27093,128,175
27094,128,176
27095,128,177
27096,128,178
27097,128,179
27098,128,180
27099,128,181
27100,128,182
27101,128,183
27102,128,184
27103,128,185
27104,128,186
27105,128,187
27106,128,188
27107,128,189
27108,128,190
27109,128,191
27110,128,192
27111,128,193
27112,128,194
27113,128,195
27114,128,196
27115,128,197
27116,128,198
27117,128,199
27118,128,200
27119,128,201
27120,128,202
27121,128,203
27122,128,204
27123,128,205
27124,128,206
27125,128,207
27126,128,208
27127,128,209
27128,128,210
27129,128,211
27130,128,212
27131,128,213
27132,128,214
27133,128,215
27134,128,216
27135,128,217
27136,128,218
27137,128,219
27138,128,220
27139,128,221
27140,128,222
27141,128,223
27142,128,224
27143,128,225
27144,128,226
27145,128,227
27146,128,228
27147,128,229
27148,128,230
27149,128,231
27150,128,232
27151,128,233
27152,128,234
27153,128,235
27154,128,236
27155,128,237
27156,128,238
27157,128,239
27158,128,240
27159,128,241
27160,128,242
27161,128,243
27162,128,244
27163,128,245
27164,128,246
27165,128,247
27166,128,248
27167,128,249
27168,128,250
27169,128,251
27170,128,252
27171,128,253
27172,128,254
27173,128,255
27174,129,0
27175,129,1
27176,129,2
27177,129,3
27178,129,4
27179,129,5
27180,129,6
27181,129,7
27182,129,8
27183,129,9
27184,129,10
27185,129,11
27186,129,12
27187,129,13
27188,129,14
27189,129,15
27190,129,16
27191,129,17
27192,129,18
27193,129,19
27194,129,20
27195,129,21
27196,129,22
27197,129,23
27198,129,24
27199,129,25
27200,129,26
27201,129,27
27202,129,28
27203,129,29
27204,129,30
27205,129,31
27206,129,32
27207,129,33
27208,129,34
27209,129,35
27210,129,36
27211,129,37
27212,129,38
27213,129,39
27214,129,40
27215,129,41
27216,129,42
27217,129,43
27218,129,44
27219,129,45
27220,129,46
27221,129,47
27222,129,48
27223,129,49
27224,129,50
27225,129,51
27226,129,52
27227,129,53
27228,129,54
27229,129,55
27230,129,56
27231,129,57
27232,129,58
27233,129,59
27234,129,60
27235,129,61
27236,129,62
27237,129,63
27238,129,64
27239,129,65
27240,129,66
27241,129,67
27242,129,68
27243,129,69
27244,129,70
27245,129,71
27246,129,72
27247,129,73
27248,129,74
27249,129,75
27250,129,76
27251,129,77
27252,129,78
27253,129,79
27254,129,80
27255,129,81
27256,129,82
27257,129,83
27258,129,84
27259,129,85
27260,129,86
27261,129,87
27262,129,88
27263,129,89
27264,129,90
27265,129,91
27266,129,92
27267,129,93
27268,129,94
27269,129,95
27270,129,96
27271,129,97
27272,129,98
27273,129,99
27274,129,100
27275,129,101
27276,129,102
27277,129,103
27278,129,104
27279,129,105
27280,129,106
27281,129,107
27282,129,108
27283,129,109
27284,129,110
27285,129,111
27286,129,112
27287,129,113
27288,129,114
27289,129,115
27290,129,116
27291,129,117
27292,129,118
27293,129,119
27294,129,120
27295,129,121
27296,129,122
27297,129,123
27298,129,124
27299,129,125
27300,129,126
27301,129,127
27302,129,128
27303,129,129
27304,129,130
27305,129,131
27306,129,132
27307,129,133
27308,129,134
27309,129,135
27310,129,136
27311,129,137
27312,129,138
27313,129,139
27314,129,140
27315,129,141
27316,129,142
27317,129,143
27318,129,144
27319,129,145
27320,129,146
27321,129,147
27322,129,148
27323,129,149
27324,129,150
27325,129,151
27326,129,152
27327,129,153
27328,129,154
27329,129,155
27330,129,156
27331,129,157
27332,129,158
27333,129,159
27334,129,160
27335,129,161
27336,129,162
27337,129,163
27338,129,164
27339,129,165
27340,129,166
27341,129,167
27342,129,168
27343,129,169
27344,129,170
27345,129,171
27346,129,172
27347,129,173
27348,129,174
27349,129,175
27350,129,176
27351,129,177
27352,129,178
27353,129,179
27354,129,180
27355,129,181
27356,129,182
27357,129,183
27358,129,184
27359,129,185
27360,129,186
27361,129,187
27362,129,188
27363,129,189
27364,129,190
27365,129,191
27366,129,192
27367,129,193
27368,129,194
27369,129,195
27370,129,196
27371,129,197
27372,129,198
27373,129,199
27374,129,200
27375,129,201
27376,129,202
27377,129,203
27378,129,204
27379,129,205
27380,129,206
27381,129,207
27382,129,208
27383,129,209
27384,129,210
27385,129,211
27386,129,212
27387,129,213
27388,129,214
27389,129,215
27390,129,216
27391,129,217
27392,129,218
27393,129,219
27394,129,220
27395,129,221
27396,129,222
27397,129,223
27398,129,224
27399,129,225
27400,129,226
27401,129,227
27402,129,228
27403,129,229
27404,129,230
27405,129,231
27406,129,232
27407,129,233
27408,129,234
27409,129,235
27410,129,236
27411,129,237
27412,129,238
27413,129,239
27414,129,240
27415,129,241
27416,129,242
27417,129,243
27418,129,244
27419,129,245
27420,129,246
27421,129,247
27422,129,248
27423,129,249
27424,129,250
27425,129,251
27426,129,252
27427,129,253
27428,129,254
27429,129,255
27430,130,0
27431,130,1
27432,130,2
27433,130,3
27434,130,4
27435,130,5
27436,130,6
27437,130,7
27438,130,8
27439,130,9
27440,130,10
27441,130,11
27442,130,12
27443,130,13
27444,130,14
27445,130,15
27446,130,16
27447,130,17
27448,130,18
27449,130,19
27450,130,20
27451,130,21
27452,130,22
27453,130,23
27454,130,24
27455,130,25
27456,130,26
27457,130,27
27458,130,28
27459,130,29
27460,130,30
27461,130,31
27462,130,32
27463,130,33
27464,130,34
27465,130,35
27466,130,36
27467,130,37
27468,130,38
27469,130,39
27470,130,40
27471,130,41
27472,130,42
27473,130,43
27474,130,44
27475,130,45
27476,130,46
27477,130,47
27478,130,48
27479,130,49
27480,130,50
27481,130,51
27482,130,52
27483,130,53
27484,130,54
27485,130,55
27486,130,56
27487,130,57
27488,130,58
27489,130,59
27490,130,60
27491,130,61
27492,130,62
27493,130,63
27494,130,64
27495,130,65
27496,130,66
27497,130,67
27498,130,68
27499,130,69
27500,130,70
27501,130,71
27502,130,72
27503,130,73
27504,130,74
27505,130,75
27506,130,76
27507,130,77
27508,130,78
27509,130,79
27510,130,80
27511,130,81
27512,130,82
27513,130,83
27514,130,84
27515,130,85
27516,130,86
27517,130,87
27518,130,88
27519,130,89
27520,130,90
27521,130,91
27522,130,92
27523,130,93
27524,130,94
27525,130,95
27526,130,96
27527,130,97
27528,130,98
27529,130,99
27530,130,100
27531,130,101
27532,130,102
27533,130,103
27534,130,104
27535,130,105
27536,130,106
27537,130,107
27538,130,108
27539,130,109
27540,130,110
27541,130,111
27542,130,112
27543,130,113
27544,130,114
27545,130,115
27546,130,116
27547,130,117
27548,130,118
27549,130,119
27550,130,120
27551,130,121
27552,130,122
27553,130,123
27554,130,124
27555,130,125
27556,130,126
27557,130,127
27558,130,128
27559,130,129
27560,130,130
27561,130,131
27562,130,132
27563,130,133
27564,130,134
27565,130,135
27566,130,136
27567,130,137
27568,130,138
27569,130,139
27570,130,140
27571,130,141
27572,130,142
27573,130,143
27574,130,144
27575,130,145
27576,130,146
27577,130,147
27578,130,148
27579,130,149
27580,130,150
27581,130,151
27582,130,152
27583,130,153
27584,130,154
27585,130,155
27586,130,156
27587,130,157
27588,130,158
27589,130,159
27590,130,160
27591,130,161
27592,130,162
27593,130,163
27594,130,164
27595,130,165
27596,130,166
27597,130,167
27598,130,168
27599,130,169
27600,130,170
27601,130,171
27602,130,172
27603,130,173
27604,130,174
27605,130,175
27606,130,176
27607,130,177
27608,130,178
27609,130,179
27610,130,180
27611,130,181
27612,130,182
27613,130,183
27614,130,184
27615,130,185
27616,130,186
27617,130,187
27618,130,188
27619,130,189
27620,130,190
27621,130,191
27622,130,192
27623,130,193
27624,130,194
27625,130,195
27626,130,196
27627,130,197
27628,130,198
27629,130,199
27630,130,200
27631,130,201
27632,130,202
27633,130,203
27634,130,204
27635,130,205
27636,130,206
27637,130,207
27638,130,208
27639,130,209
27640,130,210
27641,130,211
27642,130,212
27643,130,213
27644,130,214
27645,130,215
27646,130,216
27647,130,217
27648,130,218
27649,130,219
27650,130,220
27651,130,221
27652,130,222
27653,130,223
27654,130,224
27655,130,225
27656,130,226
27657,130,227
27658,130,228
27659,130,229
27660,130,230
27661,130,231
27662,130,232
27663,130,233
27664,130,234
27665,130,235
27666,130,236
27667,130,237
27668,130,238
27669,130,239
27670,130,240
27671,130,241
27672,130,242
27673,130,243
27674,130,244
27675,130,245
27676,130,246
27677,130,247
27678,130,248
27679,130,249
27680,130,250
27681,130,251
27682,130,252
27683,130,253
27684,130,254
27685,130,255
27686,131,0
27687,131,1
27688,131,2
27689,131,3
27690,131,4
27691,131,5
27692,131,6
27693,131,7
27694,131,8
27695,131,9
27696,131,10
27697,131,11
27698,131,12
27699,131,13
27700,131,14
27701,131,15
27702,131,16
27703,131,17
27704,131,18
27705,131,19
27706,131,20
27707,131,21
27708,131,22
27709,131,23
27710,131,24
27711,131,25
27712,131,26
27713,131,27
27714,131,28
27715,131,29
27716,131,30
27717,131,31
27718,131,32
27719,131,33
27720,131,34
27721,131,35
27722,131,36
27723,131,37
27724,131,38
27725,131,39
27726,131,40
27727,131,41
27728,131,42
27729,131,43
27730,131,44
27731,131,45
27732,131,46
27733,131,47
27734,131,48
27735,131,49
27736,131,50
27737,131,51
27738,131,52
27739,131,53
27740,131,54
27741,131,55
27742,131,56
27743,131,57
27744,131,58
27745,131,59
27746,131,60
27747,131,61
27748,131,62
27749,131,63
27750,131,64
27751,131,65
27752,131,66
27753,131,67
27754,131,68
27755,131,69
27756,131,70
27757,131,71
27758,131,72
27759,131,73
27760,131,74
27761,131,75
27762,131,76
27763,131,77
27764,131,78
27765,131,79
27766,131,80
27767,131,81
27768,131,82
27769,131,83
27770,131,84
27771,131,85
27772,131,86
27773,131,87
27774,131,88
27775,131,89
27776,131,90
27777,131,91
27778,131,92
27779,131,93
27780,131,94
27781,131,95
27782,131,96
27783,131,97
27784,131,98
27785,131,99
27786,131,100
27787,131,101
27788,131,102
27789,131,103
27790,131,104
27791,131,105
27792,131,106
27793,131,107
27794,131,108
27795,131,109
27796,131,110
27797,131,111
27798,131,112
27799,131,113
27800,131,114
27801,131,115
27802,131,116
27803,131,117
27804,131,118
27805,131,119
27806,131,120
27807,131,121
27808,131,122
27809,131,123
27810,131,124
27811,131,125
27812,131,126
27813,131,127
27814,131,128
27815,131,129
27816,131,130
27817,131,131
27818,131,132
27819,131,133
27820,131,134
27821,131,135
27822,131,136
27823,131,137
27824,131,138
27825,131,139
27826,131,140
27827,131,141
27828,131,142
27829,131,143
27830,131,144
27831,131,145
27832,131,146
27833,131,147
27834,131,148
27835,131,149
27836,131,150
27837,131,151
27838,131,152
27839,131,153
27840,131,154
27841,131,155
27842,131,156
27843,131,157
27844,131,158
27845,131,159
27846,131,160
27847,131,161
27848,131,162
27849,131,163
27850,131,164
27851,131,165
27852,131,166
27853,131,167
27854,131,168
27855,131,169
27856,131,170
27857,131,171
27858,131,172
27859,131,173
27860,131,174
27861,131,175
27862,131,176
27863,131,177
27864,131,178
27865,131,179
27866,131,180
27867,131,181
27868,131,182
27869,131,183
27870,131,184
27871,131,185
27872,131,186
27873,131,187
27874,131,188
27875,131,189
27876,131,190
27877,131,191
27878,131,192
27879,131,193
27880,131,194
27881,131,195
27882,131,196
27883,131,197
27884,131,198
27885,131,199
27886,131,200
27887,131,201
27888,131,202
27889,131,203
27890,131,204
27891,131,205
27892,131,206
27893,131,207
27894,131,208
27895,131,209
27896,131,210
27897,131,211
27898,131,212
27899,131,213
27900,131,214
27901,131,215
27902,131,216
27903,131,217
27904,131,218
27905,131,219
27906,131,220
27907,131,221
27908,131,222
27909,131,223
27910,131,224
27911,131,225
27912,131,226
27913,131,227
27914,131,228
27915,131,229
27916,131,230
27917,131,231
27918,131,232
27919,131,233
27920,131,234
27921,131,235
27922,131,236
27923,131,237
27924,131,238
27925,131,239
27926,131,240
27927,131,241
27928,131,242
27929,131,243
27930,131,244
27931,131,245
27932,131,246
27933,131,247
27934,131,248
27935,131,249
27936,131,250
27937,131,251
27938,131,252
27939,131,253
27940,131,254
27941,131,255
27942,132,0
27943,132,1
27944,132,2
27945,132,3
27946,132,4
27947,132,5
27948,132,6
27949,132,7
27950,132,8
27951,132,9
27952,132,10
27953,132,11
27954,132,12
27955,132,13
27956,132,14
27957,132,15
27958,132,16
27959,132,17
27960,132,18
27961,132,19
27962,132,20
27963,132,21
27964,132,22
27965,132,23
27966,132,24
27967,132,25
27968,132,26
27969,132,27
27970,132,28
27971,132,29
27972,132,30
27973,132,31
27974,132,32
27975,132,33
27976,132,34
27977,132,35
27978,132,36
27979,132,37
27980,132,38
27981,132,39
27982,132,40
27983,132,41
27984,132,42
27985,132,43
27986,132,44
27987,132,45
27988,132,46
27989,132,47
27990,132,48
27991,132,49
27992,132,50
27993,132,51
27994,132,52
27995,132,53
27996,132,54
27997,132,55
27998,132,56
27999,132,57
28000,132,58
28001,132,59
28002,132,60
28003,132,61
28004,132,62
28005,132,63
28006,132,64
28007,132,65
28008,132,66
28009,132,67
28010,132,68
28011,132,69
28012,132,70
28013,132,71
28014,132,72
28015,132,73
28016,132,74
28017,132,75
28018,132,76
28019,132,77
28020,132,78
28021,132,79
28022,132,80
28023,132,81
28024,132,82
28025,132,83
28026,132,84
28027,132,85
28028,132,86
28029,132,87
28030,132,88
28031,132,89
28032,132,90
28033,132,91
28034,132,92
28035,132,93
28036,132,94
28037,132,95
28038,132,96
28039,132,97
28040,132,98
28041,132,99
28042,132,100
28043,132,101
28044,132,102
28045,132,103
28046,132,104
28047,132,105
28048,132,106
28049,132,107
28050,132,108
28051,132,109
28052,132,110
28053,132,111
28054,132,112
28055,132,113
28056,132,114
28057,132,115
28058,132,116
28059,132,117
28060,132,118
28061,132,119
28062,132,120
28063,132,121
28064,132,122
28065,132,123
28066,132,124
28067,132,125
28068,132,126
28069,132,127
28070,132,128
28071,132,129
28072,132,130
28073,132,131
28074,132,132
28075,132,133
28076,132,134
28077,132,135
28078,132,136
28079,132,137
28080,132,138
28081,132,139
28082,132,140
28083,132,141
28084,132,142
28085,132,143
28086,132,144
28087,132,145
28088,132,146
28089,132,147
28090,132,148
28091,132,149
28092,132,150
28093,132,151
28094,132,152
28095,132,153
28096,132,154
28097,132,155
28098,132,156
28099,132,157
28100,132,158
28101,132,159
28102,132,160
28103,132,161
28104,132,162
28105,132,163
28106,132,164
28107,132,165
28108,132,166
28109,132,167
28110,132,168
28111,132,169
28112,132,170
28113,132,171
28114,132,172
28115,132,173
28116,132,174
28117,132,175
28118,132,176
28119,132,177
28120,132,178
28121,132,179
28122,132,180
28123,132,181
28124,132,182
28125,132,183
28126,132,184
28127,132,185
28128,132,186
28129,132,187
28130,132,188
28131,132,189
28132,132,190
28133,132,191
28134,132,192
28135,132,193
28136,132,194
28137,132,195
28138,132,196
28139,132,197
28140,132,198
28141,132,199
28142,132,200
28143,132,201
28144,132,202
28145,132,203
28146,132,204
28147,132,205
28148,132,206
28149,132,207
28150,132,208
28151,132,209
28152,132,210
28153,132,211
28154,132,212
28155,132,213
28156,132,214
28157,132,215
28158,132,216
28159,132,217
28160,132,218
28161,132,219
28162,132,220
28163,132,221
28164,132,222
28165,132,223
28166,132,224
28167,132,225
28168,132,226
28169,132,227
28170,132,228
28171,132,229
28172,132,230
28173,132,231
28174,132,232
28175,132,233
28176,132,234
28177,132,235
28178,132,236
28179,132,237
28180,132,238
28181,132,239
28182,132,240
28183,132,241
28184,132,242
28185,132,243
28186,132,244
28187,132,245
28188,132,246
28189,132,247
28190,132,248
28191,132,249
28192,132,250
28193,132,251
28194,132,252
28195,132,253
28196,132,254
28197,132,255
28198,133,0
28199,133,1
28200,133,2
28201,133,3
28202,133,4
28203,133,5
28204,133,6
28205,133,7
28206,133,8
28207,133,9
28208,133,10
28209,133,11
28210,133,12
28211,133,13
28212,133,14
28213,133,15
28214,133,16
28215,133,17
28216,133,18
28217,133,19
28218,133,20
28219,133,21
28220,133,22
28221,133,23
28222,133,24
28223,133,25
28224,133,26
28225,133,27
28226,133,28
28227,133,29
28228,133,30
28229,133,31
28230,133,32
28231,133,33
28232,133,34
28233,133,35
28234,133,36
28235,133,37
28236,133,38
28237,133,39
28238,133,40
28239,133,41
28240,133,42
28241,133,43
28242,133,44
28243,133,45
28244,133,46
28245,133,47
28246,133,48
28247,133,49
28248,133,50
28249,133,51
28250,133,52
28251,133,53
28252,133,54
28253,133,55
28254,133,56
28255,133,57
28256,133,58
28257,133,59
28258,133,60
28259,133,61
28260,133,62
28261,133,63
28262,133,64
28263,133,65
28264,133,66
28265,133,67
28266,133,68
28267,133,69
28268,133,70
28269,133,71
28270,133,72
28271,133,73
28272,133,74
28273,133,75
28274,133,76
28275,133,77
28276,133,78
28277,133,79
28278,133,80
28279,133,81
28280,133,82
28281,133,83
28282,133,84
28283,133,85
28284,133,86
28285,133,87
28286,133,88
28287,133,89
28288,133,90
28289,133,91
28290,133,92
28291,133,93
28292,133,94
28293,133,95
28294,133,96
28295,133,97
28296,133,98
28297,133,99
28298,133,100
28299,133,101
28300,133,102
28301,133,103
28302,133,104
28303,133,105
28304,133,106
28305,133,107
28306,133,108
28307,133,109
28308,133,110
28309,133,111
28310,133,112
28311,133,113
28312,133,114
28313,133,115
28314,133,116
28315,133,117
28316,133,118
28317,133,119
28318,133,120
28319,133,121
28320,133,122
28321,133,123
28322,133,124
28323,133,125
28324,133,126
28325,133,127
28326,133,128
28327,133,129
28328,133,130
28329,133,131
28330,133,132
28331,133,133
28332,133,134
28333,133,135
28334,133,136
28335,133,137
28336,133,138
28337,133,139
28338,133,140
28339,133,141
28340,133,142
28341,133,143
28342,133,144
28343,133,145
28344,133,146
28345,133,147
28346,133,148
28347,133,149
28348,133,150
28349,133,151
28350,133,152
28351,133,153
28352,133,154
28353,133,155
28354,133,156
28355,133,157
28356,133,158
28357,133,159
28358,133,160
28359,133,161
28360,133,162
28361,133,163
28362,133,164
28363,133,165
28364,133,166
28365,133,167
28366,133,168
28367,133,169
28368,133,170
28369,133,171
28370,133,172
28371,133,173
28372,133,174
28373,133,175
28374,133,176
28375,133,177
28376,133,178
28377,133,179
28378,133,180
28379,133,181
28380,133,182
28381,133,183
28382,133,184
28383,133,185
28384,133,186
28385,133,187
28386,133,188
28387,133,189
28388,133,190
28389,133,191
28390,133,192
28391,133,193
28392,133,194
28393,133,195
28394,133,196
28395,133,197
28396,133,198
28397,133,199
28398,133,200
28399,133,201
28400,133,202
28401,133,203
28402,133,204
28403,133,205
28404,133,206
28405,133,207
28406,133,208
28407,133,209
28408,133,210
28409,133,211
28410,133,212
28411,133,213
28412,133,214
28413,133,215
28414,133,216
28415,133,217
28416,133,218
28417,133,219
28418,133,220
28419,133,221
28420,133,222
28421,133,223
28422,133,224
28423,133,225
28424,133,226
28425,133,227
28426,133,228
28427,133,229
28428,133,230
28429,133,231
28430,133,232
28431,133,233
28432,133,234
28433,133,235
28434,133,236
28435,133,237
28436,133,238
28437,133,239
28438,133,240
28439,133,241
28440,133,242
28441,133,243
28442,133,244
28443,133,245
28444,133,246
28445,133,247
28446,133,248
28447,133,249
28448,133,250
28449,133,251
28450,133,252
28451,133,253
28452,133,254
28453,133,255
28454,134,0
28455,134,1
28456,134,2
28457,134,3
28458,134,4
28459,134,5
28460,134,6
28461,134,7
28462,134,8
28463,134,9
28464,134,10
28465,134,11
28466,134,12
28467,134,13
28468,134,14
28469,134,15
28470,134,16
28471,134,17
28472,134,18
28473,134,19
28474,134,20
28475,134,21
28476,134,22
28477,134,23
28478,134,24
28479,134,25
28480,134,26
28481,134,27
28482,134,28
28483,134,29
28484,134,30
28485,134,31
28486,134,32
28487,134,33
28488,134,34
28489,134,35
28490,134,36
28491,134,37
28492,134,38
28493,134,39
28494,134,40
28495,134,41
28496,134,42
28497,134,43
28498,134,44
28499,134,45
28500,134,46
28501,134,47
28502,134,48
28503,134,49
28504,134,50
28505,134,51
28506,134,52
28507,134,53
28508,134,54
28509,134,55
28510,134,56
28511,134,57
28512,134,58
28513,134,59
28514,134,60
28515,134,61
28516,134,62
28517,134,63
28518,134,64
28519,134,65
28520,134,66
28521,134,67
28522,134,68
28523,134,69
28524,134,70
28525,134,71
28526,134,72
28527,134,73
28528,134,74
28529,134,75
28530,134,76
28531,134,77
28532,134,78
28533,134,79
28534,134,80
28535,134,81
28536,134,82
28537,134,83
28538,134,84
28539,134,85
28540,134,86
28541,134,87
28542,134,88
28543,134,89
28544,134,90
28545,134,91
28546,134,92
28547,134,93
28548,134,94
28549,134,95
28550,134,96
28551,134,97
28552,134,98
28553,134,99
28554,134,100
28555,134,101
28556,134,102
28557,134,103
28558,134,104
28559,134,105
28560,134,106
28561,134,107
28562,134,108
28563,134,109
28564,134,110
28565,134,111
28566,134,112
28567,134,113
28568,134,114
28569,134,115
28570,134,116
28571,134,117
28572,134,118
28573,134,119
28574,134,120
28575,134,121
28576,134,122
28577,134,123
28578,134,124
28579,134,125
28580,134,126
28581,134,127
28582,134,128
28583,134,129
28584,134,130
28585,134,131
28586,134,132
28587,134,133
28588,134,134
28589,134,135
28590,134,136
28591,134,137
28592,134,138
28593,134,139
28594,134,140
28595,134,141
28596,134,142
28597,134,143
28598,134,144
28599,134,145
28600,134,146
28601,134,147
28602,134,148
28603,134,149
28604,134,150
28605,134,151
28606,134,152
28607,134,153
28608,134,154
28609,134,155
28610,134,156
28611,134,157
28612,134,158
28613,134,159
28614,134,160
28615,134,161
28616,134,162
28617,134,163
28618,134,164
28619,134,165
28620,134,166
28621,134,167
28622,134,168
28623,134,169
28624,134,170
28625,134,171
28626,134,172
28627,134,173
28628,134,174
28629,134,175
28630,134,176
28631,134,177
28632,134,178
28633,134,179
28634,134,180
28635,134,181
28636,134,182
28637,134,183
28638,134,184
28639,134,185
28640,134,186
28641,134,187
28642,134,188
28643,134,189
28644,134,190
28645,134,191
28646,134,192
28647,134,193
28648,134,194
28649,134,195
28650,134,196
28651,134,197
28652,134,198
28653,134,199
28654,134,200
28655,134,201
28656,134,202
28657,134,203
28658,134,204
28659,134,205
28660,134,206
28661,134,207
28662,134,208
28663,134,209
28664,134,210
28665,134,211
28666,134,212
28667,134,213
28668,134,214
28669,134,215
28670,134,216
28671,134,217
28672,134,218
28673,134,219
28674,134,220
28675,134,221
28676,134,222
28677,134,223
28678,134,224
28679,134,225
28680,134,226
28681,134,227
28682,134,228
28683,134,229
28684,134,230
28685,134,231
28686,134,232
28687,134,233
28688,134,234
28689,134,235
28690,134,236
28691,134,237
28692,134,238
28693,134,239
28694,134,240
28695,134,241
28696,134,242
28697,134,243
28698,134,244
28699,134,245
28700,134,246
28701,134,247
28702,134,248
28703,134,249
28704,134,250
28705,134,251
28706,134,252
28707,134,253
28708,134,254
28709,134,255
28710,135,0
28711,135,1
28712,135,2
28713,135,3
28714,135,4
28715,135,5
28716,135,6
28717,135,7
28718,135,8
28719,135,9
28720,135,10
28721,135,11
28722,135,12
28723,135,13
28724,135,14
28725,135,15
28726,135,16
28727,135,17
28728,135,18
28729,135,19
28730,135,20
28731,135,21
28732,135,22
28733,135,23
28734,135,24
28735,135,25
28736,135,26
28737,135,27
28738,135,28
28739,135,29
28740,135,30
28741,135,31
28742,135,32
28743,135,33
28744,135,34
28745,135,35
28746,135,36
28747,135,37
28748,135,38
28749,135,39
28750,135,40
28751,135,41
28752,135,42
28753,135,43
28754,135,44
28755,135,45
28756,135,46
28757,135,47
28758,135,48
28759,135,49
28760,135,50
28761,135,51
28762,135,52
28763,135,53
28764,135,54
28765,135,55
28766,135,56
28767,135,57
28768,135,58
28769,135,59
28770,135,60
28771,135,61
28772,135,62
28773,135,63
28774,135,64
28775,135,65
28776,135,66
28777,135,67
28778,135,68
28779,135,69
28780,135,70
28781,135,71
28782,135,72
28783,135,73
28784,135,74
28785,135,75
28786,135,76
28787,135,77
28788,135,78
28789,135,79
28790,135,80
28791,135,81
28792,135,82
28793,135,83
28794,135,84
28795,135,85
28796,135,86
28797,135,87
28798,135,88
28799,135,89
28800,135,90
28801,135,91
28802,135,92
28803,135,93
28804,135,94
28805,135,95
28806,135,96
28807,135,97
28808,135,98
28809,135,99
28810,135,100
28811,135,101
28812,135,102
28813,135,103
28814,135,104
28815,135,105
28816,135,106
28817,135,107
28818,135,108
28819,135,109
28820,135,110
28821,135,111
28822,135,112
28823,135,113
28824,135,114
28825,135,115
28826,135,116
28827,135,117
28828,135,118
28829,135,119
28830,135,120
28831,135,121
28832,135,122
28833,135,123
28834,135,124
28835,135,125
28836,135,126
28837,135,127
28838,135,128
28839,135,129
28840,135,130
28841,135,131
28842,135,132
28843,135,133
28844,135,134
28845,135,135
28846,135,136
28847,135,137
28848,135,138
28849,135,139
28850,135,140
28851,135,141
28852,135,142
28853,135,143
28854,135,144
28855,135,145
28856,135,146
28857,135,147
28858,135,148
28859,135,149
28860,135,150
28861,135,151
28862,135,152
28863,135,153
28864,135,154
28865,135,155
28866,135,156
28867,135,157
28868,135,158
28869,135,159
28870,135,160
28871,135,161
28872,135,162
28873,135,163
28874,135,164
28875,135,165
28876,135,166
28877,135,167
28878,135,168
28879,135,169
28880,135,170
28881,135,171
28882,135,172
28883,135,173
28884,135,174
28885,135,175
28886,135,176
28887,135,177
28888,135,178
28889,135,179
28890,135,180
28891,135,181
28892,135,182
28893,135,183
28894,135,184
28895,135,185
28896,135,186
28897,135,187
28898,135,188
28899,135,189
28900,135,190
28901,135,191
28902,135,192
28903,135,193
28904,135,194
28905,135,195
28906,135,196
28907,135,197
28908,135,198
28909,135,199
28910,135,200
28911,135,201
28912,135,202
28913,135,203
28914,135,204
28915,135,205
28916,135,206
28917,135,207
28918,135,208
28919,135,209
28920,135,210
28921,135,211
28922,135,212
28923,135,213
28924,135,214
28925,135,215
28926,135,216
28927,135,217
28928,135,218
28929,135,219
28930,135,220
28931,135,221
28932,135,222
28933,135,223
28934,135,224
28935,135,225
28936,135,226
28937,135,227
28938,135,228
28939,135,229
28940,135,230
28941,135,231
28942,135,232
28943,135,233
28944,135,234
28945,135,235
28946,135,236
28947,135,237
28948,135,238
28949,135,239
28950,135,240
28951,135,241
28952,135,242
28953,135,243
28954,135,244
28955,135,245
28956,135,246
28957,135,247
28958,135,248
28959,135,249
28960,135,250
28961,135,251
28962,135,252
28963,135,253
28964,135,254
28965,135,255
28966,136,0
28967,136,1
28968,136,2
28969,136,3
28970,136,4
28971,136,5
28972,136,6
28973,136,7
28974,136,8
28975,136,9
28976,136,10
28977,136,11
28978,136,12
28979,136,13
28980,136,14
28981,136,15
28982,136,16
28983,136,17
28984,136,18
28985,136,19
28986,136,20
28987,136,21
28988,136,22
28989,136,23
28990,136,24
28991,136,25
28992,136,26
28993,136,27
28994,136,28
28995,136,29
28996,136,30
28997,136,31
28998,136,32
28999,136,33
29000,136,34
29001,136,35
29002,136,36
29003,136,37
29004,136,38
29005,136,39
29006,136,40
29007,136,41
29008,136,42
29009,136,43
29010,136,44
29011,136,45
29012,136,46
29013,136,47
29014,136,48
29015,136,49
29016,136,50
29017,136,51
29018,136,52
29019,136,53
29020,136,54
29021,136,55
29022,136,56
29023,136,57
29024,136,58
29025,136,59
29026,136,60
29027,136,61
29028,136,62
29029,136,63
29030,136,64
29031,136,65
29032,136,66
29033,136,67
29034,136,68
29035,136,69
29036,136,70
29037,136,71
29038,136,72
29039,136,73
29040,136,74
29041,136,75
29042,136,76
29043,136,77
29044,136,78
29045,136,79
29046,136,80
29047,136,81
29048,136,82
29049,136,83
29050,136,84
29051,136,85
29052,136,86
29053,136,87
29054,136,88
29055,136,89
29056,136,90
29057,136,91
29058,136,92
29059,136,93
29060,136,94
29061,136,95
29062,136,96
29063,136,97
29064,136,98
29065,136,99
29066,136,100
29067,136,101
29068,136,102
29069,136,103
29070,136,104
29071,136,105
29072,136,106
29073,136,107
29074,136,108
29075,136,109
29076,136,110
29077,136,111
29078,136,112
29079,136,113
29080,136,114
29081,136,115
29082,136,116
29083,136,117
29084,136,118
29085,136,119
29086,136,120
29087,136,121
29088,136,122
29089,136,123
29090,136,124
29091,136,125
29092,136,126
29093,136,127
29094,136,128
29095,136,129
29096,136,130
29097,136,131
29098,136,132
29099,136,133
29100,136,134
29101,136,135
29102,136,136
29103,136,137
29104,136,138
29105,136,139
29106,136,140
29107,136,141
29108,136,142
29109,136,143
29110,136,144
29111,136,145
29112,136,146
29113,136,147
29114,136,148
29115,136,149
29116,136,150
29117,136,151
29118,136,152
29119,136,153
29120,136,154
29121,136,155
29122,136,156
29123,136,157
29124,136,158
29125,136,159
29126,136,160
29127,136,161
29128,136,162
29129,136,163
29130,136,164
29131,136,165
29132,136,166
29133,136,167
29134,136,168
29135,136,169
29136,136,170
29137,136,171
29138,136,172
29139,136,173
29140,136,174
29141,136,175
29142,136,176
29143,136,177
29144,136,178
29145,136,179
29146,136,180
29147,136,181
29148,136,182
29149,136,183
29150,136,184
29151,136,185
29152,136,186
29153,136,187
29154,136,188
29155,136,189
29156,136,190
29157,136,191
29158,136,192
29159,136,193
29160,136,194
29161,136,195
29162,136,196
29163,136,197
29164,136,198
29165,136,199
29166,136,200
29167,136,201
29168,136,202
29169,136,203
29170,136,204
29171,136,205
29172,136,206
29173,136,207
29174,136,208
29175,136,209
29176,136,210
29177,136,211
29178,136,212
29179,136,213
29180,136,214
29181,136,215
29182,136,216
29183,136,217
29184,136,218
29185,136,219
29186,136,220
29187,136,221
29188,136,222
29189,136,223
29190,136,224
29191,136,225
29192,136,226
29193,136,227
29194,136,228
29195,136,229
29196,136,230
29197,136,231
29198,136,232
29199,136,233
29200,136,234
29201,136,235
29202,136,236
29203,136,237
29204,136,238
29205,136,239
29206,136,240
29207,136,241
29208,136,242
29209,136,243
29210,136,244
29211,136,245
29212,136,246
29213,136,247
29214,136,248
29215,136,249
29216,136,250
29217,136,251
29218,136,252
29219,136,253
29220,136,254
29221,136,255
29222,137,0
29223,137,1
29224,137,2
29225,137,3
29226,137,4
29227,137,5
29228,137,6
29229,137,7
29230,137,8
29231,137,9
29232,137,10
29233,137,11
29234,137,12
29235,137,13
29236,137,14
29237,137,15
29238,137,16
29239,137,17
29240,137,18
29241,137,19
29242,137,20
29243,137,21
29244,137,22
29245,137,23
29246,137,24
29247,137,25
29248,137,26
29249,137,27
29250,137,28
29251,137,29
29252,137,30
29253,137,31
29254,137,32
29255,137,33
29256,137,34
29257,137,35
29258,137,36
29259,137,37
29260,137,38
29261,137,39
29262,137,40
29263,137,41
29264,137,42
29265,137,43
29266,137,44
29267,137,45
29268,137,46
29269,137,47
29270,137,48
29271,137,49
29272,137,50
29273,137,51
29274,137,52
29275,137,53
29276,137,54
29277,137,55
29278,137,56
29279,137,57
29280,137,58
29281,137,59
29282,137,60
29283,137,61
29284,137,62
29285,137,63
29286,137,64
29287,137,65
29288,137,66
29289,137,67
29290,137,68
29291,137,69
29292,137,70
29293,137,71
29294,137,72
29295,137,73
29296,137,74
29297,137,75
29298,137,76
29299,137,77
29300,137,78
29301,137,79
29302,137,80
29303,137,81
29304,137,82
29305,137,83
29306,137,84
29307,137,85
29308,137,86
29309,137,87
29310,137,88
29311,137,89
29312,137,90
29313,137,91
29314,137,92
29315,137,93
29316,137,94
29317,137,95
29318,137,96
29319,137,97
29320,137,98
29321,137,99
29322,137,100
29323,137,101
29324,137,102
29325,137,103
29326,137,104
29327,137,105
29328,137,106
29329,137,107
29330,137,108
29331,137,109
29332,137,110
29333,137,111
29334,137,112
29335,137,113
29336,137,114
29337,137,115
29338,137,116
29339,137,117
29340,137,118
29341,137,119
29342,137,120
29343,137,121
29344,137,122
29345,137,123
29346,137,124
29347,137,125
29348,137,126
29349,137,127
29350,137,128
29351,137,129
29352,137,130
29353,137,131
29354,137,132
29355,137,133
29356,137,134
29357,137,135
29358,137,136
29359,137,137
29360,137,138
29361,137,139
29362,137,140
29363,137,141
29364,137,142
29365,137,143
29366,137,144
29367,137,145
29368,137,146
29369,137,147
29370,137,148
29371,137,149
29372,137,150
29373,137,151
29374,137,152
29375,137,153
29376,137,154
29377,137,155
29378,137,156
29379,137,157
29380,137,158
29381,137,159
29382,137,160
29383,137,161
29384,137,162
29385,137,163
29386,137,164
29387,137,165
29388,137,166
29389,137,167
29390,137,168
29391,137,169
29392,137,170
29393,137,171
29394,137,172
29395,137,173
29396,137,174
29397,137,175
29398,137,176
29399,137,177
29400,137,178
29401,137,179
29402,137,180
29403,137,181
29404,137,182
29405,137,183
29406,137,184
29407,137,185
29408,137,186
29409,137,187
29410,137,188
29411,137,189
29412,137,190
29413,137,191
29414,137,192
29415,137,193
29416,137,194
29417,137,195
29418,137,196
29419,137,197
29420,137,198
29421,137,199
29422,137,200
29423,137,201
29424,137,202
29425,137,203
29426,137,204
29427,137,205
29428,137,206
29429,137,207
29430,137,208
29431,137,209
29432,137,210
29433,137,211
29434,137,212
29435,137,213
29436,137,214
29437,137,215
29438,137,216
29439,137,217
29440,137,218
29441,137,219
29442,137,220
29443,137,221
29444,137,222
29445,137,223
29446,137,224
29447,137,225
29448,137,226
29449,137,227
29450,137,228
29451,137,229
29452,137,230
29453,137,231
29454,137,232
29455,137,233
29456,137,234
29457,137,235
29458,137,236
29459,137,237
29460,137,238
29461,137,239
29462,137,240
29463,137,241
29464,137,242
29465,137,243
29466,137,244
29467,137,245
29468,137,246
29469,137,247
29470,137,248
29471,137,249
29472,137,250
29473,137,251
29474,137,252
29475,137,253
29476,137,254
29477,137,255
29478,138,0
29479,138,1
29480,138,2
29481,138,3
29482,138,4
29483,138,5
29484,138,6
29485,138,7
29486,138,8
29487,138,9
29488,138,10
29489,138,11
29490,138,12
29491,138,13
29492,138,14
29493,138,15
29494,138,16
29495,138,17
29496,138,18
29497,138,19
29498,138,20
29499,138,21
29500,138,22
29501,138,23
29502,138,24
29503,138,25
29504,138,26
29505,138,27
29506,138,28
29507,138,29
29508,138,30
29509,138,31
29510,138,32
29511,138,33
29512,138,34
29513,138,35
29514,138,36
29515,138,37
29516,138,38
29517,138,39
29518,138,40
29519,138,41
29520,138,42
29521,138,43
29522,138,44
29523,138,45
29524,138,46
29525,138,47
29526,138,48
29527,138,49
29528,138,50
29529,138,51
29530,138,52
29531,138,53
29532,138,54
29533,138,55
29534,138,56
29535,138,57
29536,138,58
29537,138,59
29538,138,60
29539,138,61
29540,138,62
29541,138,63
29542,138,64
29543,138,65
29544,138,66
29545,138,67
29546,138,68
29547,138,69
29548,138,70
29549,138,71
29550,138,72
29551,138,73
29552,138,74
29553,138,75
29554,138,76
29555,138,77
29556,138,78
29557,138,79
29558,138,80
29559,138,81
29560,138,82
29561,138,83
29562,138,84
29563,138,85
29564,138,86
29565,138,87
29566,138,88
29567,138,89
29568,138,90
29569,138,91
29570,138,92
29571,138,93
29572,138,94
29573,138,95
29574,138,96
29575,138,97
29576,138,98
29577,138,99
29578,138,100
29579,138,101
29580,138,102
29581,138,103
29582,138,104
29583,138,105
29584,138,106
29585,138,107
29586,138,108
29587,138,109
29588,138,110
29589,138,111
29590,138,112
29591,138,113
29592,138,114
29593,138,115
29594,138,116
29595,138,117
29596,138,118
29597,138,119
29598,138,120
29599,138,121
29600,138,122
29601,138,123
29602,138,124
29603,138,125
29604,138,126
29605,138,127
29606,138,128
29607,138,129
29608,138,130
29609,138,131
29610,138,132
29611,138,133
29612,138,134
29613,138,135
29614,138,136
29615,138,137
29616,138,138
29617,138,139
29618,138,140
29619,138,141
29620,138,142
29621,138,143
29622,138,144
29623,138,145
29624,138,146
29625,138,147
29626,138,148
29627,138,149
29628,138,150
29629,138,151
29630,138,152
29631,138,153
29632,138,154
29633,138,155
29634,138,156
29635,138,157
29636,138,158
29637,138,159
29638,138,160
29639,138,161
29640,138,162
29641,138,163
29642,138,164
29643,138,165
29644,138,166
29645,138,167
29646,138,168
29647,138,169
29648,138,170
29649,138,171
29650,138,172
29651,138,173
29652,138,174
29653,138,175
29654,138,176
29655,138,177
29656,138,178
29657,138,179
29658,138,180
29659,138,181
29660,138,182
29661,138,183
29662,138,184
29663,138,185
29664,138,186
29665,138,187
29666,138,188
29667,138,189
29668,138,190
29669,138,191
29670,138,192
29671,138,193
29672,138,194
29673,138,195
29674,138,196
29675,138,197
29676,138,198
29677,138,199
29678,138,200
29679,138,201
29680,138,202
29681,138,203
29682,138,204
29683,138,205
29684,138,206
29685,138,207
29686,138,208
29687,138,209
29688,138,210
29689,138,211
29690,138,212
29691,138,213
29692,138,214
29693,138,215
29694,138,216
29695,138,217
29696,138,218
29697,138,219
29698,138,220
29699,138,221
29700,138,222
29701,138,223
29702,138,224
29703,138,225
29704,138,226
29705,138,227
29706,138,228
29707,138,229
29708,138,230
29709,138,231
29710,138,232
29711,138,233
29712,138,234
29713,138,235
29714,138,236
29715,138,237
29716,138,238
29717,138,239
29718,138,240
29719,138,241
29720,138,242
29721,138,243
29722,138,244
29723,138,245
29724,138,246
29725,138,247
29726,138,248
29727,138,249
29728,138,250
29729,138,251
29730,138,252
29731,138,253
29732,138,254
29733,138,255
29734,139,0
29735,139,1
29736,139,2
29737,139,3
29738,139,4
29739,139,5
29740,139,6
29741,139,7
29742,139,8
29743,139,9
29744,139,10
29745,139,11
29746,139,12
29747,139,13
29748,139,14
29749,139,15
29750,139,16
29751,139,17
29752,139,18
29753,139,19
29754,139,20
29755,139,21
29756,139,22
29757,139,23
29758,139,24
29759,139,25
29760,139,26
29761,139,27
29762,139,28
29763,139,29
29764,139,30
29765,139,31
29766,139,32
29767,139,33
29768,139,34
29769,139,35
29770,139,36
29771,139,37
29772,139,38
29773,139,39
29774,139,40
29775,139,41
29776,139,42
29777,139,43
29778,139,44
29779,139,45
29780,139,46
29781,139,47
29782,139,48
29783,139,49
29784,139,50
29785,139,51
29786,139,52
29787,139,53
29788,139,54
29789,139,55
29790,139,56
29791,139,57
29792,139,58
29793,139,59
29794,139,60
29795,139,61
29796,139,62
29797,139,63
29798,139,64
29799,139,65
29800,139,66
29801,139,67
29802,139,68
29803,139,69
29804,139,70
29805,139,71
29806,139,72
29807,139,73
29808,139,74
29809,139,75
29810,139,76
29811,139,77
29812,139,78
29813,139,79
29814,139,80
29815,139,81
29816,139,82
29817,139,83
29818,139,84
29819,139,85
29820,139,86
29821,139,87
29822,139,88
29823,139,89
29824,139,90
29825,139,91
29826,139,92
29827,139,93
29828,139,94
29829,139,95
29830,139,96
29831,139,97
29832,139,98
29833,139,99
29834,139,100
29835,139,101
29836,139,102
29837,139,103
29838,139,104
29839,139,105
29840,139,106
29841,139,107
29842,139,108
29843,139,109
29844,139,110
29845,139,111
29846,139,112
29847,139,113
29848,139,114
29849,139,115
29850,139,116
29851,139,117
29852,139,118
29853,139,119
29854,139,120
29855,139,121
29856,139,122
29857,139,123
29858,139,124
29859,139,125
29860,139,126
29861,139,127
29862,139,128
29863,139,129
29864,139,130
29865,139,131
29866,139,132
29867,139,133
29868,139,134
29869,139,135
29870,139,136
29871,139,137
29872,139,138
29873,139,139
29874,139,140
29875,139,141
29876,139,142
29877,139,143
29878,139,144
29879,139,145
29880,139,146
29881,139,147
29882,139,148
29883,139,149
29884,139,150
29885,139,151
29886,139,152
29887,139,153
29888,139,154
29889,139,155
29890,139,156
29891,139,157
29892,139,158
29893,139,159
29894,139,160
29895,139,161
29896,139,162
29897,139,163
29898,139,164
29899,139,165
29900,139,166
29901,139,167
29902,139,168
29903,139,169
29904,139,170
29905,139,171
29906,139,172
29907,139,173
29908,139,174
29909,139,175
29910,139,176
29911,139,177
29912,139,178
29913,139,179
29914,139,180
29915,139,181
29916,139,182
29917,139,183
29918,139,184
29919,139,185
29920,139,186
29921,139,187
29922,139,188
29923,139,189
29924,139,190
29925,139,191
29926,139,192
29927,139,193
29928,139,194
29929,139,195
29930,139,196
29931,139,197
29932,139,198
29933,139,199
29934,139,200
29935,139,201
29936,139,202
29937,139,203
29938,139,204
29939,139,205
29940,139,206
29941,139,207
29942,139,208
29943,139,209
29944,139,210
29945,139,211
29946,139,212
29947,139,213
29948,139,214
29949,139,215
29950,139,216
29951,139,217
29952,139,218
29953,139,219
29954,139,220
29955,139,221
29956,139,222
29957,139,223
29958,139,224
29959,139,225
29960,139,226
29961,139,227
29962,139,228
29963,139,229
29964,139,230
29965,139,231
29966,139,232
29967,139,233
29968,139,234
29969,139,235
29970,139,236
29971,139,237
29972,139,238
29973,139,239
29974,139,240
29975,139,241
29976,139,242
29977,139,243
29978,139,244
29979,139,245
29980,139,246
29981,139,247
29982,139,248
29983,139,249
29984,139,250
29985,139,251
29986,139,252
29987,139,253
29988,139,254
29989,139,255
29990,140,0
29991,140,1
29992,140,2
29993,140,3
29994,140,4
29995,140,5
29996,140,6
29997,140,7
29998,140,8
29999,140,9
30000,140,10
30001,140,11
30002,140,12
30003,140,13
30004,140,14
30005,140,15
30006,140,16
30007,140,17
30008,140,18
30009,140,19
30010,140,20
30011,140,21
30012,140,22
30013,140,23
30014,140,24
30015,140,25
30016,140,26
30017,140,27
30018,140,28
30019,140,29
30020,140,30
30021,140,31
30022,140,32
30023,140,33
30024,140,34
30025,140,35
30026,140,36
30027,140,37
30028,140,38
30029,140,39
30030,140,40
30031,140,41
30032,140,42
30033,140,43
30034,140,44
30035,140,45
30036,140,46
30037,140,47
30038,140,48
30039,140,49
30040,140,50
30041,140,51
30042,140,52
30043,140,53
30044,140,54
30045,140,55
30046,140,56
30047,140,57
30048,140,58
30049,140,59
30050,140,60
30051,140,61
30052,140,62
30053,140,63
30054,140,64
30055,140,65
30056,140,66
30057,140,67
30058,140,68
30059,140,69
30060,140,70
30061,140,71
30062,140,72
30063,140,73
30064,140,74
30065,140,75
30066,140,76
30067,140,77
30068,140,78
30069,140,79
30070,140,80
30071,140,81
30072,140,82
30073,140,83
30074,140,84
30075,140,85
30076,140,86
30077,140,87
30078,140,88
30079,140,89
30080,140,90
30081,140,91
30082,140,92
30083,140,93
30084,140,94
30085,140,95
30086,140,96
30087,140,97
30088,140,98
30089,140,99
30090,140,100
30091,140,101
30092,140,102
30093,140,103
30094,140,104
30095,140,105
30096,140,106
30097,140,107
30098,140,108
30099,140,109
30100,140,110
30101,140,111
30102,140,112
30103,140,113
30104,140,114
30105,140,115
30106,140,116
30107,140,117
30108,140,118
30109,140,119
30110,140,120
30111,140,121
30112,140,122
30113,140,123
30114,140,124
30115,140,125
30116,140,126
30117,140,127
30118,140,128
30119,140,129
30120,140,130
30121,140,131
30122,140,132
30123,140,133
30124,140,134
30125,140,135
30126,140,136
30127,140,137
30128,140,138
30129,140,139
30130,140,140
30131,140,141
30132,140,142
30133,140,143
30134,140,144
30135,140,145
30136,140,146
30137,140,147
30138,140,148
30139,140,149
30140,140,150
30141,140,151
30142,140,152
30143,140,153
30144,140,154
30145,140,155
30146,140,156
30147,140,157
30148,140,158
30149,140,159
30150,140,160
30151,140,161
30152,140,162
30153,140,163
30154,140,164
30155,140,165
30156,140,166
30157,140,167
30158,140,168
30159,140,169
30160,140,170
30161,140,171
30162,140,172
30163,140,173
30164,140,174
30165,140,175
30166,140,176
30167,140,177
30168,140,178
30169,140,179
30170,140,180
30171,140,181
30172,140,182
30173,140,183
30174,140,184
30175,140,185
30176,140,186
30177,140,187
30178,140,188
30179,140,189
30180,140,190
30181,140,191
30182,140,192
30183,140,193
30184,140,194
30185,140,195
30186,140,196
30187,140,197
30188,140,198
30189,140,199
30190,140,200
30191,140,201
30192,140,202
30193,140,203
30194,140,204
30195,140,205
30196,140,206
30197,140,207
30198,140,208
30199,140,209
30200,140,210
30201,140,211
30202,140,212
30203,140,213
30204,140,214
30205,140,215
30206,140,216
30207,140,217
30208,140,218
30209,140,219
30210,140,220
30211,140,221
30212,140,222
30213,140,223
30214,140,224
30215,140,225
30216,140,226
30217,140,227
30218,140,228
30219,140,229
30220,140,230
30221,140,231
30222,140,232
30223,140,233
30224,140,234
30225,140,235
30226,140,236
30227,140,237
30228,140,238
30229,140,239
30230,140,240
30231,140,241
30232,140,242
30233,140,243
30234,140,244
30235,140,245
30236,140,246
30237,140,247
30238,140,248
30239,140,249
30240,140,250
30241,140,251
30242,140,252
30243,140,253
30244,140,254
30245,140,255
30246,141,0
30247,141,1
30248,141,2
30249,141,3
30250,141,4
30251,141,5
30252,141,6
30253,141,7
30254,141,8
30255,141,9
30256,141,10
30257,141,11
30258,141,12
30259,141,13
30260,141,14
30261,141,15
30262,141,16
30263,141,17
30264,141,18
30265,141,19
30266,141,20
30267,141,21
30268,141,22
30269,141,23
30270,141,24
30271,141,25
30272,141,26
30273,141,27
30274,141,28
30275,141,29
30276,141,30
30277,141,31
30278,141,32
30279,141,33
30280,141,34
30281,141,35
30282,141,36
30283,141,37
30284,141,38
30285,141,39
30286,141,40
30287,141,41
30288,141,42
30289,141,43
30290,141,44
30291,141,45
30292,141,46
30293,141,47
30294,141,48
30295,141,49
30296,141,50
30297,141,51
30298,141,52
30299,141,53
30300,141,54
30301,141,55
30302,141,56
30303,141,57
30304,141,58
30305,141,59
30306,141,60
30307,141,61
30308,141,62
30309,141,63
30310,141,64
30311,141,65
30312,141,66
30313,141,67
30314,141,68
30315,141,69
30316,141,70
30317,141,71
30318,141,72
30319,141,73
30320,141,74
30321,141,75
30322,141,76
30323,141,77
30324,141,78
30325,141,79
30326,141,80
30327,141,81
30328,141,82
30329,141,83
30330,141,84
30331,141,85
30332,141,86
30333,141,87
30334,141,88
30335,141,89
30336,141,90
30337,141,91
30338,141,92
30339,141,93
30340,141,94
30341,141,95
30342,141,96
30343,141,97
30344,141,98
30345,141,99
30346,141,100
30347,141,101
30348,141,102
30349,141,103
30350,141,104
30351,141,105
30352,141,106
30353,141,107
30354,141,108
30355,141,109
30356,141,110
30357,141,111
30358,141,112
30359,141,113
30360,141,114
30361,141,115
30362,141,116
30363,141,117
30364,141,118
30365,141,119
30366,141,120
30367,141,121
30368,141,122
30369,141,123
30370,141,124
30371,141,125
30372,141,126
30373,141,127
30374,141,128
30375,141,129
30376,141,130
30377,141,131
30378,141,132
30379,141,133
30380,141,134
30381,141,135
30382,141,136
30383,141,137
30384,141,138
30385,141,139
30386,141,140
30387,141,141
30388,141,142
30389,141,143
30390,141,144
30391,141,145
30392,141,146
30393,141,147
30394,141,148
30395,141,149
30396,141,150
30397,141,151
30398,141,152
30399,141,153
30400,141,154
30401,141,155
30402,141,156
30403,141,157
30404,141,158
30405,141,159
30406,141,160
30407,141,161
30408,141,162
30409,141,163
30410,141,164
30411,141,165
30412,141,166
30413,141,167
30414,141,168
30415,141,169
30416,141,170
30417,141,171
30418,141,172
30419,141,173
30420,141,174
30421,141,175
30422,141,176
30423,141,177
30424,141,178
30425,141,179
30426,141,180
30427,141,181
30428,141,182
30429,141,183
30430,141,184
30431,141,185
30432,141,186
30433,141,187
30434,141,188
30435,141,189
30436,141,190
30437,141,191
30438,141,192
30439,141,193
30440,141,194
30441,141,195
30442,141,196
30443,141,197
30444,141,198
30445,141,199
30446,141,200
30447,141,201
30448,141,202
30449,141,203
30450,141,204
30451,141,205
30452,141,206
30453,141,207
30454,141,208
30455,141,209
30456,141,210
30457,141,211
30458,141,212
30459,141,213
30460,141,214
30461,141,215
30462,141,216
30463,141,217
30464,141,218
30465,141,219
30466,141,220
30467,141,221
30468,141,222
30469,141,223
30470,141,224
30471,141,225
30472,141,226
30473,141,227
30474,141,228
30475,141,229
30476,141,230
30477,141,231
30478,141,232
30479,141,233
30480,141,234
30481,141,235
30482,141,236
30483,141,237
30484,141,238
30485,141,239
30486,141,240
30487,141,241
30488,141,242
30489,141,243
30490,141,244
30491,141,245
30492,141,246
30493,141,247
30494,141,248
30495,141,249
30496,141,250
30497,141,251
30498,141,252
30499,141,253
30500,141,254
30501,141,255
30502,142,0
30503,142,1
30504,142,2
30505,142,3
30506,142,4
30507,142,5
30508,142,6
30509,142,7
30510,142,8
30511,142,9
30512,142,10
30513,142,11
30514,142,12
30515,142,13
30516,142,14
30517,142,15
30518,142,16
30519,142,17
30520,142,18
30521,142,19
30522,142,20
30523,142,21
30524,142,22
30525,142,23
30526,142,24
30527,142,25
30528,142,26
30529,142,27
30530,142,28
30531,142,29
30532,142,30
30533,142,31
30534,142,32
30535,142,33
30536,142,34
30537,142,35
30538,142,36
30539,142,37
30540,142,38
30541,142,39
30542,142,40
30543,142,41
30544,142,42
30545,142,43
30546,142,44
30547,142,45
30548,142,46
30549,142,47
30550,142,48
30551,142,49
30552,142,50
30553,142,51
30554,142,52
30555,142,53
30556,142,54
30557,142,55
30558,142,56
30559,142,57
30560,142,58
30561,142,59
30562,142,60
30563,142,61
30564,142,62
30565,142,63
30566,142,64
30567,142,65
30568,142,66
30569,142,67
30570,142,68
30571,142,69
30572,142,70
30573,142,71
30574,142,72
30575,142,73
30576,142,74
30577,142,75
30578,142,76
30579,142,77
30580,142,78
30581,142,79
30582,142,80
30583,142,81
30584,142,82
30585,142,83
30586,142,84
30587,142,85
30588,142,86
30589,142,87
30590,142,88
30591,142,89
30592,142,90
30593,142,91
30594,142,92
30595,142,93
30596,142,94
30597,142,95
30598,142,96
30599,142,97
30600,142,98
30601,142,99
30602,142,100
30603,142,101
30604,142,102
30605,142,103
30606,142,104
30607,142,105
30608,142,106
30609,142,107
30610,142,108
30611,142,109
30612,142,110
30613,142,111
30614,142,112
30615,142,113
30616,142,114
30617,142,115
30618,142,116
30619,142,117
30620,142,118
30621,142,119
30622,142,120
30623,142,121
30624,142,122
30625,142,123
30626,142,124
30627,142,125
30628,142,126
30629,142,127
30630,142,128
30631,142,129
30632,142,130
30633,142,131
30634,142,132
30635,142,133
30636,142,134
30637,142,135
30638,142,136
30639,142,137
30640,142,138
30641,142,139
30642,142,140
30643,142,141
30644,142,142
30645,142,143
30646,142,144
30647,142,145
30648,142,146
30649,142,147
30650,142,148
30651,142,149
30652,142,150
30653,142,151
30654,142,152
30655,142,153
30656,142,154
30657,142,155
30658,142,156
30659,142,157
30660,142,158
30661,142,159
30662,142,160
30663,142,161
30664,142,162
30665,142,163
30666,142,164
30667,142,165
30668,142,166
30669,142,167
30670,142,168
30671,142,169
30672,142,170
30673,142,171
30674,142,172
30675,142,173
30676,142,174
30677,142,175
30678,142,176
30679,142,177
30680,142,178
30681,142,179
30682,142,180
30683,142,181
30684,142,182
30685,142,183
30686,142,184
30687,142,185
30688,142,186
30689,142,187
30690,142,188
30691,142,189
30692,142,190
30693,142,191
30694,142,192
30695,142,193
30696,142,194
30697,142,195
30698,142,196
30699,142,197
30700,142,198
30701,142,199
30702,142,200
30703,142,201
30704,142,202
30705,142,203
30706,142,204
30707,142,205
30708,142,206
30709,142,207
30710,142,208
30711,142,209
30712,142,210
30713,142,211
30714,142,212
30715,142,213
30716,142,214
30717,142,215
30718,142,216
30719,142,217
30720,142,218
30721,142,219
30722,142,220
30723,142,221
30724,142,222
30725,142,223
30726,142,224
30727,142,225
30728,142,226
30729,142,227
30730,142,228
30731,142,229
30732,142,230
30733,142,231
30734,142,232
30735,142,233
30736,142,234
30737,142,235
30738,142,236
30739,142,237
30740,142,238
30741,142,239
30742,142,240
30743,142,241
30744,142,242
30745,142,243
30746,142,244
30747,142,245
30748,142,246
30749,142,247
30750,142,248
30751,142,249
30752,142,250
30753,142,251
30754,142,252
30755,142,253
30756,142,254
30757,142,255
30758,143,0
30759,143,1
30760,143,2
30761,143,3
30762,143,4
30763,143,5
30764,143,6
30765,143,7
30766,143,8
30767,143,9
30768,143,10
30769,143,11
30770,143,12
30771,143,13
30772,143,14
30773,143,15
30774,143,16
30775,143,17
30776,143,18
30777,143,19
30778,143,20
30779,143,21
30780,143,22
30781,143,23
30782,143,24
30783,143,25
30784,143,26
30785,143,27
30786,143,28
30787,143,29
30788,143,30
30789,143,31
30790,143,32
30791,143,33
30792,143,34
30793,143,35
30794,143,36
30795,143,37
30796,143,38
30797,143,39
30798,143,40
30799,143,41
30800,143,42
30801,143,43
30802,143,44
30803,143,45
30804,143,46
30805,143,47
30806,143,48
30807,143,49
30808,143,50
30809,143,51
30810,143,52
30811,143,53
30812,143,54
30813,143,55
30814,143,56
30815,143,57
30816,143,58
30817,143,59
30818,143,60
30819,143,61
30820,143,62
30821,143,63
30822,143,64
30823,143,65
30824,143,66
30825,143,67
30826,143,68
30827,143,69
30828,143,70
30829,143,71
30830,143,72
30831,143,73
30832,143,74
30833,143,75
30834,143,76
30835,143,77
30836,143,78
30837,143,79
30838,143,80
30839,143,81
30840,143,82
30841,143,83
30842,143,84
30843,143,85
30844,143,86
30845,143,87
30846,143,88
30847,143,89
30848,143,90
30849,143,91
30850,143,92
30851,143,93
30852,143,94
30853,143,95
30854,143,96
30855,143,97
30856,143,98
30857,143,99
30858,143,100
30859,143,101
30860,143,102
30861,143,103
30862,143,104
30863,143,105
30864,143,106
30865,143,107
30866,143,108
30867,143,109
30868,143,110
30869,143,111
30870,143,112
30871,143,113
30872,143,114
30873,143,115
30874,143,116
30875,143,117
30876,143,118
30877,143,119
30878,143,120
30879,143,121
30880,143,122
30881,143,123
30882,143,124
30883,143,125
30884,143,126
30885,143,127
30886,143,128
30887,143,129
30888,143,130
30889,143,131
30890,143,132
30891,143,133
30892,143,134
30893,143,135
30894,143,136
30895,143,137
30896,143,138
30897,143,139
30898,143,140
30899,143,141
30900,143,142
30901,143,143
30902,143,144
30903,143,145
30904,143,146
30905,143,147
30906,143,148
30907,143,149
30908,143,150
30909,143,151
30910,143,152
30911,143,153
30912,143,154
30913,143,155
30914,143,156
30915,143,157
30916,143,158
30917,143,159
30918,143,160
30919,143,161
30920,143,162
30921,143,163
30922,143,164
30923,143,165
30924,143,166
30925,143,167
30926,143,168
30927,143,169
30928,143,170
30929,143,171
30930,143,172
30931,143,173
30932,143,174
30933,143,175
30934,143,176
30935,143,177
30936,143,178
30937,143,179
30938,143,180
30939,143,181
30940,143,182
30941,143,183
30942,143,184
30943,143,185
30944,143,186
30945,143,187
30946,143,188
30947,143,189
30948,143,190
30949,143,191
30950,143,192
30951,143,193
30952,143,194
30953,143,195
30954,143,196
30955,143,197
30956,143,198
30957,143,199
30958,143,200
30959,143,201
30960,143,202
30961,143,203
30962,143,204
30963,143,205
30964,143,206
30965,143,207
30966,143,208
30967,143,209
30968,143,210
30969,143,211
30970,143,212
30971,143,213
30972,143,214
30973,143,215
30974,143,216
30975,143,217
30976,143,218
30977,143,219
30978,143,220
30979,143,221
30980,143,222
30981,143,223
30982,143,224
30983,143,225
30984,143,226
30985,143,227
30986,143,228
30987,143,229
30988,143,230
30989,143,231
30990,143,232
30991,143,233
30992,143,234
30993,143,235
30994,143,236
30995,143,237
30996,143,238
30997,143,239
30998,143,240
30999,143,241
31000,143,242
31001,143,243
31002,143,244
31003,143,245
31004,143,246
31005,143,247
31006,143,248
31007,143,249
31008,143,250
31009,143,251
31010,143,252
31011,143,253
31012,143,254
31013,143,255
31014,144,0
31015,144,1
31016,144,2
31017,144,3
31018,144,4
31019,144,5
31020,144,6
31021,144,7
31022,144,8
31023,144,9
31024,144,10
31025,144,11
31026,144,12
31027,144,13
31028,144,14
31029,144,15
31030,144,16
31031,144,17
31032,144,18
31033,144,19
31034,144,20
31035,144,21
31036,144,22
31037,144,23
31038,144,24
31039,144,25
31040,144,26
31041,144,27
31042,144,28
31043,144,29
31044,144,30
31045,144,31
31046,144,32
31047,144,33
31048,144,34
31049,144,35
31050,144,36
31051,144,37
31052,144,38
31053,144,39
31054,144,40
31055,144,41
31056,144,42
31057,144,43
31058,144,44
31059,144,45
31060,144,46
31061,144,47
31062,144,48
31063,144,49
31064,144,50
31065,144,51
31066,144,52
31067,144,53
31068,144,54
31069,144,55
31070,144,56
31071,144,57
31072,144,58
31073,144,59
31074,144,60
31075,144,61
31076,144,62
31077,144,63
31078,144,64
31079,144,65
31080,144,66
31081,144,67
31082,144,68
31083,144,69
31084,144,70
31085,144,71
31086,144,72
31087,144,73
31088,144,74
31089,144,75
31090,144,76
31091,144,77
31092,144,78
31093,144,79
31094,144,80
31095,144,81
31096,144,82
31097,144,83
31098,144,84
31099,144,85
31100,144,86
31101,144,87
31102,144,88
31103,144,89
31104,144,90
31105,144,91
31106,144,92
31107,144,93
31108,144,94
31109,144,95
31110,144,96
31111,144,97
31112,144,98
31113,144,99
31114,144,100
31115,144,101
31116,144,102
31117,144,103
31118,144,104
31119,144,105
31120,144,106
31121,144,107
31122,144,108
31123,144,109
31124,144,110
31125,144,111
31126,144,112
31127,144,113
31128,144,114
31129,144,115
31130,144,116
31131,144,117
31132,144,118
31133,144,119
31134,144,120
31135,144,121
31136,144,122
31137,144,123
31138,144,124
31139,144,125
31140,144,126
31141,144,127
31142,144,128
31143,144,129
31144,144,130
31145,144,131
31146,144,132
31147,144,133
31148,144,134
31149,144,135
31150,144,136
31151,144,137
31152,144,138
31153,144,139
31154,144,140
31155,144,141
31156,144,142
31157,144,143
31158,144,144
31159,144,145
31160,144,146
31161,144,147
31162,144,148
31163,144,149
31164,144,150
31165,144,151
31166,144,152
31167,144,153
31168,144,154
31169,144,155
31170,144,156
31171,144,157
31172,144,158
31173,144,159
31174,144,160
31175,144,161
31176,144,162
31177,144,163
31178,144,164
31179,144,165
31180,144,166
31181,144,167
31182,144,168
31183,144,169
31184,144,170
31185,144,171
31186,144,172
31187,144,173
31188,144,174
31189,144,175
31190,144,176
31191,144,177
31192,144,178
31193,144,179
31194,144,180
31195,144,181
31196,144,182
31197,144,183
31198,144,184
31199,144,185
31200,144,186
31201,144,187
31202,144,188
31203,144,189
31204,144,190
31205,144,191
31206,144,192
31207,144,193
31208,144,194
31209,144,195
31210,144,196
31211,144,197
31212,144,198
31213,144,199
31214,144,200
31215,144,201
31216,144,202
31217,144,203
31218,144,204
31219,144,205
31220,144,206
31221,144,207
31222,144,208
31223,144,209
31224,144,210
31225,144,211
31226,144,212
31227,144,213
31228,144,214
31229,144,215
31230,144,216
31231,144,217
31232,144,218
31233,144,219
31234,144,220
31235,144,221
31236,144,222
31237,144,223
31238,144,224
31239,144,225
31240,144,226
31241,144,227
31242,144,228
31243,144,229
31244,144,230
31245,144,231
31246,144,232
31247,144,233
31248,144,234
31249,144,235
31250,144,236
31251,144,237
31252,144,238
31253,144,239
31254,144,240
31255,144,241
31256,144,242
31257,144,243
31258,144,244
31259,144,245
31260,144,246
31261,144,247
31262,144,248
31263,144,249
31264,144,250
31265,144,251
31266,144,252
31267,144,253
31268,144,254
31269,144,255
31270,145,0
31271,145,1
31272,145,2
31273,145,3
31274,145,4
31275,145,5
31276,145,6
31277,145,7
31278,145,8
31279,145,9
31280,145,10
31281,145,11
31282,145,12
31283,145,13
31284,145,14
31285,145,15
31286,145,16
31287,145,17
31288,145,18
31289,145,19
31290,145,20
31291,145,21
31292,145,22
31293,145,23
31294,145,24
31295,145,25
31296,145,26
31297,145,27
31298,145,28
31299,145,29
31300,145,30
31301,145,31
31302,145,32
31303,145,33
31304,145,34
31305,145,35
31306,145,36
31307,145,37
31308,145,38
31309,145,39
31310,145,40
31311,145,41
31312,145,42
31313,145,43
31314,145,44
31315,145,45
31316,145,46
31317,145,47
31318,145,48
31319,145,49
31320,145,50
31321,145,51
31322,145,52
31323,145,53
31324,145,54
31325,145,55
31326,145,56
31327,145,57
31328,145,58
31329,145,59
31330,145,60
31331,145,61
31332,145,62
31333,145,63
31334,145,64
31335,145,65
31336,145,66
31337,145,67
31338,145,68
31339,145,69
31340,145,70
31341,145,71
31342,145,72
31343,145,73
31344,145,74
31345,145,75
31346,145,76
31347,145,77
31348,145,78
31349,145,79
31350,145,80
31351,145,81
31352,145,82
31353,145,83
31354,145,84
31355,145,85
31356,145,86
31357,145,87
31358,145,88
31359,145,89
31360,145,90
31361,145,91
31362,145,92
31363,145,93
31364,145,94
31365,145,95
31366,145,96
31367,145,97
31368,145,98
31369,145,99
31370,145,100
31371,145,101
31372,145,102
31373,145,103
31374,145,104
31375,145,105
31376,145,106
31377,145,107
31378,145,108
31379,145,109
31380,145,110
31381,145,111
31382,145,112
31383,145,113
31384,145,114
31385,145,115
31386,145,116
31387,145,117
31388,145,118
31389,145,119
31390,145,120
31391,145,121
31392,145,122
31393,145,123
31394,145,124
31395,145,125
31396,145,126
31397,145,127
31398,145,128
31399,145,129
31400,145,130
31401,145,131
31402,145,132
31403,145,133
31404,145,134
31405,145,135
31406,145,136
31407,145,137
31408,145,138
31409,145,139
31410,145,140
31411,145,141
31412,145,142
31413,145,143
31414,145,144
31415,145,145
31416,145,146
31417,145,147
31418,145,148
31419,145,149
31420,145,150
31421,145,151
31422,145,152
31423,145,153
31424,145,154
31425,145,155
31426,145,156
31427,145,157
31428,145,158
31429,145,159
31430,145,160
31431,145,161
31432,145,162
31433,145,163
31434,145,164
31435,145,165
31436,145,166
31437,145,167
31438,145,168
31439,145,169
31440,145,170
31441,145,171
31442,145,172
31443,145,173
31444,145,174
31445,145,175
31446,145,176
31447,145,177
31448,145,178
31449,145,179
31450,145,180
31451,145,181
31452,145,182
31453,145,183
31454,145,184
31455,145,185
31456,145,186
31457,145,187
31458,145,188
31459,145,189
31460,145,190
31461,145,191
31462,145,192
31463,145,193
31464,145,194
31465,145,195
31466,145,196
31467,145,197
31468,145,198
31469,145,199
31470,145,200
31471,145,201
31472,145,202
31473,145,203
31474,145,204
31475,145,205
31476,145,206
31477,145,207
31478,145,208
31479,145,209
31480,145,210
31481,145,211
31482,145,212
31483,145,213
31484,145,214
31485,145,215
31486,145,216
31487,145,217
31488,145,218
31489,145,219
31490,145,220
31491,145,221
31492,145,222
31493,145,223
31494,145,224
31495,145,225
31496,145,226
31497,145,227
31498,145,228
31499,145,229
31500,145,230
31501,145,231
31502,145,232
31503,145,233
31504,145,234
31505,145,235
31506,145,236
31507,145,237
31508,145,238
31509,145,239
31510,145,240
31511,145,241
31512,145,242
31513,145,243
31514,145,244
31515,145,245
31516,145,246
31517,145,247
31518,145,248
31519,145,249
31520,145,250
31521,145,251
31522,145,252
31523,145,253
31524,145,254
31525,145,255
31526,146,0
31527,146,1
31528,146,2
31529,146,3
31530,146,4
31531,146,5
31532,146,6
31533,146,7
31534,146,8
31535,146,9
31536,146,10
31537,146,11
31538,146,12
31539,146,13
31540,146,14
31541,146,15
31542,146,16
31543,146,17
31544,146,18
31545,146,19
31546,146,20
31547,146,21
31548,146,22
31549,146,23
31550,146,24
31551,146,25
31552,146,26
31553,146,27
31554,146,28
31555,146,29
31556,146,30
31557,146,31
31558,146,32
31559,146,33
31560,146,34
31561,146,35
31562,146,36
31563,146,37
31564,146,38
31565,146,39
31566,146,40
31567,146,41
31568,146,42
31569,146,43
31570,146,44
31571,146,45
31572,146,46
31573,146,47
31574,146,48
31575,146,49
31576,146,50
31577,146,51
31578,146,52
31579,146,53
31580,146,54
31581,146,55
31582,146,56
31583,146,57
31584,146,58
31585,146,59
31586,146,60
31587,146,61
31588,146,62
31589,146,63
31590,146,64
31591,146,65
31592,146,66
31593,146,67
31594,146,68
31595,146,69
31596,146,70
31597,146,71
31598,146,72
31599,146,73
31600,146,74
31601,146,75
31602,146,76
31603,146,77
31604,146,78
31605,146,79
31606,146,80
31607,146,81
31608,146,82
31609,146,83
31610,146,84
31611,146,85
31612,146,86
31613,146,87
31614,146,88
31615,146,89
31616,146,90
31617,146,91
31618,146,92
31619,146,93
31620,146,94
31621,146,95
31622,146,96
31623,146,97
31624,146,98
31625,146,99
31626,146,100
31627,146,101
31628,146,102
31629,146,103
31630,146,104
31631,146,105
31632,146,106
31633,146,107
31634,146,108
31635,146,109
31636,146,110
31637,146,111
31638,146,112
31639,146,113
31640,146,114
31641,146,115
31642,146,116
31643,146,117
31644,146,118
31645,146,119
31646,146,120
31647,146,121
31648,146,122
31649,146,123
31650,146,124
31651,146,125
31652,146,126
31653,146,127
31654,146,128
31655,146,129
31656,146,130
31657,146,131
31658,146,132
31659,146,133
31660,146,134
31661,146,135
31662,146,136
31663,146,137
31664,146,138
31665,146,139
31666,146,140
31667,146,141
31668,146,142
31669,146,143
31670,146,144
31671,146,145
31672,146,146
31673,146,147
31674,146,148
31675,146,149
31676,146,150
31677,146,151
31678,146,152
31679,146,153
31680,146,154
31681,146,155
31682,146,156
31683,146,157
31684,146,158
31685,146,159
31686,146,160
31687,146,161
31688,146,162
31689,146,163
31690,146,164
31691,146,165
31692,146,166
31693,146,167
31694,146,168
31695,146,169
31696,146,170
31697,146,171
31698,146,172
31699,146,173
31700,146,174
31701,146,175
31702,146,176
31703,146,177
31704,146,178
31705,146,179
31706,146,180
31707,146,181
31708,146,182
31709,146,183
31710,146,184
31711,146,185
31712,146,186
31713,146,187
31714,146,188
31715,146,189
31716,146,190
31717,146,191
31718,146,192
31719,146,193
31720,146,194
31721,146,195
31722,146,196
31723,146,197
31724,146,198
31725,146,199
31726,146,200
31727,146,201
31728,146,202
31729,146,203
31730,146,204
31731,146,205
31732,146,206
31733,146,207
31734,146,208
31735,146,209
31736,146,210
31737,146,211
31738,146,212
31739,146,213
31740,146,214
31741,146,215
31742,146,216
31743,146,217
31744,146,218
31745,146,219
31746,146,220
31747,146,221
31748,146,222
31749,146,223
31750,146,224
31751,146,225
31752,146,226
31753,146,227
31754,146,228
31755,146,229
31756,146,230
31757,146,231
31758,146,232
31759,146,233
31760,146,234
31761,146,235
31762,146,236
31763,146,237
31764,146,238
31765,146,239
31766,146,240
31767,146,241
31768,146,242
31769,146,243
31770,146,244
31771,146,245
31772,146,246
31773,146,247
31774,146,248
31775,146,249
31776,146,250
31777,146,251
31778,146,252
31779,146,253
31780,146,254
31781,146,255
31782,147,0
31783,147,1
31784,147,2
31785,147,3
31786,147,4
31787,147,5
31788,147,6
31789,147,7
31790,147,8
31791,147,9
31792,147,10
31793,147,11
31794,147,12
31795,147,13
31796,147,14
31797,147,15
31798,147,16
31799,147,17
31800,147,18
31801,147,19
31802,147,20
31803,147,21
31804,147,22
31805,147,23
31806,147,24
31807,147,25
31808,147,26
31809,147,27
31810,147,28
31811,147,29
31812,147,30
31813,147,31
31814,147,32
31815,147,33
31816,147,34
31817,147,35
31818,147,36
31819,147,37
31820,147,38
31821,147,39
31822,147,40
31823,147,41
31824,147,42
31825,147,43
31826,147,44
31827,147,45
31828,147,46
31829,147,47
31830,147,48
31831,147,49
31832,147,50
31833,147,51
31834,147,52
31835,147,53
31836,147,54
31837,147,55
31838,147,56
31839,147,57
31840,147,58
31841,147,59
31842,147,60
31843,147,61
31844,147,62
31845,147,63
31846,147,64
31847,147,65
31848,147,66
31849,147,67
31850,147,68
31851,147,69
31852,147,70
31853,147,71
31854,147,72
31855,147,73
31856,147,74
31857,147,75
31858,147,76
31859,147,77
31860,147,78
31861,147,79
31862,147,80
31863,147,81
31864,147,82
31865,147,83
31866,147,84
31867,147,85
31868,147,86
31869,147,87
31870,147,88
31871,147,89
31872,147,90
31873,147,91
31874,147,92
31875,147,93
31876,147,94
31877,147,95
31878,147,96
31879,147,97
31880,147,98
31881,147,99
31882,147,100
31883,147,101
31884,147,102
31885,147,103
31886,147,104
31887,147,105
31888,147,106
31889,147,107
31890,147,108
31891,147,109
31892,147,110
31893,147,111
31894,147,112
31895,147,113
31896,147,114
31897,147,115
31898,147,116
31899,147,117
31900,147,118
31901,147,119
31902,147,120
31903,147,121
31904,147,122
31905,147,123
31906,147,124
31907,147,125
31908,147,126
31909,147,127
31910,147,128
31911,147,129
31912,147,130
31913,147,131
31914,147,132
31915,147,133
31916,147,134
31917,147,135
31918,147,136
31919,147,137
31920,147,138
31921,147,139
31922,147,140
31923,147,141
31924,147,142
31925,147,143
31926,147,144
31927,147,145
31928,147,146
31929,147,147
31930,147,148
31931,147,149
31932,147,150
31933,147,151
31934,147,152
31935,147,153
31936,147,154
31937,147,155
31938,147,156
31939,147,157
31940,147,158
31941,147,159
31942,147,160
31943,147,161
31944,147,162
31945,147,163
31946,147,164
31947,147,165
31948,147,166
31949,147,167
31950,147,168
31951,147,169
31952,147,170
31953,147,171
31954,147,172
31955,147,173
31956,147,174
31957,147,175
31958,147,176
31959,147,177
31960,147,178
31961,147,179
31962,147,180
31963,147,181
31964,147,182
31965,147,183
31966,147,184
31967,147,185
31968,147,186
31969,147,187
31970,147,188
31971,147,189
31972,147,190
31973,147,191
31974,147,192
31975,147,193
31976,147,194
31977,147,195
31978,147,196
31979,147,197
31980,147,198
31981,147,199
31982,147,200
31983,147,201
31984,147,202
31985,147,203
31986,147,204
31987,147,205
31988,147,206
31989,147,207
31990,147,208
31991,147,209
31992,147,210
31993,147,211
31994,147,212
31995,147,213
31996,147,214
31997,147,215
31998,147,216
31999,147,217
32000,147,218
32001,147,219
32002,147,220
32003,147,221
32004,147,222
32005,147,223
32006,147,224
32007,147,225
32008,147,226
32009,147,227
32010,147,228
32011,147,229
32012,147,230
32013,147,231
32014,147,232
32015,147,233
32016,147,234
32017,147,235
32018,147,236
32019,147,237
32020,147,238
32021,147,239
32022,147,240
32023,147,241
32024,147,242
32025,147,243
32026,147,244
32027,147,245
32028,147,246
32029,147,247
32030,147,248
32031,147,249
32032,147,250
32033,147,251
32034,147,252
32035,147,253
32036,147,254
32037,147,255
32038,148,0
32039,148,1
32040,148,2
32041,148,3
32042,148,4
32043,148,5
32044,148,6
32045,148,7
32046,148,8
32047,148,9
32048,148,10
32049,148,11
32050,148,12
32051,148,13
32052,148,14
32053,148,15
32054,148,16
32055,148,17
32056,148,18
32057,148,19
32058,148,20
32059,148,21
32060,148,22
32061,148,23
32062,148,24
32063,148,25
32064,148,26
32065,148,27
32066,148,28
32067,148,29
32068,148,30
32069,148,31
32070,148,32
32071,148,33
32072,148,34
32073,148,35
32074,148,36
32075,148,37
32076,148,38
32077,148,39
32078,148,40
32079,148,41
32080,148,42
32081,148,43
32082,148,44
32083,148,45
32084,148,46
32085,148,47
32086,148,48
32087,148,49
32088,148,50
32089,148,51
32090,148,52
32091,148,53
32092,148,54
32093,148,55
32094,148,56
32095,148,57
32096,148,58
32097,148,59
32098,148,60
32099,148,61
32100,148,62
32101,148,63
32102,148,64
32103,148,65
32104,148,66
32105,148,67
32106,148,68
32107,148,69
32108,148,70
32109,148,71
32110,148,72
32111,148,73
32112,148,74
32113,148,75
32114,148,76
32115,148,77
32116,148,78
32117,148,79
32118,148,80
32119,148,81
32120,148,82
32121,148,83
32122,148,84
32123,148,85
32124,148,86
32125,148,87
32126,148,88
32127,148,89
32128,148,90
32129,148,91
32130,148,92
32131,148,93
32132,148,94
32133,148,95
32134,148,96
32135,148,97
32136,148,98
32137,148,99
32138,148,100
32139,148,101
32140,148,102
32141,148,103
32142,148,104
32143,148,105
32144,148,106
32145,148,107
32146,148,108
32147,148,109
32148,148,110
32149,148,111
32150,148,112
32151,148,113
32152,148,114
32153,148,115
32154,148,116
32155,148,117
32156,148,118
32157,148,119
32158,148,120
32159,148,121
32160,148,122
32161,148,123
32162,148,124
32163,148,125
32164,148,126
32165,148,127
32166,148,128
32167,148,129
32168,148,130
32169,148,131
32170,148,132
32171,148,133
32172,148,134
32173,148,135
32174,148,136
32175,148,137
32176,148,138
32177,148,139
32178,148,140
32179,148,141
32180,148,142
32181,148,143
32182,148,144
32183,148,145
32184,148,146
32185,148,147
32186,148,148
32187,148,149
32188,148,150
32189,148,151
32190,148,152
32191,148,153
32192,148,154
32193,148,155
32194,148,156
32195,148,157
32196,148,158
32197,148,159
32198,148,160
32199,148,161
32200,148,162
32201,148,163
32202,148,164
32203,148,165
32204,148,166
32205,148,167
32206,148,168
32207,148,169
32208,148,170
32209,148,171
32210,148,172
32211,148,173
32212,148,174
32213,148,175
32214,148,176
32215,148,177
32216,148,178
32217,148,179
32218,148,180
32219,148,181
32220,148,182
32221,148,183
32222,148,184
32223,148,185
32224,148,186
32225,148,187
32226,148,188
32227,148,189
32228,148,190
32229,148,191
32230,148,192
32231,148,193
32232,148,194
32233,148,195
32234,148,196
32235,148,197
32236,148,198
32237,148,199
32238,148,200
32239,148,201
32240,148,202
32241,148,203
32242,148,204
32243,148,205
32244,148,206
32245,148,207
32246,148,208
32247,148,209
32248,148,210
32249,148,211
32250,148,212
32251,148,213
32252,148,214
32253,148,215
32254,148,216
32255,148,217
32256,148,218
32257,148,219
32258,148,220
32259,148,221
32260,148,222
32261,148,223
32262,148,224
32263,148,225
32264,148,226
32265,148,227
32266,148,228
32267,148,229
32268,148,230
32269,148,231
32270,148,232
32271,148,233
32272,148,234
32273,148,235
32274,148,236
32275,148,237
32276,148,238
32277,148,239
32278,148,240
32279,148,241
32280,148,242
32281,148,243
32282,148,244
32283,148,245
32284,148,246
32285,148,247
32286,148,248
32287,148,249
32288,148,250
32289,148,251
32290,148,252
32291,148,253
32292,148,254
32293,148,255
32294,149,0
32295,149,1
32296,149,2
32297,149,3
32298,149,4
32299,149,5
32300,149,6
32301,149,7
32302,149,8
32303,149,9
32304,149,10
32305,149,11
32306,149,12
32307,149,13
32308,149,14
32309,149,15
32310,149,16
32311,149,17
32312,149,18
32313,149,19
32314,149,20
32315,149,21
32316,149,22
32317,149,23
32318,149,24
32319,149,25
32320,149,26
32321,149,27
32322,149,28
32323,149,29
32324,149,30
32325,149,31
32326,149,32
32327,149,33
32328,149,34
32329,149,35
32330,149,36
32331,149,37
32332,149,38
32333,149,39
32334,149,40
32335,149,41
32336,149,42
32337,149,43
32338,149,44
32339,149,45
32340,149,46
32341,149,47
32342,149,48
32343,149,49
32344,149,50
32345,149,51
32346,149,52
32347,149,53
32348,149,54
32349,149,55
32350,149,56
32351,149,57
32352,149,58
32353,149,59
32354,149,60
32355,149,61
32356,149,62
32357,149,63
32358,149,64
32359,149,65
32360,149,66
32361,149,67
32362,149,68
32363,149,69
32364,149,70
32365,149,71
32366,149,72
32367,149,73
32368,149,74
32369,149,75
32370,149,76
32371,149,77
32372,149,78
32373,149,79
32374,149,80
32375,149,81
32376,149,82
32377,149,83
32378,149,84
32379,149,85
32380,149,86
32381,149,87
32382,149,88
32383,149,89
32384,149,90
32385,149,91
32386,149,92
32387,149,93
32388,149,94
32389,149,95
32390,149,96
32391,149,97
32392,149,98
32393,149,99
32394,149,100
32395,149,101
32396,149,102
32397,149,103
32398,149,104
32399,149,105
32400,149,106
32401,149,107
32402,149,108
32403,149,109
32404,149,110
32405,149,111
32406,149,112
32407,149,113
32408,149,114
32409,149,115
32410,149,116
32411,149,117
32412,149,118
32413,149,119
32414,149,120
32415,149,121
32416,149,122
32417,149,123
32418,149,124
32419,149,125
32420,149,126
32421,149,127
32422,149,128
32423,149,129
32424,149,130
32425,149,131
32426,149,132
32427,149,133
32428,149,134
32429,149,135
32430,149,136
32431,149,137
32432,149,138
32433,149,139
32434,149,140
32435,149,141
32436,149,142
32437,149,143
32438,149,144
32439,149,145
32440,149,146
32441,149,147
32442,149,148
32443,149,149
32444,149,150
32445,149,151
32446,149,152
32447,149,153
32448,149,154
32449,149,155
32450,149,156
32451,149,157
32452,149,158
32453,149,159
32454,149,160
32455,149,161
32456,149,162
32457,149,163
32458,149,164
32459,149,165
32460,149,166
32461,149,167
32462,149,168
32463,149,169
32464,149,170
32465,149,171
32466,149,172
32467,149,173
32468,149,174
32469,149,175
32470,149,176
32471,149,177
32472,149,178
32473,149,179
32474,149,180
32475,149,181
32476,149,182
32477,149,183
32478,149,184
32479,149,185
32480,149,186
32481,149,187
32482,149,188
32483,149,189
32484,149,190
32485,149,191
32486,149,192
32487,149,193
32488,149,194
32489,149,195
32490,149,196
32491,149,197
32492,149,198
32493,149,199
32494,149,200
32495,149,201
32496,149,202
32497,149,203
32498,149,204
32499,149,205
32500,149,206
32501,149,207
32502,149,208
32503,149,209
32504,149,210
32505,149,211
32506,149,212
32507,149,213
32508,149,214
32509,149,215
32510,149,216
32511,149,217
32512,149,218
32513,149,219
32514,149,220
32515,149,221
32516,149,222
32517,149,223
32518,149,224
32519,149,225
32520,149,226
32521,149,227
32522,149,228
32523,149,229
32524,149,230
32525,149,231
32526,149,232
32527,149,233
32528,149,234
32529,149,235
32530,149,236
32531,149,237
32532,149,238
32533,149,239
32534,149,240
32535,149,241
32536,149,242
32537,149,243
32538,149,244
32539,149,245
32540,149,246
32541,149,247
32542,149,248
32543,149,249
32544,149,250
32545,149,251
32546,149,252
32547,149,253
32548,149,254
32549,149,255
32550,150,0
32551,150,1
32552,150,2
32553,150,3
32554,150,4
32555,150,5
32556,150,6
32557,150,7
32558,150,8
32559,150,9
32560,150,10
32561,150,11
32562,150,12
32563,150,13
32564,150,14
32565,150,15
32566,150,16
32567,150,17
32568,150,18
32569,150,19
32570,150,20
32571,150,21
32572,150,22
32573,150,23
32574,150,24
32575,150,25
32576,150,26
32577,150,27
32578,150,28
32579,150,29
32580,150,30
32581,150,31
32582,150,32
32583,150,33
32584,150,34
32585,150,35
32586,150,36
32587,150,37
32588,150,38
32589,150,39
32590,150,40
32591,150,41
32592,150,42
32593,150,43
32594,150,44
32595,150,45
32596,150,46
32597,150,47
32598,150,48
32599,150,49
32600,150,50
32601,150,51
32602,150,52
32603,150,53
32604,150,54
32605,150,55
32606,150,56
32607,150,57
32608,150,58
32609,150,59
32610,150,60
32611,150,61
32612,150,62
32613,150,63
32614,150,64
32615,150,65
32616,150,66
32617,150,67
32618,150,68
32619,150,69
32620,150,70
32621,150,71
32622,150,72
32623,150,73
32624,150,74
32625,150,75
32626,150,76
32627,150,77
32628,150,78
32629,150,79
32630,150,80
32631,150,81
32632,150,82
32633,150,83
32634,150,84
32635,150,85
32636,150,86
32637,150,87
32638,150,88
32639,150,89
32640,150,90
32641,150,91
32642,150,92
32643,150,93
32644,150,94
32645,150,95
32646,150,96
32647,150,97
32648,150,98
32649,150,99
32650,150,100
32651,150,101
32652,150,102
32653,150,103
32654,150,104
32655,150,105
32656,150,106
32657,150,107
32658,150,108
32659,150,109
32660,150,110
32661,150,111
32662,150,112
32663,150,113
32664,150,114
32665,150,115
32666,150,116
32667,150,117
32668,150,118
32669,150,119
32670,150,120
32671,150,121
32672,150,122
32673,150,123
32674,150,124
32675,150,125
32676,150,126
32677,150,127
32678,150,128
32679,150,129
32680,150,130
32681,150,131
32682,150,132
32683,150,133
32684,150,134
32685,150,135
32686,150,136
32687,150,137
32688,150,138
32689,150,139
32690,150,140
32691,150,141
32692,150,142
32693,150,143
32694,150,144
32695,150,145
32696,150,146
32697,150,147
32698,150,148
32699,150,149
32700,150,150
32701,150,151
32702,150,152
32703,150,153
32704,150,154
32705,150,155
32706,150,156
32707,150,157
32708,150,158
32709,150,159
32710,150,160
32711,150,161
32712,150,162
32713,150,163
32714,150,164
32715,150,165
32716,150,166
32717,150,167
32718,150,168
32719,150,169
32720,150,170
32721,150,171
32722,150,172
32723,150,173
32724,150,174
32725,150,175
32726,150,176
32727,150,177
32728,150,178
32729,150,179
32730,150,180
32731,150,181
32732,150,182
32733,150,183
32734,150,184
32735,150,185
32736,150,186
32737,150,187
32738,150,188
32739,150,189
32740,150,190
32741,150,191
32742,150,192
32743,150,193
32744,150,194
32745,150,195
32746,150,196
32747,150,197
32748,150,198
32749,150,199
32750,150,200
32751,150,201
32752,150,202
32753,150,203
32754,150,204
32755,150,205
32756,150,206
32757,150,207
32758,150,208
32759,150,209
32760,150,210
32761,150,211
32762,150,212
32763,150,213
32764,150,214
32765,150,215
32766,150,216
32767,150,217
32768,150,218
32769,150,219
32770,150,220
32771,150,221
32772,150,222
32773,150,223
32774,150,224
32775,150,225
32776,150,226
32777,150,227
32778,150,228
32779,150,229
32780,150,230
32781,150,231
32782,150,232
32783,150,233
32784,150,234
32785,150,235
32786,150,236
32787,150,237
32788,150,238
32789,150,239
32790,150,240
32791,150,241
32792,150,242
32793,150,243
32794,150,244
32795,150,245
32796,150,246
32797,150,247
32798,150,248
32799,150,249
32800,150,250
32801,150,251
32802,150,252
32803,150,253
32804,150,254
32805,150,255
32806,151,0
32807,151,1
32808,151,2
32809,151,3
32810,151,4
32811,151,5
32812,151,6
32813,151,7
32814,151,8
32815,151,9
32816,151,10
32817,151,11
32818,151,12
32819,151,13
32820,151,14
32821,151,15
32822,151,16
32823,151,17
32824,151,18
32825,151,19
32826,151,20
32827,151,21
32828,151,22
32829,151,23
32830,151,24
32831,151,25
32832,151,26
32833,151,27
32834,151,28
32835,151,29
32836,151,30
32837,151,31
32838,151,32
32839,151,33
32840,151,34
32841,151,35
32842,151,36
32843,151,37
32844,151,38
32845,151,39
32846,151,40
32847,151,41
32848,151,42
32849,151,43
32850,151,44
32851,151,45
32852,151,46
32853,151,47
32854,151,48
32855,151,49
32856,151,50
32857,151,51
32858,151,52
32859,151,53
32860,151,54
32861,151,55
32862,151,56
32863,151,57
32864,151,58
32865,151,59
32866,151,60
32867,151,61
32868,151,62
32869,151,63
32870,151,64
32871,151,65
32872,151,66
32873,151,67
32874,151,68
32875,151,69
32876,151,70
32877,151,71
32878,151,72
32879,151,73
32880,151,74
32881,151,75
32882,151,76
32883,151,77
32884,151,78
32885,151,79
32886,151,80
32887,151,81
32888,151,82
32889,151,83
32890,151,84
32891,151,85
32892,151,86
32893,151,87
32894,151,88
32895,151,89
32896,151,90
32897,151,91
32898,151,92
32899,151,93
32900,151,94
32901,151,95
32902,151,96
32903,151,97
32904,151,98
32905,151,99
32906,151,100
32907,151,101
32908,151,102
32909,151,103
32910,151,104
32911,151,105
32912,151,106
32913,151,107
32914,151,108
32915,151,109
32916,151,110
32917,151,111
32918,151,112
32919,151,113
32920,151,114
32921,151,115
32922,151,116
32923,151,117
32924,151,118
32925,151,119
32926,151,120
32927,151,121
32928,151,122
32929,151,123
32930,151,124
32931,151,125
32932,151,126
32933,151,127
32934,151,128
32935,151,129
32936,151,130
32937,151,131
32938,151,132
32939,151,133
32940,151,134
32941,151,135
32942,151,136
32943,151,137
32944,151,138
32945,151,139
32946,151,140
32947,151,141
32948,151,142
32949,151,143
32950,151,144
32951,151,145
32952,151,146
32953,151,147
32954,151,148
32955,151,149
32956,151,150
32957,151,151
32958,151,152
32959,151,153
32960,151,154
32961,151,155
32962,151,156
32963,151,157
32964,151,158
32965,151,159
32966,151,160
32967,151,161
32968,151,162
32969,151,163
32970,151,164
32971,151,165
32972,151,166
32973,151,167
32974,151,168
32975,151,169
32976,151,170
32977,151,171
32978,151,172
32979,151,173
32980,151,174
32981,151,175
32982,151,176
32983,151,177
32984,151,178
32985,151,179
32986,151,180
32987,151,181
32988,151,182
32989,151,183
32990,151,184
32991,151,185
32992,151,186
32993,151,187
32994,151,188
32995,151,189
32996,151,190
32997,151,191
32998,151,192
32999,151,193
33000,151,194
33001,151,195
33002,151,196
33003,151,197
33004,151,198
33005,151,199
33006,151,200
33007,151,201
33008,151,202
33009,151,203
33010,151,204
33011,151,205
33012,151,206
33013,151,207
33014,151,208
33015,151,209
33016,151,210
33017,151,211
33018,151,212
33019,151,213
33020,151,214
33021,151,215
33022,151,216
33023,151,217
33024,151,218
33025,151,219
33026,151,220
33027,151,221
33028,151,222
33029,151,223
33030,151,224
33031,151,225
33032,151,226
33033,151,227
33034,151,228
33035,151,229
33036,151,230
33037,151,231
33038,151,232
33039,151,233
33040,151,234
33041,151,235
33042,151,236
33043,151,237
33044,151,238
33045,151,239
33046,151,240
33047,151,241
33048,151,242
33049,151,243
33050,151,244
33051,151,245
33052,151,246
33053,151,247
33054,151,248
33055,151,249
33056,151,250
33057,151,251
33058,151,252
33059,151,253
33060,151,254
33061,151,255
33062,152,0
33063,152,1
33064,152,2
33065,152,3
33066,152,4
33067,152,5
33068,152,6
33069,152,7
33070,152,8
33071,152,9
33072,152,10
33073,152,11
33074,152,12
33075,152,13
33076,152,14
33077,152,15
33078,152,16
33079,152,17
33080,152,18
33081,152,19
33082,152,20
33083,152,21
33084,152,22
33085,152,23
33086,152,24
33087,152,25
33088,152,26
33089,152,27
33090,152,28
33091,152,29
33092,152,30
33093,152,31
33094,152,32
33095,152,33
33096,152,34
33097,152,35
33098,152,36
33099,152,37
33100,152,38
33101,152,39
33102,152,40
33103,152,41
33104,152,42
33105,152,43
33106,152,44
33107,152,45
33108,152,46
33109,152,47
33110,152,48
33111,152,49
33112,152,50
33113,152,51
33114,152,52
33115,152,53
33116,152,54
33117,152,55
33118,152,56
33119,152,57
33120,152,58
33121,152,59
33122,152,60
33123,152,61
33124,152,62
33125,152,63
33126,152,64
33127,152,65
33128,152,66
33129,152,67
33130,152,68
33131,152,69
33132,152,70
33133,152,71
33134,152,72
33135,152,73
33136,152,74
33137,152,75
33138,152,76
33139,152,77
33140,152,78
33141,152,79
33142,152,80
33143,152,81
33144,152,82
33145,152,83
33146,152,84
33147,152,85
33148,152,86
33149,152,87
33150,152,88
33151,152,89
33152,152,90
33153,152,91
33154,152,92
33155,152,93
33156,152,94
33157,152,95
33158,152,96
33159,152,97
33160,152,98
33161,152,99
33162,152,100
33163,152,101
33164,152,102
33165,152,103
33166,152,104
33167,152,105
33168,152,106
33169,152,107
33170,152,108
33171,152,109
33172,152,110
33173,152,111
33174,152,112
33175,152,113
33176,152,114
33177,152,115
33178,152,116
33179,152,117
33180,152,118
33181,152,119
33182,152,120
33183,152,121
33184,152,122
33185,152,123
33186,152,124
33187,152,125
33188,152,126
33189,152,127
33190,152,128
33191,152,129
33192,152,130
33193,152,131
33194,152,132
33195,152,133
33196,152,134
33197,152,135
33198,152,136
33199,152,137
33200,152,138
33201,152,139
33202,152,140
33203,152,141
33204,152,142
33205,152,143
33206,152,144
33207,152,145
33208,152,146
33209,152,147
33210,152,148
33211,152,149
33212,152,150
33213,152,151
33214,152,152
33215,152,153
33216,152,154
33217,152,155
33218,152,156
33219,152,157
33220,152,158
33221,152,159
33222,152,160
33223,152,161
33224,152,162
33225,152,163
33226,152,164
33227,152,165
33228,152,166
33229,152,167
33230,152,168
33231,152,169
33232,152,170
33233,152,171
33234,152,172
33235,152,173
33236,152,174
33237,152,175
33238,152,176
33239,152,177
33240,152,178
33241,152,179
33242,152,180
33243,152,181
33244,152,182
33245,152,183
33246,152,184
33247,152,185
33248,152,186
33249,152,187
33250,152,188
33251,152,189
33252,152,190
33253,152,191
33254,152,192
33255,152,193
33256,152,194
33257,152,195
33258,152,196
33259,152,197
33260,152,198
33261,152,199
33262,152,200
33263,152,201
33264,152,202
33265,152,203
33266,152,204
33267,152,205
33268,152,206
33269,152,207
33270,152,208
33271,152,209
33272,152,210
33273,152,211
33274,152,212
33275,152,213
33276,152,214
33277,152,215
33278,152,216
33279,152,217
33280,152,218
33281,152,219
33282,152,220
33283,152,221
33284,152,222
33285,152,223
33286,152,224
33287,152,225
33288,152,226
33289,152,227
33290,152,228
33291,152,229
33292,152,230
33293,152,231
33294,152,232
33295,152,233
33296,152,234
33297,152,235
33298,152,236
33299,152,237
33300,152,238
33301,152,239
33302,152,240
33303,152,241
33304,152,242
33305,152,243
33306,152,244
33307,152,245
33308,152,246
33309,152,247
33310,152,248
33311,152,249
33312,152,250
33313,152,251
33314,152,252
33315,152,253
33316,152,254
33317,152,255
33318,153,0
33319,153,1
33320,153,2
33321,153,3
33322,153,4
33323,153,5
33324,153,6
33325,153,7
33326,153,8
33327,153,9
33328,153,10
33329,153,11
33330,153,12
33331,153,13
33332,153,14
33333,153,15
33334,153,16
33335,153,17
33336,153,18
33337,153,19
33338,153,20
33339,153,21
33340,153,22
33341,153,23
33342,153,24
33343,153,25
33344,153,26
33345,153,27
33346,153,28
33347,153,29
33348,153,30
33349,153,31
33350,153,32
33351,153,33
33352,153,34
33353,153,35
33354,153,36
33355,153,37
33356,153,38
33357,153,39
33358,153,40
33359,153,41
33360,153,42
33361,153,43
33362,153,44
33363,153,45
33364,153,46
33365,153,47
33366,153,48
33367,153,49
33368,153,50
33369,153,51
33370,153,52
33371,153,53
33372,153,54
33373,153,55
33374,153,56
33375,153,57
33376,153,58
33377,153,59
33378,153,60
33379,153,61
33380,153,62
33381,153,63
33382,153,64
33383,153,65
33384,153,66
33385,153,67
33386,153,68
33387,153,69
33388,153,70
33389,153,71
33390,153,72
33391,153,73
33392,153,74
33393,153,75
33394,153,76
33395,153,77
33396,153,78
33397,153,79
33398,153,80
33399,153,81
33400,153,82
33401,153,83
33402,153,84
33403,153,85
33404,153,86
33405,153,87
33406,153,88
33407,153,89
33408,153,90
33409,153,91
33410,153,92
33411,153,93
33412,153,94
33413,153,95
33414,153,96
33415,153,97
33416,153,98
33417,153,99
33418,153,100
33419,153,101
33420,153,102
33421,153,103
33422,153,104
33423,153,105
33424,153,106
33425,153,107
33426,153,108
33427,153,109
33428,153,110
33429,153,111
33430,153,112
33431,153,113
33432,153,114
33433,153,115
33434,153,116
33435,153,117
33436,153,118
33437,153,119
33438,153,120
33439,153,121
33440,153,122
33441,153,123
33442,153,124
33443,153,125
33444,153,126
33445,153,127
33446,153,128
33447,153,129
33448,153,130
33449,153,131
33450,153,132
33451,153,133
33452,153,134
33453,153,135
33454,153,136
33455,153,137
33456,153,138
33457,153,139
33458,153,140
33459,153,141
33460,153,142
33461,153,143
33462,153,144
33463,153,145
33464,153,146
33465,153,147
33466,153,148
33467,153,149
33468,153,150
33469,153,151
33470,153,152
33471,153,153
33472,153,154
33473,153,155
33474,153,156
33475,153,157
33476,153,158
33477,153,159
33478,153,160
33479,153,161
33480,153,162
33481,153,163
33482,153,164
33483,153,165
33484,153,166
33485,153,167
33486,153,168
33487,153,169
33488,153,170
33489,153,171
33490,153,172
33491,153,173
33492,153,174
33493,153,175
33494,153,176
33495,153,177
33496,153,178
33497,153,179
33498,153,180
33499,153,181
33500,153,182
33501,153,183
33502,153,184
33503,153,185
33504,153,186
33505,153,187
33506,153,188
33507,153,189
33508,153,190
33509,153,191
33510,153,192
33511,153,193
33512,153,194
33513,153,195
33514,153,196
33515,153,197
33516,153,198
33517,153,199
33518,153,200
33519,153,201
33520,153,202
33521,153,203
33522,153,204
33523,153,205
33524,153,206
33525,153,207
33526,153,208
33527,153,209
33528,153,210
33529,153,211
33530,153,212
33531,153,213
33532,153,214
33533,153,215
33534,153,216
33535,153,217
33536,153,218
33537,153,219
33538,153,220
33539,153,221
33540,153,222
33541,153,223
33542,153,224
33543,153,225
33544,153,226
33545,153,227
33546,153,228
33547,153,229
33548,153,230
33549,153,231
33550,153,232
33551,153,233
33552,153,234
33553,153,235
33554,153,236
33555,153,237
33556,153,238
33557,153,239
33558,153,240
33559,153,241
33560,153,242
33561,153,243
33562,153,244
33563,153,245
33564,153,246
33565,153,247
33566,153,248
33567,153,249
33568,153,250
33569,153,251
33570,153,252
33571,153,253
33572,153,254
33573,153,255
33574,154,0
33575,154,1
33576,154,2
33577,154,3
33578,154,4
33579,154,5
33580,154,6
33581,154,7
33582,154,8
33583,154,9
33584,154,10
33585,154,11
33586,154,12
33587,154,13
33588,154,14
33589,154,15
33590,154,16
33591,154,17
33592,154,18
33593,154,19
33594,154,20
33595,154,21
33596,154,22
33597,154,23
33598,154,24
33599,154,25
33600,154,26
33601,154,27
33602,154,28
33603,154,29
33604,154,30
33605,154,31
33606,154,32
33607,154,33
33608,154,34
33609,154,35
33610,154,36
33611,154,37
33612,154,38
33613,154,39
33614,154,40
33615,154,41
33616,154,42
33617,154,43
33618,154,44
33619,154,45
33620,154,46
33621,154,47
33622,154,48
33623,154,49
33624,154,50
33625,154,51
33626,154,52
33627,154,53
33628,154,54
33629,154,55
33630,154,56
33631,154,57
33632,154,58
33633,154,59
33634,154,60
33635,154,61
33636,154,62
33637,154,63
33638,154,64
33639,154,65
33640,154,66
33641,154,67
33642,154,68
33643,154,69
33644,154,70
33645,154,71
33646,154,72
33647,154,73
33648,154,74
33649,154,75
33650,154,76
33651,154,77
33652,154,78
33653,154,79
33654,154,80
33655,154,81
33656,154,82
33657,154,83
33658,154,84
33659,154,85
33660,154,86
33661,154,87
33662,154,88
33663,154,89
33664,154,90
33665,154,91
33666,154,92
33667,154,93
33668,154,94
33669,154,95
33670,154,96
33671,154,97
33672,154,98
33673,154,99
33674,154,100
33675,154,101
33676,154,102
33677,154,103
33678,154,104
33679,154,105
33680,154,106
33681,154,107
33682,154,108
33683,154,109
33684,154,110
33685,154,111
33686,154,112
33687,154,113
33688,154,114
33689,154,115
33690,154,116
33691,154,117
33692,154,118
33693,154,119
33694,154,120
33695,154,121
33696,154,122
33697,154,123
33698,154,124
33699,154,125
33700,154,126
33701,154,127
33702,154,128
33703,154,129
33704,154,130
33705,154,131
33706,154,132
33707,154,133
33708,154,134
33709,154,135
33710,154,136
33711,154,137
33712,154,138
33713,154,139
33714,154,140
33715,154,141
33716,154,142
33717,154,143
33718,154,144
33719,154,145
33720,154,146
33721,154,147
33722,154,148
33723,154,149
33724,154,150
33725,154,151
33726,154,152
33727,154,153
33728,154,154
33729,154,155
33730,154,156
33731,154,157
33732,154,158
33733,154,159
33734,154,160
33735,154,161
33736,154,162
33737,154,163
33738,154,164
33739,154,165
33740,154,166
33741,154,167
33742,154,168
33743,154,169
33744,154,170
33745,154,171
33746,154,172
33747,154,173
33748,154,174
33749,154,175
33750,154,176
33751,154,177
33752,154,178
33753,154,179
33754,154,180
33755,154,181
33756,154,182
33757,154,183
33758,154,184
33759,154,185
33760,154,186
33761,154,187
33762,154,188
33763,154,189
33764,154,190
33765,154,191
33766,154,192
33767,154,193
33768,154,194
33769,154,195
33770,154,196
33771,154,197
33772,154,198
33773,154,199
33774,154,200
33775,154,201
33776,154,202
33777,154,203
33778,154,204
33779,154,205
33780,154,206
33781,154,207
33782,154,208
33783,154,209
33784,154,210
33785,154,211
33786,154,212
33787,154,213
33788,154,214
33789,154,215
33790,154,216
33791,154,217
33792,154,218
33793,154,219
33794,154,220
33795,154,221
33796,154,222
33797,154,223
33798,154,224
33799,154,225
33800,154,226
33801,154,227
33802,154,228
33803,154,229
33804,154,230
33805,154,231
33806,154,232
33807,154,233
33808,154,234
33809,154,235
33810,154,236
33811,154,237
33812,154,238
33813,154,239
33814,154,240
33815,154,241
33816,154,242
33817,154,243
33818,154,244
33819,154,245
33820,154,246
33821,154,247
33822,154,248
33823,154,249
33824,154,250
33825,154,251
33826,154,252
33827,154,253
33828,154,254
33829,154,255
33830,155,0
33831,155,1
33832,155,2
33833,155,3
33834,155,4
33835,155,5
33836,155,6
33837,155,7
33838,155,8
33839,155,9
33840,155,10
33841,155,11
33842,155,12
33843,155,13
33844,155,14
33845,155,15
33846,155,16
33847,155,17
33848,155,18
33849,155,19
33850,155,20
33851,155,21
33852,155,22
33853,155,23
33854,155,24
33855,155,25
33856,155,26
33857,155,27
33858,155,28
33859,155,29
33860,155,30
33861,155,31
33862,155,32
33863,155,33
33864,155,34
33865,155,35
33866,155,36
33867,155,37
33868,155,38
33869,155,39
33870,155,40
33871,155,41
33872,155,42
33873,155,43
33874,155,44
33875,155,45
33876,155,46
33877,155,47
33878,155,48
33879,155,49
33880,155,50
33881,155,51
33882,155,52
33883,155,53
33884,155,54
33885,155,55
33886,155,56
33887,155,57
33888,155,58
33889,155,59
33890,155,60
33891,155,61
33892,155,62
33893,155,63
33894,155,64
33895,155,65
33896,155,66
33897,155,67
33898,155,68
33899,155,69
33900,155,70
33901,155,71
33902,155,72
33903,155,73
33904,155,74
33905,155,75
33906,155,76
33907,155,77
33908,155,78
33909,155,79
33910,155,80
33911,155,81
33912,155,82
33913,155,83
33914,155,84
33915,155,85
33916,155,86
33917,155,87
33918,155,88
33919,155,89
33920,155,90
33921,155,91
33922,155,92
33923,155,93
33924,155,94
33925,155,95
33926,155,96
33927,155,97
33928,155,98
33929,155,99
33930,155,100
33931,155,101
33932,155,102
33933,155,103
33934,155,104
33935,155,105
33936,155,106
33937,155,107
33938,155,108
33939,155,109
33940,155,110
33941,155,111
33942,155,112
33943,155,113
33944,155,114
33945,155,115
33946,155,116
33947,155,117
33948,155,118
33949,155,119
33950,155,120
33951,155,121
33952,155,122
33953,155,123
33954,155,124
33955,155,125
33956,155,126
33957,155,127
33958,155,128
33959,155,129
33960,155,130
33961,155,131
33962,155,132
33963,155,133
33964,155,134
33965,155,135
33966,155,136
33967,155,137
33968,155,138
33969,155,139
33970,155,140
33971,155,141
33972,155,142
33973,155,143
33974,155,144
33975,155,145
33976,155,146
33977,155,147
33978,155,148
33979,155,149
33980,155,150
33981,155,151
33982,155,152
33983,155,153
33984,155,154
33985,155,155
33986,155,156
33987,155,157
33988,155,158
33989,155,159
33990,155,160
33991,155,161
33992,155,162
33993,155,163
33994,155,164
33995,155,165
33996,155,166
33997,155,167
33998,155,168
33999,155,169
34000,155,170
34001,155,171
34002,155,172
34003,155,173
34004,155,174
34005,155,175
34006,155,176
34007,155,177
34008,155,178
34009,155,179
34010,155,180
34011,155,181
34012,155,182
34013,155,183
34014,155,184
34015,155,185
34016,155,186
34017,155,187
34018,155,188
34019,155,189
34020,155,190
34021,155,191
34022,155,192
34023,155,193
34024,155,194
34025,155,195
34026,155,196
34027,155,197
34028,155,198
34029,155,199
34030,155,200
34031,155,201
34032,155,202
34033,155,203
34034,155,204
34035,155,205
34036,155,206
34037,155,207
34038,155,208
34039,155,209
34040,155,210
34041,155,211
34042,155,212
34043,155,213
34044,155,214
34045,155,215
34046,155,216
34047,155,217
34048,155,218
34049,155,219
34050,155,220
34051,155,221
34052,155,222
34053,155,223
34054,155,224
34055,155,225
34056,155,226
34057,155,227
34058,155,228
34059,155,229
34060,155,230
34061,155,231
34062,155,232
34063,155,233
34064,155,234
34065,155,235
34066,155,236
34067,155,237
34068,155,238
34069,155,239
34070,155,240
34071,155,241
34072,155,242
34073,155,243
34074,155,244
34075,155,245
34076,155,246
34077,155,247
34078,155,248
34079,155,249
34080,155,250
34081,155,251
34082,155,252
34083,155,253
34084,155,254
34085,155,255
34086,156,0
34087,156,1
34088,156,2
34089,156,3
34090,156,4
34091,156,5
34092,156,6
34093,156,7
34094,156,8
34095,156,9
34096,156,10
34097,156,11
34098,156,12
34099,156,13
34100,156,14
34101,156,15
34102,156,16
34103,156,17
34104,156,18
34105,156,19
34106,156,20
34107,156,21
34108,156,22
34109,156,23
34110,156,24
34111,156,25
34112,156,26
34113,156,27
34114,156,28
34115,156,29
34116,156,30
34117,156,31
34118,156,32
34119,156,33
34120,156,34
34121,156,35
34122,156,36
34123,156,37
34124,156,38
34125,156,39
34126,156,40
34127,156,41
34128,156,42
34129,156,43
34130,156,44
34131,156,45
34132,156,46
34133,156,47
34134,156,48
34135,156,49
34136,156,50
34137,156,51
34138,156,52
34139,156,53
34140,156,54
34141,156,55
34142,156,56
34143,156,57
34144,156,58
34145,156,59
34146,156,60
34147,156,61
34148,156,62
34149,156,63
34150,156,64
34151,156,65
34152,156,66
34153,156,67
34154,156,68
34155,156,69
34156,156,70
34157,156,71
34158,156,72
34159,156,73
34160,156,74
34161,156,75
34162,156,76
34163,156,77
34164,156,78
34165,156,79
34166,156,80
34167,156,81
34168,156,82
34169,156,83
34170,156,84
34171,156,85
34172,156,86
34173,156,87
34174,156,88
34175,156,89
34176,156,90
34177,156,91
34178,156,92
34179,156,93
34180,156,94
34181,156,95
34182,156,96
34183,156,97
34184,156,98
34185,156,99
34186,156,100
34187,156,101
34188,156,102
34189,156,103
34190,156,104
34191,156,105
34192,156,106
34193,156,107
34194,156,108
34195,156,109
34196,156,110
34197,156,111
34198,156,112
34199,156,113
34200,156,114
34201,156,115
34202,156,116
34203,156,117
34204,156,118
34205,156,119
34206,156,120
34207,156,121
34208,156,122
34209,156,123
34210,156,124
34211,156,125
34212,156,126
34213,156,127
34214,156,128
34215,156,129
34216,156,130
34217,156,131
34218,156,132
34219,156,133
34220,156,134
34221,156,135
34222,156,136
34223,156,137
34224,156,138
34225,156,139
34226,156,140
34227,156,141
34228,156,142
34229,156,143
34230,156,144
34231,156,145
34232,156,146
34233,156,147
34234,156,148
34235,156,149
34236,156,150
34237,156,151
34238,156,152
34239,156,153
34240,156,154
34241,156,155
34242,156,156
34243,156,157
34244,156,158
34245,156,159
34246,156,160
34247,156,161
34248,156,162
34249,156,163
34250,156,164
34251,156,165
34252,156,166
34253,156,167
34254,156,168
34255,156,169
34256,156,170
34257,156,171
34258,156,172
34259,156,173
34260,156,174
34261,156,175
34262,156,176
34263,156,177
34264,156,178
34265,156,179
34266,156,180
34267,156,181
34268,156,182
34269,156,183
34270,156,184
34271,156,185
34272,156,186
34273,156,187
34274,156,188
34275,156,189
34276,156,190
34277,156,191
34278,156,192
34279,156,193
34280,156,194
34281,156,195
34282,156,196
34283,156,197
34284,156,198
34285,156,199
34286,156,200
34287,156,201
34288,156,202
34289,156,203
34290,156,204
34291,156,205
34292,156,206
34293,156,207
34294,156,208
34295,156,209
34296,156,210
34297,156,211
34298,156,212
34299,156,213
34300,156,214
34301,156,215
34302,156,216
34303,156,217
34304,156,218
34305,156,219
34306,156,220
34307,156,221
34308,156,222
34309,156,223
34310,156,224
34311,156,225
34312,156,226
34313,156,227
34314,156,228
34315,156,229
34316,156,230
34317,156,231
34318,156,232
34319,156,233
34320,156,234
34321,156,235
34322,156,236
34323,156,237
34324,156,238
34325,156,239
34326,156,240
34327,156,241
34328,156,242
34329,156,243
34330,156,244
34331,156,245
34332,156,246
34333,156,247
34334,156,248
34335,156,249
34336,156,250
34337,156,251
34338,156,252
34339,156,253
34340,156,254
34341,156,255
34342,157,0
34343,157,1
34344,157,2
34345,157,3
34346,157,4
34347,157,5
34348,157,6
34349,157,7
34350,157,8
34351,157,9
34352,157,10
34353,157,11
34354,157,12
34355,157,13
34356,157,14
34357,157,15
34358,157,16
34359,157,17
34360,157,18
34361,157,19
34362,157,20
34363,157,21
34364,157,22
34365,157,23
34366,157,24
34367,157,25
34368,157,26
34369,157,27
34370,157,28
34371,157,29
34372,157,30
34373,157,31
34374,157,32
34375,157,33
34376,157,34
34377,157,35
34378,157,36
34379,157,37
34380,157,38
34381,157,39
34382,157,40
34383,157,41
34384,157,42
34385,157,43
34386,157,44
34387,157,45
34388,157,46
34389,157,47
34390,157,48
34391,157,49
34392,157,50
34393,157,51
34394,157,52
34395,157,53
34396,157,54
34397,157,55
34398,157,56
34399,157,57
34400,157,58
34401,157,59
34402,157,60
34403,157,61
34404,157,62
34405,157,63
34406,157,64
34407,157,65
34408,157,66
34409,157,67
34410,157,68
34411,157,69
34412,157,70
34413,157,71
34414,157,72
34415,157,73
34416,157,74
34417,157,75
34418,157,76
34419,157,77
34420,157,78
34421,157,79
34422,157,80
34423,157,81
34424,157,82
34425,157,83
34426,157,84
34427,157,85
34428,157,86
34429,157,87
34430,157,88
34431,157,89
34432,157,90
34433,157,91
34434,157,92
34435,157,93
34436,157,94
34437,157,95
34438,157,96
34439,157,97
34440,157,98
34441,157,99
34442,157,100
34443,157,101
34444,157,102
34445,157,103
34446,157,104
34447,157,105
34448,157,106
34449,157,107
34450,157,108
34451,157,109
34452,157,110
34453,157,111
34454,157,112
34455,157,113
34456,157,114
34457,157,115
34458,157,116
34459,157,117
34460,157,118
34461,157,119
34462,157,120
34463,157,121
34464,157,122
34465,157,123
34466,157,124
34467,157,125
34468,157,126
34469,157,127
34470,157,128
34471,157,129
34472,157,130
34473,157,131
34474,157,132
34475,157,133
34476,157,134
34477,157,135
34478,157,136
34479,157,137
34480,157,138
34481,157,139
34482,157,140
34483,157,141
34484,157,142
34485,157,143
34486,157,144
34487,157,145
34488,157,146
34489,157,147
34490,157,148
34491,157,149
34492,157,150
34493,157,151
34494,157,152
34495,157,153
34496,157,154
34497,157,155
34498,157,156
34499,157,157
34500,157,158
34501,157,159
34502,157,160
34503,157,161
34504,157,162
34505,157,163
34506,157,164
34507,157,165
34508,157,166
34509,157,167
34510,157,168
34511,157,169
34512,157,170
34513,157,171
34514,157,172
34515,157,173
34516,157,174
34517,157,175
34518,157,176
34519,157,177
34520,157,178
34521,157,179
34522,157,180
34523,157,181
34524,157,182
34525,157,183
34526,157,184
34527,157,185
34528,157,186
34529,157,187
34530,157,188
34531,157,189
34532,157,190
34533,157,191
34534,157,192
34535,157,193
34536,157,194
34537,157,195
34538,157,196
34539,157,197
34540,157,198
34541,157,199
34542,157,200
34543,157,201
34544,157,202
34545,157,203
34546,157,204
34547,157,205
34548,157,206
34549,157,207
34550,157,208
34551,157,209
34552,157,210
34553,157,211
34554,157,212
34555,157,213
34556,157,214
34557,157,215
34558,157,216
34559,157,217
34560,157,218
34561,157,219
34562,157,220
34563,157,221
34564,157,222
34565,157,223
34566,157,224
34567,157,225
34568,157,226
34569,157,227
34570,157,228
34571,157,229
34572,157,230
34573,157,231
34574,157,232
34575,157,233
34576,157,234
34577,157,235
34578,157,236
34579,157,237
34580,157,238
34581,157,239
34582,157,240
34583,157,241
34584,157,242
34585,157,243
34586,157,244
34587,157,245
34588,157,246
34589,157,247
34590,157,248
34591,157,249
34592,157,250
34593,157,251
34594,157,252
34595,157,253
34596,157,254
34597,157,255
34598,158,0
34599,158,1
34600,158,2
34601,158,3
34602,158,4
34603,158,5
34604,158,6
34605,158,7
34606,158,8
34607,158,9
34608,158,10
34609,158,11
34610,158,12
34611,158,13
34612,158,14
34613,158,15
34614,158,16
34615,158,17
34616,158,18
34617,158,19
34618,158,20
34619,158,21
34620,158,22
34621,158,23
34622,158,24
34623,158,25
34624,158,26
34625,158,27
34626,158,28
34627,158,29
34628,158,30
34629,158,31
34630,158,32
34631,158,33
34632,158,34
34633,158,35
34634,158,36
34635,158,37
34636,158,38
34637,158,39
34638,158,40
34639,158,41
34640,158,42
34641,158,43
34642,158,44
34643,158,45
34644,158,46
34645,158,47
34646,158,48
34647,158,49
34648,158,50
34649,158,51
34650,158,52
34651,158,53
34652,158,54
34653,158,55
34654,158,56
34655,158,57
34656,158,58
34657,158,59
34658,158,60
34659,158,61
34660,158,62
34661,158,63
34662,158,64
34663,158,65
34664,158,66
34665,158,67
34666,158,68
34667,158,69
34668,158,70
34669,158,71
34670,158,72
34671,158,73
34672,158,74
34673,158,75
34674,158,76
34675,158,77
34676,158,78
34677,158,79
34678,158,80
34679,158,81
34680,158,82
34681,158,83
34682,158,84
34683,158,85
34684,158,86
34685,158,87
34686,158,88
34687,158,89
34688,158,90
34689,158,91
34690,158,92
34691,158,93
34692,158,94
34693,158,95
34694,158,96
34695,158,97
34696,158,98
34697,158,99
34698,158,100
34699,158,101
34700,158,102
34701,158,103
34702,158,104
34703,158,105
34704,158,106
34705,158,107
34706,158,108
34707,158,109
34708,158,110
34709,158,111
34710,158,112
34711,158,113
34712,158,114
34713,158,115
34714,158,116
34715,158,117
34716,158,118
34717,158,119
34718,158,120
34719,158,121
34720,158,122
34721,158,123
34722,158,124
34723,158,125
34724,158,126
34725,158,127
34726,158,128
34727,158,129
34728,158,130
34729,158,131
34730,158,132
34731,158,133
34732,158,134
34733,158,135
34734,158,136
34735,158,137
34736,158,138
34737,158,139
34738,158,140
34739,158,141
34740,158,142
34741,158,143
34742,158,144
34743,158,145
34744,158,146
34745,158,147
34746,158,148
34747,158,149
34748,158,150
34749,158,151
34750,158,152
34751,158,153
34752,158,154
34753,158,155
34754,158,156
34755,158,157
34756,158,158
34757,158,159
34758,158,160
34759,158,161
34760,158,162
34761,158,163
34762,158,164
34763,158,165
34764,158,166
34765,158,167
34766,158,168
34767,158,169
34768,158,170
34769,158,171
34770,158,172
34771,158,173
34772,158,174
34773,158,175
34774,158,176
34775,158,177
34776,158,178
34777,158,179
34778,158,180
34779,158,181
34780,158,182
34781,158,183
34782,158,184
34783,158,185
34784,158,186
34785,158,187
34786,158,188
34787,158,189
34788,158,190
34789,158,191
34790,158,192
34791,158,193
34792,158,194
34793,158,195
34794,158,196
34795,158,197
34796,158,198
34797,158,199
34798,158,200
34799,158,201
34800,158,202
34801,158,203
34802,158,204
34803,158,205
34804,158,206
34805,158,207
34806,158,208
34807,158,209
34808,158,210
34809,158,211
34810,158,212
34811,158,213
34812,158,214
34813,158,215
34814,158,216
34815,158,217
34816,158,218
34817,158,219
34818,158,220
34819,158,221
34820,158,222
34821,158,223
34822,158,224
34823,158,225
34824,158,226
34825,158,227
34826,158,228
34827,158,229
34828,158,230
34829,158,231
34830,158,232
34831,158,233
34832,158,234
34833,158,235
34834,158,236
34835,158,237
34836,158,238
34837,158,239
34838,158,240
34839,158,241
34840,158,242
34841,158,243
34842,158,244
34843,158,245
34844,158,246
34845,158,247
34846,158,248
34847,158,249
34848,158,250
34849,158,251
34850,158,252
34851,158,253
34852,158,254
34853,158,255
34854,159,0
34855,159,1
34856,159,2
34857,159,3
34858,159,4
34859,159,5
34860,159,6
34861,159,7
34862,159,8
34863,159,9
34864,159,10
34865,159,11
34866,159,12
34867,159,13
34868,159,14
34869,159,15
34870,159,16
34871,159,17
34872,159,18
34873,159,19
34874,159,20
34875,159,21
34876,159,22
34877,159,23
34878,159,24
34879,159,25
34880,159,26
34881,159,27
34882,159,28
34883,159,29
34884,159,30
34885,159,31
34886,159,32
34887,159,33
34888,159,34
34889,159,35
34890,159,36
34891,159,37
34892,159,38
34893,159,39
34894,159,40
34895,159,41
34896,159,42
34897,159,43
34898,159,44
34899,159,45
34900,159,46
34901,159,47
34902,159,48
34903,159,49
34904,159,50
34905,159,51
34906,159,52
34907,159,53
34908,159,54
34909,159,55
34910,159,56
34911,159,57
34912,159,58
34913,159,59
34914,159,60
34915,159,61
34916,159,62
34917,159,63
34918,159,64
34919,159,65
34920,159,66
34921,159,67
34922,159,68
34923,159,69
34924,159,70
34925,159,71
34926,159,72
34927,159,73
34928,159,74
34929,159,75
34930,159,76
34931,159,77
34932,159,78
34933,159,79
34934,159,80
34935,159,81
34936,159,82
34937,159,83
34938,159,84
34939,159,85
34940,159,86
34941,159,87
34942,159,88
34943,159,89
34944,159,90
34945,159,91
34946,159,92
34947,159,93
34948,159,94
34949,159,95
34950,159,96
34951,159,97
34952,159,98
34953,159,99
34954,159,100
34955,159,101
34956,159,102
34957,159,103
34958,159,104
34959,159,105
34960,159,106
34961,159,107
34962,159,108
34963,159,109
34964,159,110
34965,159,111
34966,159,112
34967,159,113
34968,159,114
34969,159,115
34970,159,116
34971,159,117
34972,159,118
34973,159,119
34974,159,120
34975,159,121
34976,159,122
34977,159,123
34978,159,124
34979,159,125
34980,159,126
34981,159,127
34982,159,128
34983,159,129
34984,159,130
34985,159,131
34986,159,132
34987,159,133
34988,159,134
34989,159,135
34990,159,136
34991,159,137
34992,159,138
34993,159,139
34994,159,140
34995,159,141
34996,159,142
34997,159,143
34998,159,144
34999,159,145
35000,159,146
35001,159,147
35002,159,148
35003,159,149
35004,159,150
35005,159,151
35006,159,152
35007,159,153
35008,159,154
35009,159,155
35010,159,156
35011,159,157
35012,159,158
35013,159,159
35014,159,160
35015,159,161
35016,159,162
35017,159,163
35018,159,164
35019,159,165
35020,159,166
35021,159,167
35022,159,168
35023,159,169
35024,159,170
35025,159,171
35026,159,172
35027,159,173
35028,159,174
35029,159,175
35030,159,176
35031,159,177
35032,159,178
35033,159,179
35034,159,180
35035,159,181
35036,159,182
35037,159,183
35038,159,184
35039,159,185
35040,159,186
35041,159,187
35042,159,188
35043,159,189
35044,159,190
35045,159,191
35046,159,192
35047,159,193
35048,159,194
35049,159,195
35050,159,196
35051,159,197
35052,159,198
35053,159,199
35054,159,200
35055,159,201
35056,159,202
35057,159,203
35058,159,204
35059,159,205
35060,159,206
35061,159,207
35062,159,208
35063,159,209
35064,159,210
35065,159,211
35066,159,212
35067,159,213
35068,159,214
35069,159,215
35070,159,216
35071,159,217
35072,159,218
35073,159,219
35074,159,220
35075,159,221
35076,159,222
35077,159,223
35078,159,224
35079,159,225
35080,159,226
35081,159,227
35082,159,228
35083,159,229
35084,159,230
35085,159,231
35086,159,232
35087,159,233
35088,159,234
35089,159,235
35090,159,236
35091,159,237
35092,159,238
35093,159,239
35094,159,240
35095,159,241
35096,159,242
35097,159,243
35098,159,244
35099,159,245
35100,159,246
35101,159,247
35102,159,248
35103,159,249
35104,159,250
35105,159,251
35106,159,252
35107,159,253
35108,159,254
35109,159,255
35110,160,0
35111,160,1
35112,160,2
35113,160,3
35114,160,4
35115,160,5
35116,160,6
35117,160,7
35118,160,8
35119,160,9
35120,160,10
35121,160,11
35122,160,12
35123,160,13
35124,160,14
35125,160,15
35126,160,16
35127,160,17
35128,160,18
35129,160,19
35130,160,20
35131,160,21
35132,160,22
35133,160,23
35134,160,24
35135,160,25
35136,160,26
35137,160,27
35138,160,28
35139,160,29
35140,160,30
35141,160,31
35142,160,32
35143,160,33
35144,160,34
35145,160,35
35146,160,36
35147,160,37
35148,160,38
35149,160,39
35150,160,40
35151,160,41
35152,160,42
35153,160,43
35154,160,44
35155,160,45
35156,160,46
35157,160,47
35158,160,48
35159,160,49
35160,160,50
35161,160,51
35162,160,52
35163,160,53
35164,160,54
35165,160,55
35166,160,56
35167,160,57
35168,160,58
35169,160,59
35170,160,60
35171,160,61
35172,160,62
35173,160,63
35174,160,64
35175,160,65
35176,160,66
35177,160,67
35178,160,68
35179,160,69
35180,160,70
35181,160,71
35182,160,72
35183,160,73
35184,160,74
35185,160,75
35186,160,76
35187,160,77
35188,160,78
35189,160,79
35190,160,80
35191,160,81
35192,160,82
35193,160,83
35194,160,84
35195,160,85
35196,160,86
35197,160,87
35198,160,88
35199,160,89
35200,160,90
35201,160,91
35202,160,92
35203,160,93
35204,160,94
35205,160,95
35206,160,96
35207,160,97
35208,160,98
35209,160,99
35210,160,100
35211,160,101
35212,160,102
35213,160,103
35214,160,104
35215,160,105
35216,160,106
35217,160,107
35218,160,108
35219,160,109
35220,160,110
35221,160,111
35222,160,112
35223,160,113
35224,160,114
35225,160,115
35226,160,116
35227,160,117
35228,160,118
35229,160,119
35230,160,120
35231,160,121
35232,160,122
35233,160,123
35234,160,124
35235,160,125
35236,160,126
35237,160,127
35238,160,128
35239,160,129
35240,160,130
35241,160,131
35242,160,132
35243,160,133
35244,160,134
35245,160,135
35246,160,136
35247,160,137
35248,160,138
35249,160,139
35250,160,140
35251,160,141
35252,160,142
35253,160,143
35254,160,144
35255,160,145
35256,160,146
35257,160,147
35258,160,148
35259,160,149
35260,160,150
35261,160,151
35262,160,152
35263,160,153
35264,160,154
35265,160,155
35266,160,156
35267,160,157
35268,160,158
35269,160,159
35270,160,160
35271,160,161
35272,160,162
35273,160,163
35274,160,164
35275,160,165
35276,160,166
35277,160,167
35278,160,168
35279,160,169
35280,160,170
35281,160,171
35282,160,172
35283,160,173
35284,160,174
35285,160,175
35286,160,176
35287,160,177
35288,160,178
35289,160,179
35290,160,180
35291,160,181
35292,160,182
35293,160,183
35294,160,184
35295,160,185
35296,160,186
35297,160,187
35298,160,188
35299,160,189
35300,160,190
35301,160,191
35302,160,192
35303,160,193
35304,160,194
35305,160,195
35306,160,196
35307,160,197
35308,160,198
35309,160,199
35310,160,200
35311,160,201
35312,160,202
35313,160,203
35314,160,204
35315,160,205
35316,160,206
35317,160,207
35318,160,208
35319,160,209
35320,160,210
35321,160,211
35322,160,212
35323,160,213
35324,160,214
35325,160,215
35326,160,216
35327,160,217
35328,160,218
35329,160,219
35330,160,220
35331,160,221
35332,160,222
35333,160,223
35334,160,224
35335,160,225
35336,160,226
35337,160,227
35338,160,228
35339,160,229
35340,160,230
35341,160,231
35342,160,232
35343,160,233
35344,160,234
35345,160,235
35346,160,236
35347,160,237
35348,160,238
35349,160,239
35350,160,240
35351,160,241
35352,160,242
35353,160,243
35354,160,244
35355,160,245
35356,160,246
35357,160,247
35358,160,248
35359,160,249
35360,160,250
35361,160,251
35362,160,252
35363,160,253
35364,160,254
35365,160,255
35366,161,1
35367,161,2
35368,161,3
35369,161,4
35370,161,5
35371,161,6
35372,161,7
35373,161,8
35374,161,9
35375,161,10
35376,161,11
35377,161,12
35378,161,13
35379,161,14
35380,161,15
35381,161,16
35382,161,17
35383,161,18
35384,161,19
35385,161,20
35386,161,21
35387,161,22
35388,161,23
35389,161,24
35390,161,25
35391,161,26
35392,161,27
35393,161,28
35394,161,29
35395,161,30
35396,161,31
35397,161,32
35398,161,33
35399,161,34
35400,161,35
35401,161,36
35402,161,37
35403,161,38
35404,161,39
35405,161,40
35406,161,41
35407,161,42
35408,161,43
35409,161,44
35410,161,45
35411,161,46
35412,161,47
35413,161,48
35414,161,49
35415,161,50
35416,161,51
35417,161,52
35418,161,53
35419,161,54
35420,161,55
35421,161,56
35422,161,57
35423,161,58
35424,161,59
35425,161,60
35426,161,61
35427,161,62
35428,161,63
35429,161,64
35430,161,65
35431,161,66
35432,161,67
35433,161,68
35434,161,69
35435,161,70
35436,161,71
35437,161,72
35438,161,73
35439,161,74
35440,161,75
35441,161,76
35442,161,77
35443,161,78
35444,161,79
35445,161,80
35446,161,81
35447,161,82
35448,161,83
35449,161,84
35450,161,85
35451,161,86
35452,161,87
35453,161,88
35454,161,89
35455,161,90
35456,161,91
35457,161,92
35458,161,93
35459,161,94
35460,161,95
35461,161,96
35462,161,97
35463,161,98
35464,161,99
35465,161,100
35466,161,101
35467,161,102
35468,161,103
35469,161,104
35470,161,105
35471,161,106
35472,161,107
35473,161,108
35474,161,109
35475,161,110
35476,161,111
35477,161,112
35478,161,113
35479,161,114
35480,161,115
35481,161,116
35482,161,117
35483,161,118
35484,161,119
35485,161,120
35486,161,121
35487,161,122
35488,161,123
35489,161,124
35490,161,125
35491,161,126
35492,161,127
35493,161,128
35494,161,129
35495,161,130
35496,161,131
35497,161,132
35498,161,133
35499,161,134
35500,161,135
35501,161,136
35502,161,137
35503,161,138
35504,161,139
35505,161,140
35506,161,141
35507,161,142
35508,161,143
35509,161,144
35510,161,145
35511,161,146
35512,161,147
35513,161,148
35514,161,149
35515,161,150
35516,161,151
35517,161,152
35518,161,153
35519,161,154
35520,161,155
35521,161,156
35522,161,157
35523,161,158
35524,161,159
35525,161,160
35526,161,161
35527,161,162
35528,161,163
35529,161,164
35530,161,165
35531,161,166
35532,161,167
35533,161,168
35534,161,169
35535,161,170
35536,161,171
35537,161,172
35538,161,173
35539,161,174
35540,161,175
35541,161,176
35542,161,177
35543,161,178
35544,161,179
35545,161,180
35546,161,181
35547,161,182
35548,161,183
35549,161,184
35550,161,185
35551,161,186
35552,161,187
35553,161,188
35554,161,189
35555,161,190
35556,161,191
35557,161,192
35558,161,193
35559,161,194
35560,161,195
35561,161,196
35562,161,197
35563,161,198
35564,161,199
35565,161,200
35566,161,201
35567,161,202
35568,161,203
35569,161,204
35570,161,205
35571,161,206
35572,161,207
35573,161,208
35574,161,209
35575,161,210
35576,161,211
35577,161,212
35578,161,213
35579,161,214
35580,161,215
35581,161,216
35582,161,217
35583,161,218
35584,161,219
35585,161,220
35586,161,221
35587,161,222
35588,161,223
35589,161,224
35590,161,225
35591,161,226
35592,161,227
35593,161,228
35594,161,229
35595,161,230
35596,161,231
35597,161,232
35598,161,233
35599,161,234
35600,161,235
35601,161,236
35602,161,237
35603,161,238
35604,161,239
35605,161,240
35606,161,241
35607,161,242
35608,161,243
35609,161,244
35610,161,245
35611,161,246
35612,161,247
35613,161,248
35614,161,249
35615,161,250
35616,161,251
35617,161,252
35618,161,253
35619,161,254
35620,161,255
35621,162,1
35622,162,2
35623,162,3
35624,162,4
35625,162,5
35626,162,6
35627,162,7
35628,162,8
35629,162,9
35630,162,10
35631,162,11
35632,162,12
35633,162,13
35634,162,14
35635,162,15
35636,162,16
35637,162,17
35638,162,18
35639,162,19
35640,162,20
35641,162,21
35642,162,22
35643,162,23
35644,162,24
35645,162,25
35646,162,26
35647,162,27
35648,162,28
35649,162,29
35650,162,30
35651,162,31
35652,162,32
35653,162,33
35654,162,34
35655,162,35
35656,162,36
35657,162,37
35658,162,38
35659,162,39
35660,162,40
35661,162,41
35662,162,42
35663,162,43
35664,162,44
35665,162,45
35666,162,46
35667,162,47
35668,162,48
35669,162,49
35670,162,50
35671,162,51
35672,162,52
35673,162,53
35674,162,54
35675,162,55
35676,162,56
35677,162,57
35678,162,58
35679,162,59
35680,162,60
35681,162,61
35682,162,62
35683,162,63
35684,162,64
35685,162,65
35686,162,66
35687,162,67
35688,162,68
35689,162,69
35690,162,70
35691,162,71
35692,162,72
35693,162,73
35694,162,74
35695,162,75
35696,162,76
35697,162,77
35698,162,78
35699,162,79
35700,162,80
35701,162,81
35702,162,82
35703,162,83
35704,162,84
35705,162,85
35706,162,86
35707,162,87
35708,162,88
35709,162,89
35710,162,90
35711,162,91
35712,162,92
35713,162,93
35714,162,94
35715,162,95
35716,162,96
35717,162,97
35718,162,98
35719,162,99
35720,162,100
35721,162,101
35722,162,102
35723,162,103
35724,162,104
35725,162,105
35726,162,106
35727,162,107
35728,162,108
35729,162,109
35730,162,110
35731,162,111
35732,162,112
35733,162,113
35734,162,114
35735,162,115
35736,162,116
35737,162,117
35738,162,118
35739,162,119
35740,162,120
35741,162,121
35742,162,122
35743,162,123
35744,162,124
35745,162,125
35746,162,126
35747,162,127
35748,162,128
35749,162,129
35750,162,130
35751,162,131
35752,162,132
35753,162,133
35754,162,134
35755,162,135
35756,162,136
35757,162,137
35758,162,138
35759,162,139
35760,162,140
35761,162,141
35762,162,142
35763,162,143
35764,162,144
35765,162,145
35766,162,146
35767,162,147
35768,162,148
35769,162,149
35770,162,150
35771,162,151
35772,162,152
35773,162,153
35774,162,154
35775,162,155
35776,162,156
35777,162,157
35778,162,158
35779,162,159
35780,162,160
35781,162,161
35782,162,162
35783,162,163
35784,162,164
35785,162,165
35786,162,166
35787,162,167
35788,162,168
35789,162,169
35790,162,170
35791,162,171
35792,162,172
35793,162,173
35794,162,174
35795,162,175
35796,162,176
35797,162,177
35798,162,178
35799,162,179
35800,162,180
35801,162,181
35802,162,182
35803,162,183
35804,162,184
35805,162,185
35806,162,186
35807,162,187
35808,162,188
35809,162,189
35810,162,190
35811,162,191
35812,162,192
35813,162,193
35814,162,194
35815,162,195
35816,162,196
35817,162,197
35818,162,198
35819,162,199
35820,162,200
35821,162,201
35822,162,202
35823,162,203
35824,162,204
35825,162,205
35826,162,206
35827,162,207
35828,162,208
35829,162,209
35830,162,210
35831,162,211
35832,162,212
35833,162,213
35834,162,214
35835,162,215
35836,162,216
35837,162,217
35838,162,218
35839,162,219
35840,162,220
35841,162,221
35842,162,222
35843,162,223
35844,162,224
35845,162,225
35846,162,226
35847,162,227
35848,162,228
35849,162,229
35850,162,230
35851,162,231
35852,162,232
35853,162,233
35854,162,234
35855,162,235
35856,162,236
35857,162,237
35858,162,238
35859,162,239
35860,162,240
35861,162,241
35862,162,242
35863,162,243
35864,162,244
35865,162,245
35866,162,246
35867,162,247
35868,162,248
35869,162,249
35870,162,250
35871,162,251
35872,162,252
35873,162,253
35874,162,254
35875,162,255
35876,163,1
35877,163,2
35878,163,3
35879,163,4
35880,163,5
35881,163,6
35882,163,7
35883,163,8
35884,163,9
35885,163,10
35886,163,11
35887,163,12
35888,163,13
35889,163,14
35890,163,15
35891,163,16
35892,163,17
35893,163,18
35894,163,19
35895,163,20
35896,163,21
35897,163,22
35898,163,23
35899,163,24
35900,163,25
35901,163,26
35902,163,27
35903,163,28
35904,163,29
35905,163,30
35906,163,31
35907,163,32
35908,163,33
35909,163,34
35910,163,35
35911,163,36
35912,163,37
35913,163,38
35914,163,39
35915,163,40
35916,163,41
35917,163,42
35918,163,43
35919,163,44
35920,163,45
35921,163,46
35922,163,47
35923,163,48
35924,163,49
35925,163,50
35926,163,51
35927,163,52
35928,163,53
35929,163,54
35930,163,55
35931,163,56
35932,163,57
35933,163,58
35934,163,59
35935,163,60
35936,163,61
35937,163,62
35938,163,63
35939,163,64
35940,163,65
35941,163,66
35942,163,67
35943,163,68
35944,163,69
35945,163,70
35946,163,71
35947,163,72
35948,163,73
35949,163,74
35950,163,75
35951,163,76
35952,163,77
35953,163,78
35954,163,79
35955,163,80
35956,163,81
35957,163,82
35958,163,83
35959,163,84
35960,163,85
35961,163,86
35962,163,87
35963,163,88
35964,163,89
35965,163,90
35966,163,91
35967,163,92
35968,163,93
35969,163,94
35970,163,95
35971,163,96
35972,163,97
35973,163,98
35974,163,99
35975,163,100
35976,163,101
35977,163,102
35978,163,103
35979,163,104
35980,163,105
35981,163,106
35982,163,107
35983,163,108
35984,163,109
35985,163,110
35986,163,111
35987,163,112
35988,163,113
35989,163,114
35990,163,115
35991,163,116
35992,163,117
35993,163,118
35994,163,119
35995,163,120
35996,163,121
35997,163,122
35998,163,123
35999,163,124
36000,163,125
36001,163,126
36002,163,127
36003,163,128
36004,163,129
36005,163,130
36006,163,131
36007,163,132
36008,163,133
36009,163,134
36010,163,135
36011,163,136
36012,163,137
36013,163,138
36014,163,139
36015,163,140
36016,163,141
36017,163,142
36018,163,143
36019,163,144
36020,163,145
36021,163,146
36022,163,147
36023,163,148
36024,163,149
36025,163,150
36026,163,151
36027,163,152
36028,163,153
36029,163,154
36030,163,155
36031,163,156
36032,163,157
36033,163,158
36034,163,159
36035,163,160
36036,163,161
36037,163,162
36038,163,163
36039,163,164
36040,163,165
36041,163,166
36042,163,167
36043,163,168
36044,163,169
36045,163,170
36046,163,171
36047,163,172
36048,163,173
36049,163,174
36050,163,175
36051,163,176
36052,163,177
36053,163,178
36054,163,179
36055,163,180
36056,163,181
36057,163,182
36058,163,183
36059,163,184
36060,163,185
36061,163,186
36062,163,187
36063,163,188
36064,163,189
36065,163,190
36066,163,191
36067,163,192
36068,163,193
36069,163,194
36070,163,195
36071,163,196
36072,163,197
36073,163,198
36074,163,199
36075,163,200
36076,163,201
36077,163,202
36078,163,203
36079,163,204
36080,163,205
36081,163,206
36082,163,207
36083,163,208
36084,163,209
36085,163,210
36086,163,211
36087,163,212
36088,163,213
36089,163,214
36090,163,215
36091,163,216
36092,163,217
36093,163,218
36094,163,219
36095,163,220
36096,163,221
36097,163,222
36098,163,223
36099,163,224
36100,163,225
36101,163,226
36102,163,227
36103,163,228
36104,163,229
36105,163,230
36106,163,231
36107,163,232
36108,163,233
36109,163,234
36110,163,235
36111,163,236
36112,163,237
36113,163,238
36114,163,239
36115,163,240
36116,163,241
36117,163,242
36118,163,243
36119,163,244
36120,163,245
36121,163,246
36122,163,247
36123,163,248
36124,163,249
36125,163,250
36126,163,251
36127,163,252
36128,163,253
36129,163,254
36130,163,255
36131,164,2
36132,164,3
36133,164,4
36134,164,5
36135,164,6
36136,164,7
36137,164,8
36138,164,9
36139,164,10
36140,164,11
36141,164,12
36142,164,13
36143,164,14
36144,164,15
36145,164,16
36146,164,17
36147,164,18
36148,164,19
36149,164,20
36150,164,21
36151,164,22
36152,164,23
36153,164,24
36154,164,25
36155,164,26
36156,164,27
36157,164,28
36158,164,29
36159,164,30
36160,164,31
36161,164,32
36162,164,33
36163,164,34
36164,164,35
36165,164,36
36166,164,37
36167,164,38
36168,164,39
36169,164,40
36170,164,41
36171,164,42
36172,164,43
36173,164,44
36174,164,45
36175,164,46
36176,164,47
36177,164,48
36178,164,49
36179,164,50
36180,164,51
36181,164,52
36182,164,53
36183,164,54
36184,164,55
36185,164,56
36186,164,57
36187,164,58
36188,164,59
36189,164,60
36190,164,61
36191,164,62
36192,164,63
36193,164,64
36194,164,65
36195,164,66
36196,164,67
36197,164,68
36198,164,69
36199,164,70
36200,164,71
36201,164,72
36202,164,73
36203,164,74
36204,164,75
36205,164,76
36206,164,77
36207,164,78
36208,164,79
36209,164,80
36210,164,81
36211,164,82
36212,164,83
36213,164,84
36214,164,85
36215,164,86
36216,164,87
36217,164,88
36218,164,89
36219,164,90
36220,164,91
36221,164,92
36222,164,93
36223,164,94
36224,164,95
36225,164,96
36226,164,97
36227,164,98
36228,164,99
36229,164,100
36230,164,101
36231,164,102
36232,164,103
36233,164,104
36234,164,105
36235,164,106
36236,164,107
36237,164,108
36238,164,109
36239,164,110
36240,164,111
36241,164,112
36242,164,113
36243,164,114
36244,164,115
36245,164,116
36246,164,117
36247,164,118
36248,164,119
36249,164,120
36250,164,121
36251,164,122
36252,164,123
36253,164,124
36254,164,125
36255,164,126
36256,164,127
36257,164,128
36258,164,129
36259,164,130
36260,164,131
36261,164,132
36262,164,133
36263,164,134
36264,164,135
36265,164,136
36266,164,137
36267,164,138
36268,164,139
36269,164,140
36270,164,141
36271,164,142
36272,164,143
36273,164,144
36274,164,145
36275,164,146
36276,164,147
36277,164,148
36278,164,149
36279,164,150
36280,164,151
36281,164,152
36282,164,153
36283,164,154
36284,164,155
36285,164,156
36286,164,157
36287,164,158
36288,164,159
36289,164,160
36290,164,161
36291,164,162
36292,164,163
36293,164,164
36294,164,165
36295,164,166
36296,164,167
36297,164,168
36298,164,169
36299,164,170
36300,164,171
36301,164,172
36302,164,173
36303,164,174
36304,164,175
36305,164,176
36306,164,177
36307,164,178
36308,164,179
36309,164,180
36310,164,181
36311,164,182
36312,164,183
36313,164,184
36314,164,185
36315,164,186
36316,164,187
36317,164,188
36318,164,189
36319,164,190
36320,164,191
36321,164,192
36322,164,193
36323,164,194
36324,164,195
36325,164,196
36326,164,197
36327,164,198
36328,164,199
36329,164,200
36330,164,201
36331,164,202
36332,164,203
36333,164,204
36334,164,205
36335,164,206
36336,164,207
36337,164,208
36338,164,209
36339,164,210
36340,164,211
36341,164,212
36342,164,213
36343,164,214
36344,164,215
36345,164,216
36346,164,217
36347,164,218
36348,164,219
36349,164,220
36350,164,221
36351,164,222
36352,164,223
36353,164,224
36354,164,225
36355,164,226
36356,164,227
36357,164,228
36358,164,229
36359,164,230
36360,164,231
36361,164,232
36362,164,233
36363,164,234
36364,164,235
36365,164,236
36366,164,237
36367,164,238
36368,164,239
36369,164,240
36370,164,241
36371,164,242
36372,164,243
36373,164,244
36374,164,245
36375,164,246
36376,164,247
36377,164,248
36378,164,249
36379,164,250
36380,164,251
36381,164,252
36382,164,253
36383,164,254
36384,165,2
36385,165,3
36386,165,4
36387,165,5
36388,165,6
36389,165,7
36390,165,8
36391,165,9
36392,165,10
36393,165,11
36394,165,12
36395,165,13
36396,165,14
36397,165,15
36398,165,16
36399,165,17
36400,165,18
36401,165,19
36402,165,20
36403,165,21
36404,165,22
36405,165,23
36406,165,24
36407,165,25
36408,165,26
36409,165,27
36410,165,28
36411,165,29
36412,165,30
36413,165,31
36414,165,32
36415,165,33
36416,165,34
36417,165,35
36418,165,36
36419,165,37
36420,165,38
36421,165,39
36422,165,40
36423,165,41
36424,165,42
36425,165,43
36426,165,44
36427,165,45
36428,165,46
36429,165,47
36430,165,48
36431,165,49
36432,165,50
36433,165,51
36434,165,52
36435,165,53
36436,165,54
36437,165,55
36438,165,56
36439,165,57
36440,165,58
36441,165,59
36442,165,60
36443,165,61
36444,165,62
36445,165,63
36446,165,64
36447,165,65
36448,165,66
36449,165,67
36450,165,68
36451,165,69
36452,165,70
36453,165,71
36454,165,72
36455,165,73
36456,165,74
36457,165,75
36458,165,76
36459,165,77
36460,165,78
36461,165,79
36462,165,80
36463,165,81
36464,165,82
36465,165,83
36466,165,84
36467,165,85
36468,165,86
36469,165,87
36470,165,88
36471,165,89
36472,165,90
36473,165,91
36474,165,92
36475,165,93
36476,165,94
36477,165,95
36478,165,96
36479,165,97
36480,165,98
36481,165,99
36482,165,100
36483,165,101
36484,165,102
36485,165,103
36486,165,104
36487,165,105
36488,165,106
36489,165,107
36490,165,108
36491,165,109
36492,165,110
36493,165,111
36494,165,112
36495,165,113
36496,165,114
36497,165,115
36498,165,116
36499,165,117
36500,165,118
36501,165,119
36502,165,120
36503,165,121
36504,165,122
36505,165,123
36506,165,124
36507,165,125
36508,165,126
36509,165,127
36510,165,128
36511,165,129
36512,165,130
36513,165,131
36514,165,132
36515,165,133
36516,165,134
36517,165,135
36518,165,136
36519,165,137
36520,165,138
36521,165,139
36522,165,140
36523,165,141
36524,165,142
36525,165,143
36526,165,144
36527,165,145
36528,165,146
36529,165,147
36530,165,148
36531,165,149
36532,165,150
36533,165,151
36534,165,152
36535,165,153
36536,165,154
36537,165,155
36538,165,156
36539,165,157
36540,165,158
36541,165,159
36542,165,160
36543,165,161
36544,165,162
36545,165,163
36546,165,164
36547,165,165
36548,165,166
36549,165,167
36550,165,168
36551,165,169
36552,165,170
36553,165,171
36554,165,172
36555,165,173
36556,165,174
36557,165,175
36558,165,176
36559,165,177
36560,165,178
36561,165,179
36562,165,180
36563,165,181
36564,165,182
36565,165,183
36566,165,184
36567,165,185
36568,165,186
36569,165,187
36570,165,188
36571,165,189
36572,165,190
36573,165,191
36574,165,192
36575,165,193
36576,165,194
36577,165,195
36578,165,196
36579,165,197
36580,165,198
36581,165,199
36582,165,200
36583,165,201
36584,165,202
36585,165,203
36586,165,204
36587,165,205
36588,165,206
36589,165,207
36590,165,208
36591,165,209
36592,165,210
36593,165,211
36594,165,212
36595,165,213
36596,165,214
36597,165,215
36598,165,216
36599,165,217
36600,165,218
36601,165,219
36602,165,220
36603,165,221
36604,165,222
36605,165,223
36606,165,224
36607,165,225
36608,165,226
36609,165,227
36610,165,228
36611,165,229
36612,165,230
36613,165,231
36614,165,232
36615,165,233
36616,165,234
36617,165,235
36618,165,236
36619,165,237
36620,165,238
36621,165,239
36622,165,240
36623,165,241
36624,165,242
36625,165,243
36626,165,244
36627,165,245
36628,165,246
36629,165,247
36630,165,248
36631,165,249
36632,165,250
36633,165,251
36634,165,252
36635,165,253
36636,165,254
36637,166,2
36638,166,3
36639,166,4
36640,166,5
36641,166,6
36642,166,7
36643,166,8
36644,166,9
36645,166,10
36646,166,11
36647,166,12
36648,166,13
36649,166,14
36650,166,15
36651,166,16
36652,166,17
36653,166,18
36654,166,19
36655,166,20
36656,166,21
36657,166,22
36658,166,23
36659,166,24
36660,166,25
36661,166,26
36662,166,27
36663,166,28
36664,166,29
36665,166,30
36666,166,31
36667,166,32
36668,166,33
36669,166,34
36670,166,35
36671,166,36
36672,166,37
36673,166,38
36674,166,39
36675,166,40
36676,166,41
36677,166,42
36678,166,43
36679,166,44
36680,166,45
36681,166,46
36682,166,47
36683,166,48
36684,166,49
36685,166,50
36686,166,51
36687,166,52
36688,166,53
36689,166,54
36690,166,55
36691,166,56
36692,166,57
36693,166,58
36694,166,59
36695,166,60
36696,166,61
36697,166,62
36698,166,63
36699,166,64
36700,166,65
36701,166,66
36702,166,67
36703,166,68
36704,166,69
36705,166,70
36706,166,71
36707,166,72
36708,166,73
36709,166,74
36710,166,75
36711,166,76
36712,166,77
36713,166,78
36714,166,79
36715,166,80
36716,166,81
36717,166,82
36718,166,83
36719,166,84
36720,166,85
36721,166,86
36722,166,87
36723,166,88
36724,166,89
36725,166,90
36726,166,91
36727,166,92
36728,166,93
36729,166,94
36730,166,95
36731,166,96
36732,166,97
36733,166,98
36734,166,99
36735,166,100
36736,166,101
36737,166,102
36738,166,103
36739,166,104
36740,166,105
36741,166,106
36742,166,107
36743,166,108
36744,166,109
36745,166,110
36746,166,111
36747,166,112
36748,166,113
36749,166,114
36750,166,115
36751,166,116
36752,166,117
36753,166,118
36754,166,119
36755,166,120
36756,166,121
36757,166,122
36758,166,123
36759,166,124
36760,166,125
36761,166,126
36762,166,127
36763,166,128
36764,166,129
36765,166,130
36766,166,131
36767,166,132
36768,166,133
36769,166,134
36770,166,135
36771,166,136
36772,166,137
36773,166,138
36774,166,139
36775,166,140
36776,166,141
36777,166,142
36778,166,143
36779,166,144
36780,166,145
36781,166,146
36782,166,147
36783,166,148
36784,166,149
36785,166,150
36786,166,151
36787,166,152
36788,166,153
36789,166,154
36790,166,155
36791,166,156
36792,166,157
36793,166,158
36794,166,159
36795,166,160
36796,166,161
36797,166,162
36798,166,163
36799,166,164
36800,166,165
36801,166,166
36802,166,167
36803,166,168
36804,166,169
36805,166,170
36806,166,171
36807,166,172
36808,166,173
36809,166,174
36810,166,175
36811,166,176
36812,166,177
36813,166,178
36814,166,179
36815,166,180
36816,166,181
36817,166,182
36818,166,183
36819,166,184
36820,166,185
36821,166,186
36822,166,187
36823,166,188
36824,166,189
36825,166,190
36826,166,191
36827,166,192
36828,166,193
36829,166,194
36830,166,195
36831,166,196
36832,166,197
36833,166,198
36834,166,199
36835,166,200
36836,166,201
36837,166,202
36838,166,203
36839,166,204
36840,166,205
36841,166,206
36842,166,207
36843,166,208
36844,166,209
36845,166,210
36846,166,211
36847,166,212
36848,166,213
36849,166,214
36850,166,215
36851,166,216
36852,166,217
36853,166,218
36854,166,219
36855,166,220
36856,166,221
36857,166,222
36858,166,223
36859,166,224
36860,166,225
36861,166,226
36862,166,227
36863,166,228
36864,166,229
36865,166,230
36866,166,231
36867,166,232
36868,166,233
36869,166,234
36870,166,235
36871,166,236
36872,166,237
36873,166,238
36874,166,239
36875,166,240
36876,166,241
36877,166,242
36878,166,243
36879,166,244
36880,166,245
36881,166,246
36882,166,247
36883,166,248
36884,166,249
36885,166,250
36886,166,251
36887,166,252
36888,166,253
36889,166,254
36890,167,2
36891,167,3
36892,167,4
36893,167,5
36894,167,6
36895,167,7
36896,167,8
36897,167,9
36898,167,10
36899,167,11
36900,167,12
36901,167,13
36902,167,14
36903,167,15
36904,167,16
36905,167,17
36906,167,18
36907,167,19
36908,167,20
36909,167,21
36910,167,22
36911,167,23
36912,167,24
36913,167,25
36914,167,26
36915,167,27
36916,167,28
36917,167,29
36918,167,30
36919,167,31
36920,167,32
36921,167,33
36922,167,34
36923,167,35
36924,167,36
36925,167,37
36926,167,38
36927,167,39
36928,167,40
36929,167,41
36930,167,42
36931,167,43
36932,167,44
36933,167,45
36934,167,46
36935,167,47
36936,167,48
36937,167,49
36938,167,50
36939,167,51
36940,167,52
36941,167,53
36942,167,54
36943,167,55
36944,167,56
36945,167,57
36946,167,58
36947,167,59
36948,167,60
36949,167,61
36950,167,62
36951,167,63
36952,167,64
36953,167,65
36954,167,66
36955,167,67
36956,167,68
36957,167,69
36958,167,70
36959,167,71
36960,167,72
36961,167,73
36962,167,74
36963,167,75
36964,167,76
36965,167,77
36966,167,78
36967,167,79
36968,167,80
36969,167,81
36970,167,82
36971,167,83
36972,167,84
36973,167,85
36974,167,86
36975,167,87
36976,167,88
36977,167,89
36978,167,90
36979,167,91
36980,167,92
36981,167,93
36982,167,94
36983,167,95
36984,167,96
36985,167,97
36986,167,98
36987,167,99
36988,167,100
36989,167,101
36990,167,102
36991,167,103
36992,167,104
36993,167,105
36994,167,106
36995,167,107
36996,167,108
36997,167,109
36998,167,110
36999,167,111
37000,167,112
37001,167,113
37002,167,114
37003,167,115
37004,167,116
37005,167,117
37006,167,118
37007,167,119
37008,167,120
37009,167,121
37010,167,122
37011,167,123
37012,167,124
37013,167,125
37014,167,126
37015,167,127
37016,167,128
37017,167,129
37018,167,130
37019,167,131
37020,167,132
37021,167,133
37022,167,134
37023,167,135
37024,167,136
37025,167,137
37026,167,138
37027,167,139
37028,167,140
37029,167,141
37030,167,142
37031,167,143
37032,167,144
37033,167,145
37034,167,146
37035,167,147
37036,167,148
37037,167,149
37038,167,150
37039,167,151
37040,167,152
37041,167,153
37042,167,154
37043,167,155
37044,167,156
37045,167,157
37046,167,158
37047,167,159
37048,167,160
37049,167,161
37050,167,162
37051,167,163
37052,167,164
37053,167,165
37054,167,166
37055,167,167
37056,167,168
37057,167,169
37058,167,170
37059,167,171
37060,167,172
37061,167,173
37062,167,174
37063,167,175
37064,167,176
37065,167,177
37066,167,178
37067,167,179
37068,167,180
37069,167,181
37070,167,182
37071,167,183
37072,167,184
37073,167,185
37074,167,186
37075,167,187
37076,167,188
37077,167,189
37078,167,190
37079,167,191
37080,167,192
37081,167,193
37082,167,194
37083,167,195
37084,167,196
37085,167,197
37086,167,198
37087,167,199
37088,167,200
37089,167,201
37090,167,202
37091,167,203
37092,167,204
37093,167,205
37094,167,206
37095,167,207
37096,167,208
37097,167,209
37098,167,210
37099,167,211
37100,167,212
37101,167,213
37102,167,214
37103,167,215
37104,167,216
37105,167,217
37106,167,218
37107,167,219
37108,167,220
37109,167,221
37110,167,222
37111,167,223
37112,167,224
37113,167,225
37114,167,226
37115,167,227
37116,167,228
37117,167,229
37118,167,230
37119,167,231
37120,167,232
37121,167,233
37122,167,234
37123,167,235
37124,167,236
37125,167,237
37126,167,238
37127,167,239
37128,167,240
37129,167,241
37130,167,242
37131,167,243
37132,167,244
37133,167,245
37134,167,246
37135,167,247
37136,167,248
37137,167,249
37138,167,250
37139,167,251
37140,167,252
37141,167,253
37142,167,254
37143,168,3
37144,168,4
37145,168,5
37146,168,6
37147,168,7
37148,168,8
37149,168,9
37150,168,10
37151,168,11
37152,168,12
37153,168,13
37154,168,14
37155,168,15
37156,168,16
37157,168,17
37158,168,18
37159,168,19
37160,168,20
37161,168,21
37162,168,22
37163,168,23
37164,168,24
37165,168,25
37166,168,26
37167,168,27
37168,168,28
37169,168,29
37170,168,30
37171,168,31
37172,168,32
37173,168,33
37174,168,34
37175,168,35
37176,168,36
37177,168,37
37178,168,38
37179,168,39
37180,168,40
37181,168,41
37182,168,42
37183,168,43
37184,168,44
37185,168,45
37186,168,46
37187,168,47
37188,168,48
37189,168,49
37190,168,50
37191,168,51
37192,168,52
37193,168,53
37194,168,54
37195,168,55
37196,168,56
37197,168,57
37198,168,58
37199,168,59
37200,168,60
37201,168,61
37202,168,62
37203,168,63
37204,168,64
37205,168,65
37206,168,66
37207,168,67
37208,168,68
37209,168,69
37210,168,70
37211,168,71
37212,168,72
37213,168,73
37214,168,74
37215,168,75
37216,168,76
37217,168,77
37218,168,78
37219,168,79
37220,168,80
37221,168,81
37222,168,82
37223,168,83
37224,168,84
37225,168,85
37226,168,86
37227,168,87
37228,168,88
37229,168,89
37230,168,90
37231,168,91
37232,168,92
37233,168,93
37234,168,94
37235,168,95
37236,168,96
37237,168,97
37238,168,98
37239,168,99
37240,168,100
37241,168,101
37242,168,102
37243,168,103
37244,168,104
37245,168,105
37246,168,106
37247,168,107
37248,168,108
37249,168,109
37250,168,110
37251,168,111
37252,168,112
37253,168,113
37254,168,114
37255,168,115
37256,168,116
37257,168,117
37258,168,118
37259,168,119
37260,168,120
37261,168,121
37262,168,122
37263,168,123
37264,168,124
37265,168,125
37266,168,126
37267,168,127
37268,168,128
37269,168,129
37270,168,130
37271,168,131
37272,168,132
37273,168,133
37274,168,134
37275,168,135
37276,168,136
37277,168,137
37278,168,138
37279,168,139
37280,168,140
37281,168,141
37282,168,142
37283,168,143
37284,168,144
37285,168,145
37286,168,146
37287,168,147
37288,168,148
37289,168,149
37290,168,150
37291,168,151
37292,168,152
37293,168,153
37294,168,154
37295,168,155
37296,168,156
37297,168,157
37298,168,158
37299,168,159
37300,168,160
37301,168,161
37302,168,162
37303,168,163
37304,168,164
37305,168,165
37306,168,166
37307,168,167
37308,168,168
37309,168,169
37310,168,170
37311,168,171
37312,168,172
37313,168,173
37314,168,174
37315,168,175
37316,168,176
37317,168,177
37318,168,178
37319,168,179
37320,168,180
37321,168,181
37322,168,182
37323,168,183
37324,168,184
37325,168,185
37326,168,186
37327,168,187
37328,168,188
37329,168,189
37330,168,190
37331,168,191
37332,168,192
37333,168,193
37334,168,194
37335,168,195
37336,168,196
37337,168,197
37338,168,198
37339,168,199
37340,168,200
37341,168,201
37342,168,202
37343,168,203
37344,168,204
37345,168,205
37346,168,206
37347,168,207
37348,168,208
37349,168,209
37350,168,210
37351,168,211
37352,168,212
37353,168,213
37354,168,214
37355,168,215
37356,168,216
37357,168,217
37358,168,218
37359,168,219
37360,168,220
37361,168,221
37362,168,222
37363,168,223
37364,168,224
37365,168,225
37366,168,226
37367,168,227
37368,168,228
37369,168,229
37370,168,230
37371,168,231
37372,168,232
37373,168,233
37374,168,234
37375,168,235
37376,168,236
37377,168,237
37378,168,238
37379,168,239
37380,168,240
37381,168,241
37382,168,242
37383,168,243
37384,168,244
37385,168,245
37386,168,246
37387,168,247
37388,168,248
37389,168,249
37390,168,250
37391,168,251
37392,168,252
37393,168,253
37394,169,3
37395,169,4
37396,169,5
37397,169,6
37398,169,7
37399,169,8
37400,169,9
37401,169,10
37402,169,11
37403,169,12
37404,169,13
37405,169,14
37406,169,15
37407,169,16
37408,169,17
37409,169,18
37410,169,19
37411,169,20
37412,169,21
37413,169,22
37414,169,23
37415,169,24
37416,169,25
37417,169,26
37418,169,27
37419,169,28
37420,169,29
37421,169,30
37422,169,31
37423,169,32
37424,169,33
37425,169,34
37426,169,35
37427,169,36
37428,169,37
37429,169,38
37430,169,39
37431,169,40
37432,169,41
37433,169,42
37434,169,43
37435,169,44
37436,169,45
37437,169,46
37438,169,47
37439,169,48
37440,169,49
37441,169,50
37442,169,51
37443,169,52
37444,169,53
37445,169,54
37446,169,55
37447,169,56
37448,169,57
37449,169,58
37450,169,59
37451,169,60
37452,169,61
37453,169,62
37454,169,63
37455,169,64
37456,169,65
37457,169,66
37458,169,67
37459,169,68
37460,169,69
37461,169,70
37462,169,71
37463,169,72
37464,169,73
37465,169,74
37466,169,75
37467,169,76
37468,169,77
37469,169,78
37470,169,79
37471,169,80
37472,169,81
37473,169,82
37474,169,83
37475,169,84
37476,169,85
37477,169,86
37478,169,87
37479,169,88
37480,169,89
37481,169,90
37482,169,91
37483,169,92
37484,169,93
37485,169,94
37486,169,95
37487,169,96
37488,169,97
37489,169,98
37490,169,99
37491,169,100
37492,169,101
37493,169,102
37494,169,103
37495,169,104
37496,169,105
37497,169,106
37498,169,107
37499,169,108
37500,169,109
37501,169,110
37502,169,111
37503,169,112
37504,169,113
37505,169,114
37506,169,115
37507,169,116
37508,169,117
37509,169,118
37510,169,119
37511,169,120
37512,169,121
37513,169,122
37514,169,123
37515,169,124
37516,169,125
37517,169,126
37518,169,127
37519,169,128
37520,169,129
37521,169,130
37522,169,131
37523,169,132
37524,169,133
37525,169,134
37526,169,135
37527,169,136
37528,169,137
37529,169,138
37530,169,139
37531,169,140
37532,169,141
37533,169,142
37534,169,143
37535,169,144
37536,169,145
37537,169,146
37538,169,147
37539,169,148
37540,169,149
37541,169,150
37542,169,151
37543,169,152
37544,169,153
37545,169,154
37546,169,155
37547,169,156
37548,169,157
37549,169,158
37550,169,159
37551,169,160
37552,169,161
37553,169,162
37554,169,163
37555,169,164
37556,169,165
37557,169,166
37558,169,167
37559,169,168
37560,169,169
37561,169,170
37562,169,171
37563,169,172
37564,169,173
37565,169,174
37566,169,175
37567,169,176
37568,169,177
37569,169,178
37570,169,179
37571,169,180
37572,169,181
37573,169,182
37574,169,183
37575,169,184
37576,169,185
37577,169,186
37578,169,187
37579,169,188
37580,169,189
37581,169,190
37582,169,191
37583,169,192
37584,169,193
37585,169,194
37586,169,195
37587,169,196
37588,169,197
37589,169,198
37590,169,199
37591,169,200
37592,169,201
37593,169,202
37594,169,203
37595,169,204
37596,169,205
37597,169,206
37598,169,207
37599,169,208
37600,169,209
37601,169,210
37602,169,211
37603,169,212
37604,169,213
37605,169,214
37606,169,215
37607,169,216
37608,169,217
37609,169,218
37610,169,219
37611,169,220
37612,169,221
37613,169,222
37614,169,223
37615,169,224
37616,169,225
37617,169,226
37618,169,227
37619,169,228
37620,169,229
37621,169,230
37622,169,231
37623,169,232
37624,169,233
37625,169,234
37626,169,235
37627,169,236
37628,169,237
37629,169,238
37630,169,239
37631,169,240
37632,169,241
37633,169,242
37634,169,243
37635,169,244
37636,169,245
37637,169,246
37638,169,247
37639,169,248
37640,169,249
37641,169,250
37642,169,251
37643,169,252
37644,169,253
37645,170,3
37646,170,4
37647,170,5
37648,170,6
37649,170,7
37650,170,8
37651,170,9
37652,170,10
37653,170,11
37654,170,12
37655,170,13
37656,170,14
37657,170,15
37658,170,16
37659,170,17
37660,170,18
37661,170,19
37662,170,20
37663,170,21
37664,170,22
37665,170,23
37666,170,24
37667,170,25
37668,170,26
37669,170,27
37670,170,28
37671,170,29
37672,170,30
37673,170,31
37674,170,32
37675,170,33
37676,170,34
37677,170,35
37678,170,36
37679,170,37
37680,170,38
37681,170,39
37682,170,40
37683,170,41
37684,170,42
37685,170,43
37686,170,44
37687,170,45
37688,170,46
37689,170,47
37690,170,48
37691,170,49
37692,170,50
37693,170,51
37694,170,52
37695,170,53
37696,170,54
37697,170,55
37698,170,56
37699,170,57
37700,170,58
37701,170,59
37702,170,60
37703,170,61
37704,170,62
37705,170,63
37706,170,64
37707,170,65
37708,170,66
37709,170,67
37710,170,68
37711,170,69
37712,170,70
37713,170,71
37714,170,72
37715,170,73
37716,170,74
37717,170,75
37718,170,76
37719,170,77
37720,170,78
37721,170,79
37722,170,80
37723,170,81
37724,170,82
37725,170,83
37726,170,84
37727,170,85
37728,170,86
37729,170,87
37730,170,88
37731,170,89
37732,170,90
37733,170,91
37734,170,92
37735,170,93
37736,170,94
37737,170,95
37738,170,96
37739,170,97
37740,170,98
37741,170,99
37742,170,100
37743,170,101
37744,170,102
37745,170,103
37746,170,104
37747,170,105
37748,170,106
37749,170,107
37750,170,108
37751,170,109
37752,170,110
37753,170,111
37754,170,112
37755,170,113
37756,170,114
37757,170,115
37758,170,116
37759,170,117
37760,170,118
37761,170,119
37762,170,120
37763,170,121
37764,170,122
37765,170,123
37766,170,124
37767,170,125
37768,170,126
37769,170,127
37770,170,128
37771,170,129
37772,170,130
37773,170,131
37774,170,132
37775,170,133
37776,170,134
37777,170,135
37778,170,136
37779,170,137
37780,170,138
37781,170,139
37782,170,140
37783,170,141
37784,170,142
37785,170,143
37786,170,144
37787,170,145
37788,170,146
37789,170,147
37790,170,148
37791,170,149
37792,170,150
37793,170,151
37794,170,152
37795,170,153
37796,170,154
37797,170,155
37798,170,156
37799,170,157
37800,170,158
37801,170,159
37802,170,160
37803,170,161
37804,170,162
37805,170,163
37806,170,164
37807,170,165
37808,170,166
37809,170,167
37810,170,168
37811,170,169
37812,170,170
37813,170,171
37814,170,172
37815,170,173
37816,170,174
37817,170,175
37818,170,176
37819,170,177
37820,170,178
37821,170,179
37822,170,180
37823,170,181
37824,170,182
37825,170,183
37826,170,184
37827,170,185
37828,170,186
37829,170,187
37830,170,188
37831,170,189
37832,170,190
37833,170,191
37834,170,192
37835,170,193
37836,170,194
37837,170,195
37838,170,196
37839,170,197
37840,170,198
37841,170,199
37842,170,200
37843,170,201
37844,170,202
37845,170,203
37846,170,204
37847,170,205
37848,170,206
37849,170,207
37850,170,208
37851,170,209
37852,170,210
37853,170,211
37854,170,212
37855,170,213
37856,170,214
37857,170,215
37858,170,216
37859,170,217
37860,170,218
37861,170,219
37862,170,220
37863,170,221
37864,170,222
37865,170,223
37866,170,224
37867,170,225
37868,170,226
37869,170,227
37870,170,228
37871,170,229
37872,170,230
37873,170,231
37874,170,232
37875,170,233
37876,170,234
37877,170,235
37878,170,236
37879,170,237
37880,170,238
37881,170,239
37882,170,240
37883,170,241
37884,170,242
37885,170,243
37886,170,244
37887,170,245
37888,170,246
37889,170,247
37890,170,248
37891,170,249
37892,170,250
37893,170,251
37894,170,252
37895,170,253
37896,171,4
37897,171,5
37898,171,6
37899,171,7
37900,171,8
37901,171,9
37902,171,10
37903,171,11
37904,171,12
37905,171,13
37906,171,14
37907,171,15
37908,171,16
37909,171,17
37910,171,18
37911,171,19
37912,171,20
37913,171,21
37914,171,22
37915,171,23
37916,171,24
37917,171,25
37918,171,26
37919,171,27
37920,171,28
37921,171,29
37922,171,30
37923,171,31
37924,171,32
37925,171,33
37926,171,34
37927,171,35
37928,171,36
37929,171,37
37930,171,38
37931,171,39
37932,171,40
37933,171,41
37934,171,42
37935,171,43
37936,171,44
37937,171,45
37938,171,46
37939,171,47
37940,171,48
37941,171,49
37942,171,50
37943,171,51
37944,171,52
37945,171,53
37946,171,54
37947,171,55
37948,171,56
37949,171,57
37950,171,58
37951,171,59
37952,171,60
37953,171,61
37954,171,62
37955,171,63
37956,171,64
37957,171,65
37958,171,66
37959,171,67
37960,171,68
37961,171,69
37962,171,70
37963,171,71
37964,171,72
37965,171,73
37966,171,74
37967,171,75
37968,171,76
37969,171,77
37970,171,78
37971,171,79
37972,171,80
37973,171,81
37974,171,82
37975,171,83
37976,171,84
37977,171,85
37978,171,86
37979,171,87
37980,171,88
37981,171,89
37982,171,90
37983,171,91
37984,171,92
37985,171,93
37986,171,94
37987,171,95
37988,171,96
37989,171,97
37990,171,98
37991,171,99
37992,171,100
37993,171,101
37994,171,102
37995,171,103
37996,171,104
37997,171,105
37998,171,106
37999,171,107
38000,171,108
38001,171,109
38002,171,110
38003,171,111
38004,171,112
38005,171,113
38006,171,114
38007,171,115
38008,171,116
38009,171,117
38010,171,118
38011,171,119
38012,171,120
38013,171,121
38014,171,122
38015,171,123
38016,171,124
38017,171,125
38018,171,126
38019,171,127
38020,171,128
38021,171,129
38022,171,130
38023,171,131
38024,171,132
38025,171,133
38026,171,134
38027,171,135
38028,171,136
38029,171,137
38030,171,138
38031,171,139
38032,171,140
38033,171,141
38034,171,142
38035,171,143
38036,171,144
38037,171,145
38038,171,146
38039,171,147
38040,171,148
38041,171,149
38042,171,150
38043,171,151
38044,171,152
38045,171,153
38046,171,154
38047,171,155
38048,171,156
38049,171,157
38050,171,158
38051,171,159
38052,171,160
38053,171,161
38054,171,162
38055,171,163
38056,171,164
38057,171,165
38058,171,166
38059,171,167
38060,171,168
38061,171,169
38062,171,170
38063,171,171
38064,171,172
38065,171,173
38066,171,174
38067,171,175
38068,171,176
38069,171,177
38070,171,178
38071,171,179
38072,171,180
38073,171,181
38074,171,182
38075,171,183
38076,171,184
38077,171,185
38078,171,186
38079,171,187
38080,171,188
38081,171,189
38082,171,190
38083,171,191
38084,171,192
38085,171,193
38086,171,194
38087,171,195
38088,171,196
38089,171,197
38090,171,198
38091,171,199
38092,171,200
38093,171,201
38094,171,202
38095,171,203
38096,171,204
38097,171,205
38098,171,206
38099,171,207
38100,171,208
38101,171,209
38102,171,210
38103,171,211
38104,171,212
38105,171,213
38106,171,214
38107,171,215
38108,171,216
38109,171,217
38110,171,218
38111,171,219
38112,171,220
38113,171,221
38114,171,222
38115,171,223
38116,171,224
38117,171,225
38118,171,226
38119,171,227
38120,171,228
38121,171,229
38122,171,230
38123,171,231
38124,171,232
38125,171,233
38126,171,234
38127,171,235
38128,171,236
38129,171,237
38130,171,238
38131,171,239
38132,171,240
38133,171,241
38134,171,242
38135,171,243
38136,171,244
38137,171,245
38138,171,246
38139,171,247
38140,171,248
38141,171,249
38142,171,250
38143,171,251
38144,171,252
38145,172,4
38146,172,5
38147,172,6
38148,172,7
38149,172,8
38150,172,9
38151,172,10
38152,172,11
38153,172,12
38154,172,13
38155,172,14
38156,172,15
38157,172,16
38158,172,17
38159,172,18
38160,172,19
38161,172,20
38162,172,21
38163,172,22
38164,172,23
38165,172,24
38166,172,25
38167,172,26
38168,172,27
38169,172,28
38170,172,29
38171,172,30
38172,172,31
38173,172,32
38174,172,33
38175,172,34
38176,172,35
38177,172,36
38178,172,37
38179,172,38
38180,172,39
38181,172,40
38182,172,41
38183,172,42
38184,172,43
38185,172,44
38186,172,45
38187,172,46
38188,172,47
38189,172,48
38190,172,49
38191,172,50
38192,172,51
38193,172,52
38194,172,53
38195,172,54
38196,172,55
38197,172,56
38198,172,57
38199,172,58
38200,172,59
38201,172,60
38202,172,61
38203,172,62
38204,172,63
38205,172,64
38206,172,65
38207,172,66
38208,172,67
38209,172,68
38210,172,69
38211,172,70
38212,172,71
38213,172,72
38214,172,73
38215,172,74
38216,172,75
38217,172,76
38218,172,77
38219,172,78
38220,172,79
38221,172,80
38222,172,81
38223,172,82
38224,172,83
38225,172,84
38226,172,85
38227,172,86
38228,172,87
38229,172,88
38230,172,89
38231,172,90
38232,172,91
38233,172,92
38234,172,93
38235,172,94
38236,172,95
38237,172,96
38238,172,97
38239,172,98
38240,172,99
38241,172,100
38242,172,101
38243,172,102
38244,172,103
38245,172,104
38246,172,105
38247,172,106
38248,172,107
38249,172,108
38250,172,109
38251,172,110
38252,172,111
38253,172,112
38254,172,113
38255,172,114
38256,172,115
38257,172,116
38258,172,117
38259,172,118
38260,172,119
38261,172,120
38262,172,121
38263,172,122
38264,172,123
38265,172,124
38266,172,125
38267,172,126
38268,172,127
38269,172,128
38270,172,129
38271,172,130
38272,172,131
38273,172,132
38274,172,133
38275,172,134
38276,172,135
38277,172,136
38278,172,137
38279,172,138
38280,172,139
38281,172,140
38282,172,141
38283,172,142
38284,172,143
38285,172,144
38286,172,145
38287,172,146
38288,172,147
38289,172,148
38290,172,149
38291,172,150
38292,172,151
38293,172,152
38294,172,153
38295,172,154
38296,172,155
38297,172,156
38298,172,157
38299,172,158
38300,172,159
38301,172,160
38302,172,161
38303,172,162
38304,172,163
38305,172,164
38306,172,165
38307,172,166
38308,172,167
38309,172,168
38310,172,169
38311,172,170
38312,172,171
38313,172,172
38314,172,173
38315,172,174
38316,172,175
38317,172,176
38318,172,177
38319,172,178
38320,172,179
38321,172,180
38322,172,181
38323,172,182
38324,172,183
38325,172,184
38326,172,185
38327,172,186
38328,172,187
38329,172,188
38330,172,189
38331,172,190
38332,172,191
38333,172,192
38334,172,193
38335,172,194
38336,172,195
38337,172,196
38338,172,197
38339,172,198
38340,172,199
38341,172,200
38342,172,201
38343,172,202
38344,172,203
38345,172,204
38346,172,205
38347,172,206
38348,172,207
38349,172,208
38350,172,209
38351,172,210
38352,172,211
38353,172,212
38354,172,213
38355,172,214
38356,172,215
38357,172,216
38358,172,217
38359,172,218
38360,172,219
38361,172,220
38362,172,221
38363,172,222
38364,172,223
38365,172,224
38366,172,225
38367,172,226
38368,172,227
38369,172,228
38370,172,229
38371,172,230
38372,172,231
38373,172,232
38374,172,233
38375,172,234
38376,172,235
38377,172,236
38378,172,237
38379,172,238
38380,172,239
38381,172,240
38382,172,241
38383,172,242
38384,172,243
38385,172,244
38386,172,245
38387,172,246
38388,172,247
38389,172,248
38390,172,249
38391,172,250
38392,172,251
38393,172,252
38394,173,4
38395,173,5
38396,173,6
38397,173,7
38398,173,8
38399,173,9
38400,173,10
38401,173,11
38402,173,12
38403,173,13
38404,173,14
38405,173,15
38406,173,16
38407,173,17
38408,173,18
38409,173,19
38410,173,20
38411,173,21
38412,173,22
38413,173,23
38414,173,24
38415,173,25
38416,173,26
38417,173,27
38418,173,28
38419,173,29
38420,173,30
38421,173,31
38422,173,32
38423,173,33
38424,173,34
38425,173,35
38426,173,36
38427,173,37
38428,173,38
38429,173,39
38430,173,40
38431,173,41
38432,173,42
38433,173,43
38434,173,44
38435,173,45
38436,173,46
38437,173,47
38438,173,48
38439,173,49
38440,173,50
38441,173,51
38442,173,52
38443,173,53
38444,173,54
38445,173,55
38446,173,56
38447,173,57
38448,173,58
38449,173,59
38450,173,60
38451,173,61
38452,173,62
38453,173,63
38454,173,64
38455,173,65
38456,173,66
38457,173,67
38458,173,68
38459,173,69
38460,173,70
38461,173,71
38462,173,72
38463,173,73
38464,173,74
38465,173,75
38466,173,76
38467,173,77
38468,173,78
38469,173,79
38470,173,80
38471,173,81
38472,173,82
38473,173,83
38474,173,84
38475,173,85
38476,173,86
38477,173,87
38478,173,88
38479,173,89
38480,173,90
38481,173,91
38482,173,92
38483,173,93
38484,173,94
38485,173,95
38486,173,96
38487,173,97
38488,173,98
38489,173,99
38490,173,100
38491,173,101
38492,173,102
38493,173,103
38494,173,104
38495,173,105
38496,173,106
38497,173,107
38498,173,108
38499,173,109
38500,173,110
38501,173,111
38502,173,112
38503,173,113
38504,173,114
38505,173,115
38506,173,116
38507,173,117
38508,173,118
38509,173,119
38510,173,120
38511,173,121
38512,173,122
38513,173,123
38514,173,124
38515,173,125
38516,173,126
38517,173,127
38518,173,128
38519,173,129
38520,173,130
38521,173,131
38522,173,132
38523,173,133
38524,173,134
38525,173,135
38526,173,136
38527,173,137
38528,173,138
38529,173,139
38530,173,140
38531,173,141
38532,173,142
38533,173,143
38534,173,144
38535,173,145
38536,173,146
38537,173,147
38538,173,148
38539,173,149
38540,173,150
38541,173,151
38542,173,152
38543,173,153
38544,173,154
38545,173,155
38546,173,156
38547,173,157
38548,173,158
38549,173,159
38550,173,160
38551,173,161
38552,173,162
38553,173,163
38554,173,164
38555,173,165
38556,173,166
38557,173,167
38558,173,168
38559,173,169
38560,173,170
38561,173,171
38562,173,172
38563,173,173
38564,173,174
38565,173,175
38566,173,176
38567,173,177
38568,173,178
38569,173,179
38570,173,180
38571,173,181
38572,173,182
38573,173,183
38574,173,184
38575,173,185
38576,173,186
38577,173,187
38578,173,188
38579,173,189
38580,173,190
38581,173,191
38582,173,192
38583,173,193
38584,173,194
38585,173,195
38586,173,196
38587,173,197
38588,173,198
38589,173,199
38590,173,200
38591,173,201
38592,173,202
38593,173,203
38594,173,204
38595,173,205
38596,173,206
38597,173,207
38598,173,208
38599,173,209
38600,173,210
38601,173,211
38602,173,212
38603,173,213
38604,173,214
38605,173,215
38606,173,216
38607,173,217
38608,173,218
38609,173,219
38610,173,220
38611,173,221
38612,173,222
38613,173,223
38614,173,224
38615,173,225
38616,173,226
38617,173,227
38618,173,228
38619,173,229
38620,173,230
38621,173,231
38622,173,232
38623,173,233
38624,173,234
38625,173,235
38626,173,236
38627,173,237
38628,173,238
38629,173,239
38630,173,240
38631,173,241
38632,173,242
38633,173,243
38634,173,244
38635,173,245
38636,173,246
38637,173,247
38638,173,248
38639,173,249
38640,173,250
38641,173,251
38642,173,252
38643,174,5
38644,174,6
38645,174,7
38646,174,8
38647,174,9
38648,174,10
38649,174,11
38650,174,12
38651,174,13
38652,174,14
38653,174,15
38654,174,16
38655,174,17
38656,174,18
38657,174,19
38658,174,20
38659,174,21
38660,174,22
38661,174,23
38662,174,24
38663,174,25
38664,174,26
38665,174,27
38666,174,28
38667,174,29
38668,174,30
38669,174,31
38670,174,32
38671,174,33
38672,174,34
38673,174,35
38674,174,36
38675,174,37
38676,174,38
38677,174,39
38678,174,40
38679,174,41
38680,174,42
38681,174,43
38682,174,44
38683,174,45
38684,174,46
38685,174,47
38686,174,48
38687,174,49
38688,174,50
38689,174,51
38690,174,52
38691,174,53
38692,174,54
38693,174,55
38694,174,56
38695,174,57
38696,174,58
38697,174,59
38698,174,60
38699,174,61
38700,174,62
38701,174,63
38702,174,64
38703,174,65
38704,174,66
38705,174,67
38706,174,68
38707,174,69
38708,174,70
38709,174,71
38710,174,72
38711,174,73
38712,174,74
38713,174,75
38714,174,76
38715,174,77
38716,174,78
38717,174,79
38718,174,80
38719,174,81
38720,174,82
38721,174,83
38722,174,84
38723,174,85
38724,174,86
38725,174,87
38726,174,88
38727,174,89
38728,174,90
38729,174,91
38730,174,92
38731,174,93
38732,174,94
38733,174,95
38734,174,96
38735,174,97
38736,174,98
38737,174,99
38738,174,100
38739,174,101
38740,174,102
38741,174,103
38742,174,104
38743,174,105
38744,174,106
38745,174,107
38746,174,108
38747,174,109
38748,174,110
38749,174,111
38750,174,112
38751,174,113
38752,174,114
38753,174,115
38754,174,116
38755,174,117
38756,174,118
38757,174,119
38758,174,120
38759,174,121
38760,174,122
38761,174,123
38762,174,124
38763,174,125
38764,174,126
38765,174,127
38766,174,128
38767,174,129
38768,174,130
38769,174,131
38770,174,132
38771,174,133
38772,174,134
38773,174,135
38774,174,136
38775,174,137
38776,174,138
38777,174,139
38778,174,140
38779,174,141
38780,174,142
38781,174,143
38782,174,144
38783,174,145
38784,174,146
38785,174,147
38786,174,148
38787,174,149
38788,174,150
38789,174,151
38790,174,152
38791,174,153
38792,174,154
38793,174,155
38794,174,156
38795,174,157
38796,174,158
38797,174,159
38798,174,160
38799,174,161
38800,174,162
38801,174,163
38802,174,164
38803,174,165
38804,174,166
38805,174,167
38806,174,168
38807,174,169
38808,174,170
38809,174,171
38810,174,172
38811,174,173
38812,174,174
38813,174,175
38814,174,176
38815,174,177
38816,174,178
38817,174,179
38818,174,180
38819,174,181
38820,174,182
38821,174,183
38822,174,184
38823,174,185
38824,174,186
38825,174,187
38826,174,188
38827,174,189
38828,174,190
38829,174,191
38830,174,192
38831,174,193
38832,174,194
38833,174,195
38834,174,196
38835,174,197
38836,174,198
38837,174,199
38838,174,200
38839,174,201
38840,174,202
38841,174,203
38842,174,204
38843,174,205
38844,174,206
38845,174,207
38846,174,208
38847,174,209
38848,174,210
38849,174,211
38850,174,212
38851,174,213
38852,174,214
38853,174,215
38854,174,216
38855,174,217
38856,174,218
38857,174,219
38858,174,220
38859,174,221
38860,174,222
38861,174,223
38862,174,224
38863,174,225
38864,174,226
38865,174,227
38866,174,228
38867,174,229
38868,174,230
38869,174,231
38870,174,232
38871,174,233
38872,174,234
38873,174,235
38874,174,236
38875,174,237
38876,174,238
38877,174,239
38878,174,240
38879,174,241
38880,174,242
38881,174,243
38882,174,244
38883,174,245
38884,174,246
38885,174,247
38886,174,248
38887,174,249
38888,174,250
38889,174,251
38890,175,5
38891,175,6
38892,175,7
38893,175,8
38894,175,9
38895,175,10
38896,175,11
38897,175,12
38898,175,13
38899,175,14
38900,175,15
38901,175,16
38902,175,17
38903,175,18
38904,175,19
38905,175,20
38906,175,21
38907,175,22
38908,175,23
38909,175,24
38910,175,25
38911,175,26
38912,175,27
38913,175,28
38914,175,29
38915,175,30
38916,175,31
38917,175,32
38918,175,33
38919,175,34
38920,175,35
38921,175,36
38922,175,37
38923,175,38
38924,175,39
38925,175,40
38926,175,41
38927,175,42
38928,175,43
38929,175,44
38930,175,45
38931,175,46
38932,175,47
38933,175,48
38934,175,49
38935,175,50
38936,175,51
38937,175,52
38938,175,53
38939,175,54
38940,175,55
38941,175,56
38942,175,57
38943,175,58
38944,175,59
38945,175,60
38946,175,61
38947,175,62
38948,175,63
38949,175,64
38950,175,65
38951,175,66
38952,175,67
38953,175,68
38954,175,69
38955,175,70
38956,175,71
38957,175,72
38958,175,73
38959,175,74
38960,175,75
38961,175,76
38962,175,77
38963,175,78
38964,175,79
38965,175,80
38966,175,81
38967,175,82
38968,175,83
38969,175,84
38970,175,85
38971,175,86
38972,175,87
38973,175,88
38974,175,89
38975,175,90
38976,175,91
38977,175,92
38978,175,93
38979,175,94
38980,175,95
38981,175,96
38982,175,97
38983,175,98
38984,175,99
38985,175,100
38986,175,101
38987,175,102
38988,175,103
38989,175,104
38990,175,105
38991,175,106
38992,175,107
38993,175,108
38994,175,109
38995,175,110
38996,175,111
38997,175,112
38998,175,113
38999,175,114
39000,175,115
39001,175,116
39002,175,117
39003,175,118
39004,175,119
39005,175,120
39006,175,121
39007,175,122
39008,175,123
39009,175,124
39010,175,125
39011,175,126
39012,175,127
39013,175,128
39014,175,129
39015,175,130
39016,175,131
39017,175,132
39018,175,133
39019,175,134
39020,175,135
39021,175,136
39022,175,137
39023,175,138
39024,175,139
39025,175,140
39026,175,141
39027,175,142
39028,175,143
39029,175,144
39030,175,145
39031,175,146
39032,175,147
39033,175,148
39034,175,149
39035,175,150
39036,175,151
39037,175,152
39038,175,153
39039,175,154
39040,175,155
39041,175,156
39042,175,157
39043,175,158
39044,175,159
39045,175,160
39046,175,161
39047,175,162
39048,175,163
39049,175,164
39050,175,165
39051,175,166
39052,175,167
39053,175,168
39054,175,169
39055,175,170
39056,175,171
39057,175,172
39058,175,173
39059,175,174
39060,175,175
39061,175,176
39062,175,177
39063,175,178
39064,175,179
39065,175,180
39066,175,181
39067,175,182
39068,175,183
39069,175,184
39070,175,185
39071,175,186
39072,175,187
39073,175,188
39074,175,189
39075,175,190
39076,175,191
39077,175,192
39078,175,193
39079,175,194
39080,175,195
39081,175,196
39082,175,197
39083,175,198
39084,175,199
39085,175,200
39086,175,201
39087,175,202
39088,175,203
39089,175,204
39090,175,205
39091,175,206
39092,175,207
39093,175,208
39094,175,209
39095,175,210
39096,175,211
39097,175,212
39098,175,213
39099,175,214
39100,175,215
39101,175,216
39102,175,217
39103,175,218
39104,175,219
39105,175,220
39106,175,221
39107,175,222
39108,175,223
39109,175,224
39110,175,225
39111,175,226
39112,175,227
39113,175,228
39114,175,229
39115,175,230
39116,175,231
39117,175,232
39118,175,233
39119,175,234
39120,175,235
39121,175,236
39122,175,237
39123,175,238
39124,175,239
39125,175,240
39126,175,241
39127,175,242
39128,175,243
39129,175,244
39130,175,245
39131,175,246
39132,175,247
39133,175,248
39134,175,249
39135,175,250
39136,175,251
39137,176,6
39138,176,7
39139,176,8
39140,176,9
39141,176,10
39142,176,11
39143,176,12
39144,176,13
39145,176,14
39146,176,15
39147,176,16
39148,176,17
39149,176,18
39150,176,19
39151,176,20
39152,176,21
39153,176,22
39154,176,23
39155,176,24
39156,176,25
39157,176,26
39158,176,27
39159,176,28
39160,176,29
39161,176,30
39162,176,31
39163,176,32
39164,176,33
39165,176,34
39166,176,35
39167,176,36
39168,176,37
39169,176,38
39170,176,39
39171,176,40
39172,176,41
39173,176,42
39174,176,43
39175,176,44
39176,176,45
39177,176,46
39178,176,47
39179,176,48
39180,176,49
39181,176,50
39182,176,51
39183,176,52
39184,176,53
39185,176,54
39186,176,55
39187,176,56
39188,176,57
39189,176,58
39190,176,59
39191,176,60
39192,176,61
39193,176,62
39194,176,63
39195,176,64
39196,176,65
39197,176,66
39198,176,67
39199,176,68
39200,176,69
39201,176,70
39202,176,71
39203,176,72
39204,176,73
39205,176,74
39206,176,75
39207,176,76
39208,176,77
39209,176,78
39210,176,79
39211,176,80
39212,176,81
39213,176,82
39214,176,83
39215,176,84
39216,176,85
39217,176,86
39218,176,87
39219,176,88
39220,176,89
39221,176,90
39222,176,91
39223,176,92
39224,176,93
39225,176,94
39226,176,95
39227,176,96
39228,176,97
39229,176,98
39230,176,99
39231,176,100
39232,176,101
39233,176,102
39234,176,103
39235,176,104
39236,176,105
39237,176,106
39238,176,107
39239,176,108
39240,176,109
39241,176,110
39242,176,111
39243,176,112
39244,176,113
39245,176,114
39246,176,115
39247,176,116
39248,176,117
39249,176,118
39250,176,119
39251,176,120
39252,176,121
39253,176,122
39254,176,123
39255,176,124
39256,176,125
39257,176,126
39258,176,127
39259,176,128
39260,176,129
39261,176,130
39262,176,131
39263,176,132
39264,176,133
39265,176,134
39266,176,135
39267,176,136
39268,176,137
39269,176,138
39270,176,139
39271,176,140
39272,176,141
39273,176,142
39274,176,143
39275,176,144
39276,176,145
39277,176,146
39278,176,147
39279,176,148
39280,176,149
39281,176,150
39282,176,151
39283,176,152
39284,176,153
39285,176,154
39286,176,155
39287,176,156
39288,176,157
39289,176,158
39290,176,159
39291,176,160
39292,176,161
39293,176,162
39294,176,163
39295,176,164
39296,176,165
39297,176,166
39298,176,167
39299,176,168
39300,176,169
39301,176,170
39302,176,171
39303,176,172
39304,176,173
39305,176,174
39306,176,175
39307,176,176
39308,176,177
39309,176,178
39310,176,179
39311,176,180
39312,176,181
39313,176,182
39314,176,183
39315,176,184
39316,176,185
39317,176,186
39318,176,187
39319,176,188
39320,176,189
39321,176,190
39322,176,191
39323,176,192
39324,176,193
39325,176,194
39326,176,195
39327,176,196
39328,176,197
39329,176,198
39330,176,199
39331,176,200
39332,176,201
39333,176,202
39334,176,203
39335,176,204
39336,176,205
39337,176,206
39338,176,207
39339,176,208
39340,176,209
39341,176,210
39342,176,211
39343,176,212
39344,176,213
39345,176,214
39346,176,215
39347,176,216
39348,176,217
39349,176,218
39350,176,219
39351,176,220
39352,176,221
39353,176,222
39354,176,223
39355,176,224
39356,176,225
39357,176,226
39358,176,227
39359,176,228
39360,176,229
39361,176,230
39362,176,231
39363,176,232
39364,176,233
39365,176,234
39366,176,235
39367,176,236
39368,176,237
39369,176,238
39370,176,239
39371,176,240
39372,176,241
39373,176,242
39374,176,243
39375,176,244
39376,176,245
39377,176,246
39378,176,247
39379,176,248
39380,176,249
39381,176,250
39382,177,6
39383,177,7
39384,177,8
39385,177,9
39386,177,10
39387,177,11
39388,177,12
39389,177,13
39390,177,14
39391,177,15
39392,177,16
39393,177,17
39394,177,18
39395,177,19
39396,177,20
39397,177,21
39398,177,22
39399,177,23
39400,177,24
39401,177,25
39402,177,26
39403,177,27
39404,177,28
39405,177,29
39406,177,30
39407,177,31
39408,177,32
39409,177,33
39410,177,34
39411,177,35
39412,177,36
39413,177,37
39414,177,38
39415,177,39
39416,177,40
39417,177,41
39418,177,42
39419,177,43
39420,177,44
39421,177,45
39422,177,46
39423,177,47
39424,177,48
39425,177,49
39426,177,50
39427,177,51
39428,177,52
39429,177,53
39430,177,54
39431,177,55
39432,177,56
39433,177,57
39434,177,58
39435,177,59
39436,177,60
39437,177,61
39438,177,62
39439,177,63
39440,177,64
39441,177,65
39442,177,66
39443,177,67
39444,177,68
39445,177,69
39446,177,70
39447,177,71
39448,177,72
39449,177,73
39450,177,74
39451,177,75
39452,177,76
39453,177,77
39454,177,78
39455,177,79
39456,177,80
39457,177,81
39458,177,82
39459,177,83
39460,177,84
39461,177,85
39462,177,86
39463,177,87
39464,177,88
39465,177,89
39466,177,90
39467,177,91
39468,177,92
39469,177,93
39470,177,94
39471,177,95
39472,177,96
39473,177,97
39474,177,98
39475,177,99
39476,177,100
39477,177,101
39478,177,102
39479,177,103
39480,177,104
39481,177,105
39482,177,106
39483,177,107
39484,177,108
39485,177,109
39486,177,110
39487,177,111
39488,177,112
39489,177,113
39490,177,114
39491,177,115
39492,177,116
39493,177,117
39494,177,118
39495,177,119
39496,177,120
39497,177,121
39498,177,122
39499,177,123
39500,177,124
39501,177,125
39502,177,126
39503,177,127
39504,177,128
39505,177,129
39506,177,130
39507,177,131
39508,177,132
39509,177,133
39510,177,134
39511,177,135
39512,177,136
39513,177,137
39514,177,138
39515,177,139
39516,177,140
39517,177,141
39518,177,142
39519,177,143
39520,177,144
39521,177,145
39522,177,146
39523,177,147
39524,177,148
39525,177,149
39526,177,150
39527,177,151
39528,177,152
39529,177,153
39530,177,154
39531,177,155
39532,177,156
39533,177,157
39534,177,158
39535,177,159
39536,177,160
39537,177,161
39538,177,162
39539,177,163
39540,177,164
39541,177,165
39542,177,166
39543,177,167
39544,177,168
39545,177,169
39546,177,170
39547,177,171
39548,177,172
39549,177,173
39550,177,174
39551,177,175
39552,177,176
39553,177,177
39554,177,178
39555,177,179
39556,177,180
39557,177,181
39558,177,182
39559,177,183
39560,177,184
39561,177,185
39562,177,186
39563,177,187
39564,177,188
39565,177,189
39566,177,190
39567,177,191
39568,177,192
39569,177,193
39570,177,194
39571,177,195
39572,177,196
39573,177,197
39574,177,198
39575,177,199
39576,177,200
39577,177,201
39578,177,202
39579,177,203
39580,177,204
39581,177,205
39582,177,206
39583,177,207
39584,177,208
39585,177,209
39586,177,210
39587,177,211
39588,177,212
39589,177,213
39590,177,214
39591,177,215
39592,177,216
39593,177,217
39594,177,218
39595,177,219
39596,177,220
39597,177,221
39598,177,222
39599,177,223
39600,177,224
39601,177,225
39602,177,226
39603,177,227
39604,177,228
39605,177,229
39606,177,230
39607,177,231
39608,177,232
39609,177,233
39610,177,234
39611,177,235
39612,177,236
39613,177,237
39614,177,238
39615,177,239
39616,177,240
39617,177,241
39618,177,242
39619,177,243
39620,177,244
39621,177,245
39622,177,246
39623,177,247
39624,177,248
39625,177,249
39626,177,250
39627,178,6
39628,178,7
39629,178,8
39630,178,9
39631,178,10
39632,178,11
39633,178,12
39634,178,13
39635,178,14
39636,178,15
39637,178,16
39638,178,17
39639,178,18
39640,178,19
39641,178,20
39642,178,21
39643,178,22
39644,178,23
39645,178,24
39646,178,25
39647,178,26
39648,178,27
39649,178,28
39650,178,29
39651,178,30
39652,178,31
39653,178,32
39654,178,33
39655,178,34
39656,178,35
39657,178,36
39658,178,37
39659,178,38
39660,178,39
39661,178,40
39662,178,41
39663,178,42
39664,178,43
39665,178,44
39666,178,45
39667,178,46
39668,178,47
39669,178,48
39670,178,49
39671,178,50
39672,178,51
39673,178,52
39674,178,53
39675,178,54
39676,178,55
39677,178,56
39678,178,57
39679,178,58
39680,178,59
39681,178,60
39682,178,61
39683,178,62
39684,178,63
39685,178,64
39686,178,65
39687,178,66
39688,178,67
39689,178,68
39690,178,69
39691,178,70
39692,178,71
39693,178,72
39694,178,73
39695,178,74
39696,178,75
39697,178,76
39698,178,77
39699,178,78
39700,178,79
39701,178,80
39702,178,81
39703,178,82
39704,178,83
39705,178,84
39706,178,85
39707,178,86
39708,178,87
39709,178,88
39710,178,89
39711,178,90
39712,178,91
39713,178,92
39714,178,93
39715,178,94
39716,178,95
39717,178,96
39718,178,97
39719,178,98
39720,178,99
39721,178,100
39722,178,101
39723,178,102
39724,178,103
39725,178,104
39726,178,105
39727,178,106
39728,178,107
39729,178,108
39730,178,109
39731,178,110
39732,178,111
39733,178,112
39734,178,113
39735,178,114
39736,178,115
39737,178,116
39738,178,117
39739,178,118
39740,178,119
39741,178,120
39742,178,121
39743,178,122
39744,178,123
39745,178,124
39746,178,125
39747,178,126
39748,178,127
39749,178,128
39750,178,129
39751,178,130
39752,178,131
39753,178,132
39754,178,133
39755,178,134
39756,178,135
39757,178,136
39758,178,137
39759,178,138
39760,178,139
39761,178,140
39762,178,141
39763,178,142
39764,178,143
39765,178,144
39766,178,145
39767,178,146
39768,178,147
39769,178,148
39770,178,149
39771,178,150
39772,178,151
39773,178,152
39774,178,153
39775,178,154
39776,178,155
39777,178,156
39778,178,157
39779,178,158
39780,178,159
39781,178,160
39782,178,161
39783,178,162
39784,178,163
39785,178,164
39786,178,165
39787,178,166
39788,178,167
39789,178,168
39790,178,169
39791,178,170
39792,178,171
39793,178,172
39794,178,173
39795,178,174
39796,178,175
39797,178,176
39798,178,177
39799,178,178
39800,178,179
39801,178,180
39802,178,181
39803,178,182
39804,178,183
39805,178,184
39806,178,185
39807,178,186
39808,178,187
39809,178,188
39810,178,189
39811,178,190
39812,178,191
39813,178,192
39814,178,193
39815,178,194
39816,178,195
39817,178,196
39818,178,197
39819,178,198
39820,178,199
39821,178,200
39822,178,201
39823,178,202
39824,178,203
39825,178,204
39826,178,205
39827,178,206
39828,178,207
39829,178,208
39830,178,209
39831,178,210
39832,178,211
39833,178,212
39834,178,213
39835,178,214
39836,178,215
39837,178,216
39838,178,217
39839,178,218
39840,178,219
39841,178,220
39842,178,221
39843,178,222
39844,178,223
39845,178,224
39846,178,225
39847,178,226
39848,178,227
39849,178,228
39850,178,229
39851,178,230
39852,178,231
39853,178,232
39854,178,233
39855,178,234
39856,178,235
39857,178,236
39858,178,237
39859,178,238
39860,178,239
39861,178,240
39862,178,241
39863,178,242
39864,178,243
39865,178,244
39866,178,245
39867,178,246
39868,178,247
39869,178,248
39870,178,249
39871,178,250
39872,179,7
39873,179,8
39874,179,9
39875,179,10
39876,179,11
39877,179,12
39878,179,13
39879,179,14
39880,179,15
39881,179,16
39882,179,17
39883,179,18
39884,179,19
39885,179,20
39886,179,21
39887,179,22
39888,179,23
39889,179,24
39890,179,25
39891,179,26
39892,179,27
39893,179,28
39894,179,29
39895,179,30
39896,179,31
39897,179,32
39898,179,33
39899,179,34
39900,179,35
39901,179,36
39902,179,37
39903,179,38
39904,179,39
39905,179,40
39906,179,41
39907,179,42
39908,179,43
39909,179,44
39910,179,45
39911,179,46
39912,179,47
39913,179,48
39914,179,49
39915,179,50
39916,179,51
39917,179,52
39918,179,53
39919,179,54
39920,179,55
39921,179,56
39922,179,57
39923,179,58
39924,179,59
39925,179,60
39926,179,61
39927,179,62
39928,179,63
39929,179,64
39930,179,65
39931,179,66
39932,179,67
39933,179,68
39934,179,69
39935,179,70
39936,179,71
39937,179,72
39938,179,73
39939,179,74
39940,179,75
39941,179,76
39942,179,77
39943,179,78
39944,179,79
39945,179,80
39946,179,81
39947,179,82
39948,179,83
39949,179,84
39950,179,85
39951,179,86
39952,179,87
39953,179,88
39954,179,89
39955,179,90
39956,179,91
39957,179,92
39958,179,93
39959,179,94
39960,179,95
39961,179,96
39962,179,97
39963,179,98
39964,179,99
39965,179,100
39966,179,101
39967,179,102
39968,179,103
39969,179,104
39970,179,105
39971,179,106
39972,179,107
39973,179,108
39974,179,109
39975,179,110
39976,179,111
39977,179,112
39978,179,113
39979,179,114
39980,179,115
39981,179,116
39982,179,117
39983,179,118
39984,179,119
39985,179,120
39986,179,121
39987,179,122
39988,179,123
39989,179,124
39990,179,125
39991,179,126
39992,179,127
39993,179,128
39994,179,129
39995,179,130
39996,179,131
39997,179,132
39998,179,133
39999,179,134
40000,179,135
40001,179,136
40002,179,137
40003,179,138
40004,179,139
40005,179,140
40006,179,141
40007,179,142
40008,179,143
40009,179,144
40010,179,145
40011,179,146
40012,179,147
40013,179,148
40014,179,149
40015,179,150
40016,179,151
40017,179,152
40018,179,153
40019,179,154
40020,179,155
40021,179,156
40022,179,157
40023,179,158
40024,179,159
40025,179,160
40026,179,161
40027,179,162
40028,179,163
40029,179,164
40030,179,165
40031,179,166
40032,179,167
40033,179,168
40034,179,169
40035,179,170
40036,179,171
40037,179,172
40038,179,173
40039,179,174
40040,179,175
40041,179,176
40042,179,177
40043,179,178
40044,179,179
40045,179,180
40046,179,181
40047,179,182
40048,179,183
40049,179,184
40050,179,185
40051,179,186
40052,179,187
40053,179,188
40054,179,189
40055,179,190
40056,179,191
40057,179,192
40058,179,193
40059,179,194
40060,179,195
40061,179,196
40062,179,197
40063,179,198
40064,179,199
40065,179,200
40066,179,201
40067,179,202
40068,179,203
40069,179,204
40070,179,205
40071,179,206
40072,179,207
40073,179,208
40074,179,209
40075,179,210
40076,179,211
40077,179,212
40078,179,213
40079,179,214
40080,179,215
40081,179,216
40082,179,217
40083,179,218
40084,179,219
40085,179,220
40086,179,221
40087,179,222
40088,179,223
40089,179,224
40090,179,225
40091,179,226
40092,179,227
40093,179,228
40094,179,229
40095,179,230
40096,179,231
40097,179,232
40098,179,233
40099,179,234
40100,179,235
40101,179,236
40102,179,237
40103,179,238
40104,179,239
40105,179,240
40106,179,241
40107,179,242
40108,179,243
40109,179,244
40110,179,245
40111,179,246
40112,179,247
40113,179,248
40114,179,249
40115,180,7
40116,180,8
40117,180,9
40118,180,10
40119,180,11
40120,180,12
40121,180,13
40122,180,14
40123,180,15
40124,180,16
40125,180,17
40126,180,18
40127,180,19
40128,180,20
40129,180,21
40130,180,22
40131,180,23
40132,180,24
40133,180,25
40134,180,26
40135,180,27
40136,180,28
40137,180,29
40138,180,30
40139,180,31
40140,180,32
40141,180,33
40142,180,34
40143,180,35
40144,180,36
40145,180,37
40146,180,38
40147,180,39
40148,180,40
40149,180,41
40150,180,42
40151,180,43
40152,180,44
40153,180,45
40154,180,46
40155,180,47
40156,180,48
40157,180,49
40158,180,50
40159,180,51
40160,180,52
40161,180,53
40162,180,54
40163,180,55
40164,180,56
40165,180,57
40166,180,58
40167,180,59
40168,180,60
40169,180,61
40170,180,62
40171,180,63
40172,180,64
40173,180,65
40174,180,66
40175,180,67
40176,180,68
40177,180,69
40178,180,70
40179,180,71
40180,180,72
40181,180,73
40182,180,74
40183,180,75
40184,180,76
40185,180,77
40186,180,78
40187,180,79
40188,180,80
40189,180,81
40190,180,82
40191,180,83
40192,180,84
40193,180,85
40194,180,86
40195,180,87
40196,180,88
40197,180,89
40198,180,90
40199,180,91
40200,180,92
40201,180,93
40202,180,94
40203,180,95
40204,180,96
40205,180,97
40206,180,98
40207,180,99
40208,180,100
40209,180,101
40210,180,102
40211,180,103
40212,180,104
40213,180,105
40214,180,106
40215,180,107
40216,180,108
40217,180,109
40218,180,110
40219,180,111
40220,180,112
40221,180,113
40222,180,114
40223,180,115
40224,180,116
40225,180,117
40226,180,118
40227,180,119
40228,180,120
40229,180,121
40230,180,122
40231,180,123
40232,180,124
40233,180,125
40234,180,126
40235,180,127
40236,180,128
40237,180,129
40238,180,130
40239,180,131
40240,180,132
40241,180,133
40242,180,134
40243,180,135
40244,180,136
40245,180,137
40246,180,138
40247,180,139
40248,180,140
40249,180,141
40250,180,142
40251,180,143
40252,180,144
40253,180,145
40254,180,146
40255,180,147
40256,180,148
40257,180,149
40258,180,150
40259,180,151
40260,180,152
40261,180,153
40262,180,154
40263,180,155
40264,180,156
40265,180,157
40266,180,158
40267,180,159
40268,180,160
40269,180,161
40270,180,162
40271,180,163
40272,180,164
40273,180,165
40274,180,166
40275,180,167
40276,180,168
40277,180,169
40278,180,170
40279,180,171
40280,180,172
40281,180,173
40282,180,174
40283,180,175
40284,180,176
40285,180,177
40286,180,178
40287,180,179
40288,180,180
40289,180,181
40290,180,182
40291,180,183
40292,180,184
40293,180,185
40294,180,186
40295,180,187
40296,180,188
40297,180,189
40298,180,190
40299,180,191
40300,180,192
40301,180,193
40302,180,194
40303,180,195
40304,180,196
40305,180,197
40306,180,198
40307,180,199
40308,180,200
40309,180,201
40310,180,202
40311,180,203
40312,180,204
40313,180,205
40314,180,206
40315,180,207
40316,180,208
40317,180,209
40318,180,210
40319,180,211
40320,180,212
40321,180,213
40322,180,214
40323,180,215
40324,180,216
40325,180,217
40326,180,218
40327,180,219
40328,180,220
40329,180,221
40330,180,222
40331,180,223
40332,180,224
40333,180,225
40334,180,226
40335,180,227
40336,180,228
40337,180,229
40338,180,230
40339,180,231
40340,180,232
40341,180,233
40342,180,234
40343,180,235
40344,180,236
40345,180,237
40346,180,238
40347,180,239
40348,180,240
40349,180,241
40350,180,242
40351,180,243
40352,180,244
40353,180,245
40354,180,246
40355,180,247
40356,180,248
40357,180,249
40358,181,8
40359,181,9
40360,181,10
40361,181,11
40362,181,12
40363,181,13
40364,181,14
40365,181,15
40366,181,16
40367,181,17
40368,181,18
40369,181,19
40370,181,20
40371,181,21
40372,181,22
40373,181,23
40374,181,24
40375,181,25
40376,181,26
40377,181,27
40378,181,28
40379,181,29
40380,181,30
40381,181,31
40382,181,32
40383,181,33
40384,181,34
40385,181,35
40386,181,36
40387,181,37
40388,181,38
40389,181,39
40390,181,40
40391,181,41
40392,181,42
40393,181,43
40394,181,44
40395,181,45
40396,181,46
40397,181,47
40398,181,48
40399,181,49
40400,181,50
40401,181,51
40402,181,52
40403,181,53
40404,181,54
40405,181,55
40406,181,56
40407,181,57
40408,181,58
40409,181,59
40410,181,60
40411,181,61
40412,181,62
40413,181,63
40414,181,64
40415,181,65
40416,181,66
40417,181,67
40418,181,68
40419,181,69
40420,181,70
40421,181,71
40422,181,72
40423,181,73
40424,181,74
40425,181,75
40426,181,76
40427,181,77
40428,181,78
40429,181,79
40430,181,80
40431,181,81
40432,181,82
40433,181,83
40434,181,84
40435,181,85
40436,181,86
40437,181,87
40438,181,88
40439,181,89
40440,181,90
40441,181,91
40442,181,92
40443,181,93
40444,181,94
40445,181,95
40446,181,96
40447,181,97
40448,181,98
40449,181,99
40450,181,100
40451,181,101
40452,181,102
40453,181,103
40454,181,104
40455,181,105
40456,181,106
40457,181,107
40458,181,108
40459,181,109
40460,181,110
40461,181,111
40462,181,112
40463,181,113
40464,181,114
40465,181,115
40466,181,116
40467,181,117
40468,181,118
40469,181,119
40470,181,120
40471,181,121
40472,181,122
40473,181,123
40474,181,124
40475,181,125
40476,181,126
40477,181,127
40478,181,128
40479,181,129
40480,181,130
40481,181,131
40482,181,132
40483,181,133
40484,181,134
40485,181,135
40486,181,136
40487,181,137
40488,181,138
40489,181,139
40490,181,140
40491,181,141
40492,181,142
40493,181,143
40494,181,144
40495,181,145
40496,181,146
40497,181,147
40498,181,148
40499,181,149
40500,181,150
40501,181,151
40502,181,152
40503,181,153
40504,181,154
40505,181,155
40506,181,156
40507,181,157
40508,181,158
40509,181,159
40510,181,160
40511,181,161
40512,181,162
40513,181,163
40514,181,164
40515,181,165
40516,181,166
40517,181,167
40518,181,168
40519,181,169
40520,181,170
40521,181,171
40522,181,172
40523,181,173
40524,181,174
40525,181,175
40526,181,176
40527,181,177
40528,181,178
40529,181,179
40530,181,180
40531,181,181
40532,181,182
40533,181,183
40534,181,184
40535,181,185
40536,181,186
40537,181,187
40538,181,188
40539,181,189
40540,181,190
40541,181,191
40542,181,192
40543,181,193
40544,181,194
40545,181,195
40546,181,196
40547,181,197
40548,181,198
40549,181,199
40550,181,200
40551,181,201
40552,181,202
40553,181,203
40554,181,204
40555,181,205
40556,181,206
40557,181,207
40558,181,208
40559,181,209
40560,181,210
40561,181,211
40562,181,212
40563,181,213
40564,181,214
40565,181,215
40566,181,216
40567,181,217
40568,181,218
40569,181,219
40570,181,220
40571,181,221
40572,181,222
40573,181,223
40574,181,224
40575,181,225
40576,181,226
40577,181,227
40578,181,228
40579,181,229
40580,181,230
40581,181,231
40582,181,232
40583,181,233
40584,181,234
40585,181,235
40586,181,236
40587,181,237
40588,181,238
40589,181,239
40590,181,240
40591,181,241
40592,181,242
40593,181,243
40594,181,244
40595,181,245
40596,181,246
40597,181,247
40598,181,248
40599,182,8
40600,182,9
40601,182,10
40602,182,11
40603,182,12
40604,182,13
40605,182,14
40606,182,15
40607,182,16
40608,182,17
40609,182,18
40610,182,19
40611,182,20
40612,182,21
40613,182,22
40614,182,23
40615,182,24
40616,182,25
40617,182,26
40618,182,27
40619,182,28
40620,182,29
40621,182,30
40622,182,31
40623,182,32
40624,182,33
40625,182,34
40626,182,35
40627,182,36
40628,182,37
40629,182,38
40630,182,39
40631,182,40
40632,182,41
40633,182,42
40634,182,43
40635,182,44
40636,182,45
40637,182,46
40638,182,47
40639,182,48
40640,182,49
40641,182,50
40642,182,51
40643,182,52
40644,182,53
40645,182,54
40646,182,55
40647,182,56
40648,182,57
40649,182,58
40650,182,59
40651,182,60
40652,182,61
40653,182,62
40654,182,63
40655,182,64
40656,182,65
40657,182,66
40658,182,67
40659,182,68
40660,182,69
40661,182,70
40662,182,71
40663,182,72
40664,182,73
40665,182,74
40666,182,75
40667,182,76
40668,182,77
40669,182,78
40670,182,79
40671,182,80
40672,182,81
40673,182,82
40674,182,83
40675,182,84
40676,182,85
40677,182,86
40678,182,87
40679,182,88
40680,182,89
40681,182,90
40682,182,91
40683,182,92
40684,182,93
40685,182,94
40686,182,95
40687,182,96
40688,182,97
40689,182,98
40690,182,99
40691,182,100
40692,182,101
40693,182,102
40694,182,103
40695,182,104
40696,182,105
40697,182,106
40698,182,107
40699,182,108
40700,182,109
40701,182,110
40702,182,111
40703,182,112
40704,182,113
40705,182,114
40706,182,115
40707,182,116
40708,182,117
40709,182,118
40710,182,119
40711,182,120
40712,182,121
40713,182,122
40714,182,123
40715,182,124
40716,182,125
40717,182,126
40718,182,127
40719,182,128
40720,182,129
40721,182,130
40722,182,131
40723,182,132
40724,182,133
40725,182,134
40726,182,135
40727,182,136
40728,182,137
40729,182,138
40730,182,139
40731,182,140
40732,182,141
40733,182,142
40734,182,143
40735,182,144
40736,182,145
40737,182,146
40738,182,147
40739,182,148
40740,182,149
40741,182,150
40742,182,151
40743,182,152
40744,182,153
40745,182,154
40746,182,155
40747,182,156
40748,182,157
40749,182,158
40750,182,159
40751,182,160
40752,182,161
40753,182,162
40754,182,163
40755,182,164
40756,182,165
40757,182,166
40758,182,167
40759,182,168
40760,182,169
40761,182,170
40762,182,171
40763,182,172
40764,182,173
40765,182,174
40766,182,175
40767,182,176
40768,182,177
40769,182,178
40770,182,179
40771,182,180
40772,182,181
40773,182,182
40774,182,183
40775,182,184
40776,182,185
40777,182,186
40778,182,187
40779,182,188
40780,182,189
40781,182,190
40782,182,191
40783,182,192
40784,182,193
40785,182,194
40786,182,195
40787,182,196
40788,182,197
40789,182,198
40790,182,199
40791,182,200
40792,182,201
40793,182,202
40794,182,203
40795,182,204
40796,182,205
40797,182,206
40798,182,207
40799,182,208
40800,182,209
40801,182,210
40802,182,211
40803,182,212
40804,182,213
40805,182,214
40806,182,215
40807,182,216
40808,182,217
40809,182,218
40810,182,219
40811,182,220
40812,182,221
40813,182,222
40814,182,223
40815,182,224
40816,182,225
40817,182,226
40818,182,227
40819,182,228
40820,182,229
40821,182,230
40822,182,231
40823,182,232
40824,182,233
40825,182,234
40826,182,235
40827,182,236
40828,182,237
40829,182,238
40830,182,239
40831,182,240
40832,182,241
40833,182,242
40834,182,243
40835,182,244
40836,182,245
40837,182,246
40838,182,247
40839,182,248
40840,183,9
40841,183,10
40842,183,11
40843,183,12
40844,183,13
40845,183,14
40846,183,15
40847,183,16
40848,183,17
40849,183,18
40850,183,19
40851,183,20
40852,183,21
40853,183,22
40854,183,23
40855,183,24
40856,183,25
40857,183,26
40858,183,27
40859,183,28
40860,183,29
40861,183,30
40862,183,31
40863,183,32
40864,183,33
40865,183,34
40866,183,35
40867,183,36
40868,183,37
40869,183,38
40870,183,39
40871,183,40
40872,183,41
40873,183,42
40874,183,43
40875,183,44
40876,183,45
40877,183,46
40878,183,47
40879,183,48
40880,183,49
40881,183,50
40882,183,51
40883,183,52
40884,183,53
40885,183,54
40886,183,55
40887,183,56
40888,183,57
40889,183,58
40890,183,59
40891,183,60
40892,183,61
40893,183,62
40894,183,63
40895,183,64
40896,183,65
40897,183,66
40898,183,67
40899,183,68
40900,183,69
40901,183,70
40902,183,71
40903,183,72
40904,183,73
40905,183,74
40906,183,75
40907,183,76
40908,183,77
40909,183,78
40910,183,79
40911,183,80
40912,183,81
40913,183,82
40914,183,83
40915,183,84
40916,183,85
40917,183,86
40918,183,87
40919,183,88
40920,183,89
40921,183,90
40922,183,91
40923,183,92
40924,183,93
40925,183,94
40926,183,95
40927,183,96
40928,183,97
40929,183,98
40930,183,99
40931,183,100
40932,183,101
40933,183,102
40934,183,103
40935,183,104
40936,183,105
40937,183,106
40938,183,107
40939,183,108
40940,183,109
40941,183,110
40942,183,111
40943,183,112
40944,183,113
40945,183,114
40946,183,115
40947,183,116
40948,183,117
40949,183,118
40950,183,119
40951,183,120
40952,183,121
40953,183,122
40954,183,123
40955,183,124
40956,183,125
40957,183,126
40958,183,127
40959,183,128
40960,183,129
40961,183,130
40962,183,131
40963,183,132
40964,183,133
40965,183,134
40966,183,135
40967,183,136
40968,183,137
40969,183,138
40970,183,139
40971,183,140
40972,183,141
40973,183,142
40974,183,143
40975,183,144
40976,183,145
40977,183,146
40978,183,147
40979,183,148
40980,183,149
40981,183,150
40982,183,151
40983,183,152
40984,183,153
40985,183,154
40986,183,155
40987,183,156
40988,183,157
40989,183,158
40990,183,159
40991,183,160
40992,183,161
40993,183,162
40994,183,163
40995,183,164
40996,183,165
40997,183,166
40998,183,167
40999,183,168
41000,183,169
41001,183,170
41002,183,171
41003,183,172
41004,183,173
41005,183,174
41006,183,175
41007,183,176
41008,183,177
41009,183,178
41010,183,179
41011,183,180
41012,183,181
41013,183,182
41014,183,183
41015,183,184
41016,183,185
41017,183,186
41018,183,187
41019,183,188
41020,183,189
41021,183,190
41022,183,191
41023,183,192
41024,183,193
41025,183,194
41026,183,195
41027,183,196
41028,183,197
41029,183,198
41030,183,199
41031,183,200
41032,183,201
41033,183,202
41034,183,203
41035,183,204
41036,183,205
41037,183,206
41038,183,207
41039,183,208
41040,183,209
41041,183,210
41042,183,211
41043,183,212
41044,183,213
41045,183,214
41046,183,215
41047,183,216
41048,183,217
41049,183,218
41050,183,219
41051,183,220
41052,183,221
41053,183,222
41054,183,223
41055,183,224
41056,183,225
41057,183,226
41058,183,227
41059,183,228
41060,183,229
41061,183,230
41062,183,231
41063,183,232
41064,183,233
41065,183,234
41066,183,235
41067,183,236
41068,183,237
41069,183,238
41070,183,239
41071,183,240
41072,183,241
41073,183,242
41074,183,243
41075,183,244
41076,183,245
41077,183,246
41078,183,247
41079,184,9
41080,184,10
41081,184,11
41082,184,12
41083,184,13
41084,184,14
41085,184,15
41086,184,16
41087,184,17
41088,184,18
41089,184,19
41090,184,20
41091,184,21
41092,184,22
41093,184,23
41094,184,24
41095,184,25
41096,184,26
41097,184,27
41098,184,28
41099,184,29
41100,184,30
41101,184,31
41102,184,32
41103,184,33
41104,184,34
41105,184,35
41106,184,36
41107,184,37
41108,184,38
41109,184,39
41110,184,40
41111,184,41
41112,184,42
41113,184,43
41114,184,44
41115,184,45
41116,184,46
41117,184,47
41118,184,48
41119,184,49
41120,184,50
41121,184,51
41122,184,52
41123,184,53
41124,184,54
41125,184,55
41126,184,56
41127,184,57
41128,184,58
41129,184,59
41130,184,60
41131,184,61
41132,184,62
41133,184,63
41134,184,64
41135,184,65
41136,184,66
41137,184,67
41138,184,68
41139,184,69
41140,184,70
41141,184,71
41142,184,72
41143,184,73
41144,184,74
41145,184,75
41146,184,76
41147,184,77
41148,184,78
41149,184,79
41150,184,80
41151,184,81
41152,184,82
41153,184,83
41154,184,84
41155,184,85
41156,184,86
41157,184,87
41158,184,88
41159,184,89
41160,184,90
41161,184,91
41162,184,92
41163,184,93
41164,184,94
41165,184,95
41166,184,96
41167,184,97
41168,184,98
41169,184,99
41170,184,100
41171,184,101
41172,184,102
41173,184,103
41174,184,104
41175,184,105
41176,184,106
41177,184,107
41178,184,108
41179,184,109
41180,184,110
41181,184,111
41182,184,112
41183,184,113
41184,184,114
41185,184,115
41186,184,116
41187,184,117
41188,184,118
41189,184,119
41190,184,120
41191,184,121
41192,184,122
41193,184,123
41194,184,124
41195,184,125
41196,184,126
41197,184,127
41198,184,128
41199,184,129
41200,184,130
41201,184,131
41202,184,132
41203,184,133
41204,184,134
41205,184,135
41206,184,136
41207,184,137
41208,184,138
41209,184,139
41210,184,140
41211,184,141
41212,184,142
41213,184,143
41214,184,144
41215,184,145
41216,184,146
41217,184,147
41218,184,148
41219,184,149
41220,184,150
41221,184,151
41222,184,152
41223,184,153
41224,184,154
41225,184,155
41226,184,156
41227,184,157
41228,184,158
41229,184,159
41230,184,160
41231,184,161
41232,184,162
41233,184,163
41234,184,164
41235,184,165
41236,184,166
41237,184,167
41238,184,168
41239,184,169
41240,184,170
41241,184,171
41242,184,172
41243,184,173
41244,184,174
41245,184,175
41246,184,176
41247,184,177
41248,184,178
41249,184,179
41250,184,180
41251,184,181
41252,184,182
41253,184,183
41254,184,184
41255,184,185
41256,184,186
41257,184,187
41258,184,188
41259,184,189
41260,184,190
41261,184,191
41262,184,192
41263,184,193
41264,184,194
41265,184,195
41266,184,196
41267,184,197
41268,184,198
41269,184,199
41270,184,200
41271,184,201
41272,184,202
41273,184,203
41274,184,204
41275,184,205
41276,184,206
41277,184,207
41278,184,208
41279,184,209
41280,184,210
41281,184,211
41282,184,212
41283,184,213
41284,184,214
41285,184,215
41286,184,216
41287,184,217
41288,184,218
41289,184,219
41290,184,220
41291,184,221
41292,184,222
41293,184,223
41294,184,224
41295,184,225
41296,184,226
41297,184,227
41298,184,228
41299,184,229
41300,184,230
41301,184,231
41302,184,232
41303,184,233
41304,184,234
41305,184,235
41306,184,236
41307,184,237
41308,184,238
41309,184,239
41310,184,240
41311,184,241
41312,184,242
41313,184,243
41314,184,244
41315,184,245
41316,184,246
41317,184,247
41318,185,9
41319,185,10
41320,185,11
41321,185,12
41322,185,13
41323,185,14
41324,185,15
41325,185,16
41326,185,17
41327,185,18
41328,185,19
41329,185,20
41330,185,21
41331,185,22
41332,185,23
41333,185,24
41334,185,25
41335,185,26
41336,185,27
41337,185,28
41338,185,29
41339,185,30
41340,185,31
41341,185,32
41342,185,33
41343,185,34
41344,185,35
41345,185,36
41346,185,37
41347,185,38
41348,185,39
41349,185,40
41350,185,41
41351,185,42
41352,185,43
41353,185,44
41354,185,45
41355,185,46
41356,185,47
41357,185,48
41358,185,49
41359,185,50
41360,185,51
41361,185,52
41362,185,53
41363,185,54
41364,185,55
41365,185,56
41366,185,57
41367,185,58
41368,185,59
41369,185,60
41370,185,61
41371,185,62
41372,185,63
41373,185,64
41374,185,65
41375,185,66
41376,185,67
41377,185,68
41378,185,69
41379,185,70
41380,185,71
41381,185,72
41382,185,73
41383,185,74
41384,185,75
41385,185,76
41386,185,77
41387,185,78
41388,185,79
41389,185,80
41390,185,81
41391,185,82
41392,185,83
41393,185,84
41394,185,85
41395,185,86
41396,185,87
41397,185,88
41398,185,89
41399,185,90
41400,185,91
41401,185,92
41402,185,93
41403,185,94
41404,185,95
41405,185,96
41406,185,97
41407,185,98
41408,185,99
41409,185,100
41410,185,101
41411,185,102
41412,185,103
41413,185,104
41414,185,105
41415,185,106
41416,185,107
41417,185,108
41418,185,109
41419,185,110
41420,185,111
41421,185,112
41422,185,113
41423,185,114
41424,185,115
41425,185,116
41426,185,117
41427,185,118
41428,185,119
41429,185,120
41430,185,121
41431,185,122
41432,185,123
41433,185,124
41434,185,125
41435,185,126
41436,185,127
41437,185,128
41438,185,129
41439,185,130
41440,185,131
41441,185,132
41442,185,133
41443,185,134
41444,185,135
41445,185,136
41446,185,137
41447,185,138
41448,185,139
41449,185,140
41450,185,141
41451,185,142
41452,185,143
41453,185,144
41454,185,145
41455,185,146
41456,185,147
41457,185,148
41458,185,149
41459,185,150
41460,185,151
41461,185,152
41462,185,153
41463,185,154
41464,185,155
41465,185,156
41466,185,157
41467,185,158
41468,185,159
41469,185,160
41470,185,161
41471,185,162
41472,185,163
41473,185,164
41474,185,165
41475,185,166
41476,185,167
41477,185,168
41478,185,169
41479,185,170
41480,185,171
41481,185,172
41482,185,173
41483,185,174
41484,185,175
41485,185,176
41486,185,177
41487,185,178
41488,185,179
41489,185,180
41490,185,181
41491,185,182
41492,185,183
41493,185,184
41494,185,185
41495,185,186
41496,185,187
41497,185,188
41498,185,189
41499,185,190
41500,185,191
41501,185,192
41502,185,193
41503,185,194
41504,185,195
41505,185,196
41506,185,197
41507,185,198
41508,185,199
41509,185,200
41510,185,201
41511,185,202
41512,185,203
41513,185,204
41514,185,205
41515,185,206
41516,185,207
41517,185,208
41518,185,209
41519,185,210
41520,185,211
41521,185,212
41522,185,213
41523,185,214
41524,185,215
41525,185,216
41526,185,217
41527,185,218
41528,185,219
41529,185,220
41530,185,221
41531,185,222
41532,185,223
41533,185,224
41534,185,225
41535,185,226
41536,185,227
41537,185,228
41538,185,229
41539,185,230
41540,185,231
41541,185,232
41542,185,233
41543,185,234
41544,185,235
41545,185,236
41546,185,237
41547,185,238
41548,185,239
41549,185,240
41550,185,241
41551,185,242
41552,185,243
41553,185,244
41554,185,245
41555,185,246
41556,185,247
41557,186,10
41558,186,11
41559,186,12
41560,186,13
41561,186,14
41562,186,15
41563,186,16
41564,186,17
41565,186,18
41566,186,19
41567,186,20
41568,186,21
41569,186,22
41570,186,23
41571,186,24
41572,186,25
41573,186,26
41574,186,27
41575,186,28
41576,186,29
41577,186,30
41578,186,31
41579,186,32
41580,186,33
41581,186,34
41582,186,35
41583,186,36
41584,186,37
41585,186,38
41586,186,39
41587,186,40
41588,186,41
41589,186,42
41590,186,43
41591,186,44
41592,186,45
41593,186,46
41594,186,47
41595,186,48
41596,186,49
41597,186,50
41598,186,51
41599,186,52
41600,186,53
41601,186,54
41602,186,55
41603,186,56
41604,186,57
41605,186,58
41606,186,59
41607,186,60
41608,186,61
41609,186,62
41610,186,63
41611,186,64
41612,186,65
41613,186,66
41614,186,67
41615,186,68
41616,186,69
41617,186,70
41618,186,71
41619,186,72
41620,186,73
41621,186,74
41622,186,75
41623,186,76
41624,186,77
41625,186,78
41626,186,79
41627,186,80
41628,186,81
41629,186,82
41630,186,83
41631,186,84
41632,186,85
41633,186,86
41634,186,87
41635,186,88
41636,186,89
41637,186,90
41638,186,91
41639,186,92
41640,186,93
41641,186,94
41642,186,95
41643,186,96
41644,186,97
41645,186,98
41646,186,99
41647,186,100
41648,186,101
41649,186,102
41650,186,103
41651,186,104
41652,186,105
41653,186,106
41654,186,107
41655,186,108
41656,186,109
41657,186,110
41658,186,111
41659,186,112
41660,186,113
41661,186,114
41662,186,115
41663,186,116
41664,186,117
41665,186,118
41666,186,119
41667,186,120
41668,186,121
41669,186,122
41670,186,123
41671,186,124
41672,186,125
41673,186,126
41674,186,127
41675,186,128
41676,186,129
41677,186,130
41678,186,131
41679,186,132
41680,186,133
41681,186,134
41682,186,135
41683,186,136
41684,186,137
41685,186,138
41686,186,139
41687,186,140
41688,186,141
41689,186,142
41690,186,143
41691,186,144
41692,186,145
41693,186,146
41694,186,147
41695,186,148
41696,186,149
41697,186,150
41698,186,151
41699,186,152
41700,186,153
41701,186,154
41702,186,155
41703,186,156
41704,186,157
41705,186,158
41706,186,159
41707,186,160
41708,186,161
41709,186,162
41710,186,163
41711,186,164
41712,186,165
41713,186,166
41714,186,167
41715,186,168
41716,186,169
41717,186,170
41718,186,171
41719,186,172
41720,186,173
41721,186,174
41722,186,175
41723,186,176
41724,186,177
41725,186,178
41726,186,179
41727,186,180
41728,186,181
41729,186,182
41730,186,183
41731,186,184
41732,186,185
41733,186,186
41734,186,187
41735,186,188
41736,186,189
41737,186,190
41738,186,191
41739,186,192
41740,186,193
41741,186,194
41742,186,195
41743,186,196
41744,186,197
41745,186,198
41746,186,199
41747,186,200
41748,186,201
41749,186,202
41750,186,203
41751,186,204
41752,186,205
41753,186,206
41754,186,207
41755,186,208
41756,186,209
41757,186,210
41758,186,211
41759,186,212
41760,186,213
41761,186,214
41762,186,215
41763,186,216
41764,186,217
41765,186,218
41766,186,219
41767,186,220
41768,186,221
41769,186,222
41770,186,223
41771,186,224
41772,186,225
41773,186,226
41774,186,227
41775,186,228
41776,186,229
41777,186,230
41778,186,231
41779,186,232
41780,186,233
41781,186,234
41782,186,235
41783,186,236
41784,186,237
41785,186,238
41786,186,239
41787,186,240
41788,186,241
41789,186,242
41790,186,243
41791,186,244
41792,186,245
41793,186,246
41794,187,10
41795,187,11
41796,187,12
41797,187,13
41798,187,14
41799,187,15
41800,187,16
41801,187,17
41802,187,18
41803,187,19
41804,187,20
41805,187,21
41806,187,22
41807,187,23
41808,187,24
41809,187,25
41810,187,26
41811,187,27
41812,187,28
41813,187,29
41814,187,30
41815,187,31
41816,187,32
41817,187,33
41818,187,34
41819,187,35
41820,187,36
41821,187,37
41822,187,38
41823,187,39
41824,187,40
41825,187,41
41826,187,42
41827,187,43
41828,187,44
41829,187,45
41830,187,46
41831,187,47
41832,187,48
41833,187,49
41834,187,50
41835,187,51
41836,187,52
41837,187,53
41838,187,54
41839,187,55
41840,187,56
41841,187,57
41842,187,58
41843,187,59
41844,187,60
41845,187,61
41846,187,62
41847,187,63
41848,187,64
41849,187,65
41850,187,66
41851,187,67
41852,187,68
41853,187,69
41854,187,70
41855,187,71
41856,187,72
41857,187,73
41858,187,74
41859,187,75
41860,187,76
41861,187,77
41862,187,78
41863,187,79
41864,187,80
41865,187,81
41866,187,82
41867,187,83
41868,187,84
41869,187,85
41870,187,86
41871,187,87
41872,187,88
41873,187,89
41874,187,90
41875,187,91
41876,187,92
41877,187,93
41878,187,94
41879,187,95
41880,187,96
41881,187,97
41882,187,98
41883,187,99
41884,187,100
41885,187,101
41886,187,102
41887,187,103
41888,187,104
41889,187,105
41890,187,106
41891,187,107
41892,187,108
41893,187,109
41894,187,110
41895,187,111
41896,187,112
41897,187,113
41898,187,114
41899,187,115
41900,187,116
41901,187,117
41902,187,118
41903,187,119
41904,187,120
41905,187,121
41906,187,122
41907,187,123
41908,187,124
41909,187,125
41910,187,126
41911,187,127
41912,187,128
41913,187,129
41914,187,130
41915,187,131
41916,187,132
41917,187,133
41918,187,134
41919,187,135
41920,187,136
41921,187,137
41922,187,138
41923,187,139
41924,187,140
41925,187,141
41926,187,142
41927,187,143
41928,187,144
41929,187,145
41930,187,146
41931,187,147
41932,187,148
41933,187,149
41934,187,150
41935,187,151
41936,187,152
41937,187,153
41938,187,154
41939,187,155
41940,187,156
41941,187,157
41942,187,158
41943,187,159
41944,187,160
41945,187,161
41946,187,162
41947,187,163
41948,187,164
41949,187,165
41950,187,166
41951,187,167
41952,187,168
41953,187,169
41954,187,170
41955,187,171
41956,187,172
41957,187,173
41958,187,174
41959,187,175
41960,187,176
41961,187,177
41962,187,178
41963,187,179
41964,187,180
41965,187,181
41966,187,182
41967,187,183
41968,187,184
41969,187,185
41970,187,186
41971,187,187
41972,187,188
41973,187,189
41974,187,190
41975,187,191
41976,187,192
41977,187,193
41978,187,194
41979,187,195
41980,187,196
41981,187,197
41982,187,198
41983,187,199
41984,187,200
41985,187,201
41986,187,202
41987,187,203
41988,187,204
41989,187,205
41990,187,206
41991,187,207
41992,187,208
41993,187,209
41994,187,210
41995,187,211
41996,187,212
41997,187,213
41998,187,214
41999,187,215
42000,187,216
42001,187,217
42002,187,218
42003,187,219
42004,187,220
42005,187,221
42006,187,222
42007,187,223
42008,187,224
42009,187,225
42010,187,226
42011,187,227
42012,187,228
42013,187,229
42014,187,230
42015,187,231
42016,187,232
42017,187,233
42018,187,234
42019,187,235
42020,187,236
42021,187,237
42022,187,238
42023,187,239
42024,187,240
42025,187,241
42026,187,242
42027,187,243
42028,187,244
42029,187,245
42030,187,246
42031,188,11
42032,188,12
42033,188,13
42034,188,14
42035,188,15
42036,188,16
42037,188,17
42038,188,18
42039,188,19
42040,188,20
42041,188,21
42042,188,22
42043,188,23
42044,188,24
42045,188,25
42046,188,26
42047,188,27
42048,188,28
42049,188,29
42050,188,30
42051,188,31
42052,188,32
42053,188,33
42054,188,34
42055,188,35
42056,188,36
42057,188,37
42058,188,38
42059,188,39
42060,188,40
42061,188,41
42062,188,42
42063,188,43
42064,188,44
42065,188,45
42066,188,46
42067,188,47
42068,188,48
42069,188,49
42070,188,50
42071,188,51
42072,188,52
42073,188,53
42074,188,54
42075,188,55
42076,188,56
42077,188,57
42078,188,58
42079,188,59
42080,188,60
42081,188,61
42082,188,62
42083,188,63
42084,188,64
42085,188,65
42086,188,66
42087,188,67
42088,188,68
42089,188,69
42090,188,70
42091,188,71
42092,188,72
42093,188,73
42094,188,74
42095,188,75
42096,188,76
42097,188,77
42098,188,78
42099,188,79
42100,188,80
42101,188,81
42102,188,82
42103,188,83
42104,188,84
42105,188,85
42106,188,86
42107,188,87
42108,188,88
42109,188,89
42110,188,90
42111,188,91
42112,188,92
42113,188,93
42114,188,94
42115,188,95
42116,188,96
42117,188,97
42118,188,98
42119,188,99
42120,188,100
42121,188,101
42122,188,102
42123,188,103
42124,188,104
42125,188,105
42126,188,106
42127,188,107
42128,188,108
42129,188,109
42130,188,110
42131,188,111
42132,188,112
42133,188,113
42134,188,114
42135,188,115
42136,188,116
42137,188,117
42138,188,118
42139,188,119
42140,188,120
42141,188,121
42142,188,122
42143,188,123
42144,188,124
42145,188,125
42146,188,126
42147,188,127
42148,188,128
42149,188,129
42150,188,130
42151,188,131
42152,188,132
42153,188,133
42154,188,134
42155,188,135
42156,188,136
42157,188,137
42158,188,138
42159,188,139
42160,188,140
42161,188,141
42162,188,142
42163,188,143
42164,188,144
42165,188,145
42166,188,146
42167,188,147
42168,188,148
42169,188,149
42170,188,150
42171,188,151
42172,188,152
42173,188,153
42174,188,154
42175,188,155
42176,188,156
42177,188,157
42178,188,158
42179,188,159
42180,188,160
42181,188,161
42182,188,162
42183,188,163
42184,188,164
42185,188,165
42186,188,166
42187,188,167
42188,188,168
42189,188,169
42190,188,170
42191,188,171
42192,188,172
42193,188,173
42194,188,174
42195,188,175
42196,188,176
42197,188,177
42198,188,178
42199,188,179
42200,188,180
42201,188,181
42202,188,182
42203,188,183
42204,188,184
42205,188,185
42206,188,186
42207,188,187
42208,188,188
42209,188,189
42210,188,190
42211,188,191
42212,188,192
42213,188,193
42214,188,194
42215,188,195
42216,188,196
42217,188,197
42218,188,198
42219,188,199
42220,188,200
42221,188,201
42222,188,202
42223,188,203
42224,188,204
42225,188,205
42226,188,206
42227,188,207
42228,188,208
42229,188,209
42230,188,210
42231,188,211
42232,188,212
42233,188,213
42234,188,214
42235,188,215
42236,188,216
42237,188,217
42238,188,218
42239,188,219
42240,188,220
42241,188,221
42242,188,222
42243,188,223
42244,188,224
42245,188,225
42246,188,226
42247,188,227
42248,188,228
42249,188,229
42250,188,230
42251,188,231
42252,188,232
42253,188,233
42254,188,234
42255,188,235
42256,188,236
42257,188,237
42258,188,238
42259,188,239
42260,188,240
42261,188,241
42262,188,242
42263,188,243
42264,188,244
42265,188,245
42266,189,11
42267,189,12
42268,189,13
42269,189,14
42270,189,15
42271,189,16
42272,189,17
42273,189,18
42274,189,19
42275,189,20
42276,189,21
42277,189,22
42278,189,23
42279,189,24
42280,189,25
42281,189,26
42282,189,27
42283,189,28
42284,189,29
42285,189,30
42286,189,31
42287,189,32
42288,189,33
42289,189,34
42290,189,35
42291,189,36
42292,189,37
42293,189,38
42294,189,39
42295,189,40
42296,189,41
42297,189,42
42298,189,43
42299,189,44
42300,189,45
42301,189,46
42302,189,47
42303,189,48
42304,189,49
42305,189,50
42306,189,51
42307,189,52
42308,189,53
42309,189,54
42310,189,55
42311,189,56
42312,189,57
42313,189,58
42314,189,59
42315,189,60
42316,189,61
42317,189,62
42318,189,63
42319,189,64
42320,189,65
42321,189,66
42322,189,67
42323,189,68
42324,189,69
42325,189,70
42326,189,71
42327,189,72
42328,189,73
42329,189,74
42330,189,75
42331,189,76
42332,189,77
42333,189,78
42334,189,79
42335,189,80
42336,189,81
42337,189,82
42338,189,83
42339,189,84
42340,189,85
42341,189,86
42342,189,87
42343,189,88
42344,189,89
42345,189,90
42346,189,91
42347,189,92
42348,189,93
42349,189,94
42350,189,95
42351,189,96
42352,189,97
42353,189,98
42354,189,99
42355,189,100
42356,189,101
42357,189,102
42358,189,103
42359,189,104
42360,189,105
42361,189,106
42362,189,107
42363,189,108
42364,189,109
42365,189,110
42366,189,111
42367,189,112
42368,189,113
42369,189,114
42370,189,115
42371,189,116
42372,189,117
42373,189,118
42374,189,119
42375,189,120
42376,189,121
42377,189,122
42378,189,123
42379,189,124
42380,189,125
42381,189,126
42382,189,127
42383,189,128
42384,189,129
42385,189,130
42386,189,131
42387,189,132
42388,189,133
42389,189,134
42390,189,135
42391,189,136
42392,189,137
42393,189,138
42394,189,139
42395,189,140
42396,189,141
42397,189,142
42398,189,143
42399,189,144
42400,189,145
42401,189,146
42402,189,147
42403,189,148
42404,189,149
42405,189,150
42406,189,151
42407,189,152
42408,189,153
42409,189,154
42410,189,155
42411,189,156
42412,189,157
42413,189,158
42414,189,159
42415,189,160
42416,189,161
42417,189,162
42418,189,163
42419,189,164
42420,189,165
42421,189,166
42422,189,167
42423,189,168
42424,189,169
42425,189,170
42426,189,171
42427,189,172
42428,189,173
42429,189,174
42430,189,175
42431,189,176
42432,189,177
42433,189,178
42434,189,179
42435,189,180
42436,189,181
42437,189,182
42438,189,183
42439,189,184
42440,189,185
42441,189,186
42442,189,187
42443,189,188
42444,189,189
42445,189,190
42446,189,191
42447,189,192
42448,189,193
42449,189,194
42450,189,195
42451,189,196
42452,189,197
42453,189,198
42454,189,199
42455,189,200
42456,189,201
42457,189,202
42458,189,203
42459,189,204
42460,189,205
42461,189,206
42462,189,207
42463,189,208
42464,189,209
42465,189,210
42466,189,211
42467,189,212
42468,189,213
42469,189,214
42470,189,215
42471,189,216
42472,189,217
42473,189,218
42474,189,219
42475,189,220
42476,189,221
42477,189,222
42478,189,223
42479,189,224
42480,189,225
42481,189,226
42482,189,227
42483,189,228
42484,189,229
42485,189,230
42486,189,231
42487,189,232
42488,189,233
42489,189,234
42490,189,235
42491,189,236
42492,189,237
42493,189,238
42494,189,239
42495,189,240
42496,189,241
42497,189,242
42498,189,243
42499,189,244
42500,189,245
42501,190,12
42502,190,13
42503,190,14
42504,190,15
42505,190,16
42506,190,17
42507,190,18
42508,190,19
42509,190,20
42510,190,21
42511,190,22
42512,190,23
42513,190,24
42514,190,25
42515,190,26
42516,190,27
42517,190,28
42518,190,29
42519,190,30
42520,190,31
42521,190,32
42522,190,33
42523,190,34
42524,190,35
42525,190,36
42526,190,37
42527,190,38
42528,190,39
42529,190,40
42530,190,41
42531,190,42
42532,190,43
42533,190,44
42534,190,45
42535,190,46
42536,190,47
42537,190,48
42538,190,49
42539,190,50
42540,190,51
42541,190,52
42542,190,53
42543,190,54
42544,190,55
42545,190,56
42546,190,57
42547,190,58
42548,190,59
42549,190,60
42550,190,61
42551,190,62
42552,190,63
42553,190,64
42554,190,65
42555,190,66
42556,190,67
42557,190,68
42558,190,69
42559,190,70
42560,190,71
42561,190,72
42562,190,73
42563,190,74
42564,190,75
42565,190,76
42566,190,77
42567,190,78
42568,190,79
42569,190,80
42570,190,81
42571,190,82
42572,190,83
42573,190,84
42574,190,85
42575,190,86
42576,190,87
42577,190,88
42578,190,89
42579,190,90
42580,190,91
42581,190,92
42582,190,93
42583,190,94
42584,190,95
42585,190,96
42586,190,97
42587,190,98
42588,190,99
42589,190,100
42590,190,101
42591,190,102
42592,190,103
42593,190,104
42594,190,105
42595,190,106
42596,190,107
42597,190,108
42598,190,109
42599,190,110
42600,190,111
42601,190,112
42602,190,113
42603,190,114
42604,190,115
42605,190,116
42606,190,117
42607,190,118
42608,190,119
42609,190,120
42610,190,121
42611,190,122
42612,190,123
42613,190,124
42614,190,125
42615,190,126
42616,190,127
42617,190,128
42618,190,129
42619,190,130
42620,190,131
42621,190,132
42622,190,133
42623,190,134
42624,190,135
42625,190,136
42626,190,137
42627,190,138
42628,190,139
42629,190,140
42630,190,141
42631,190,142
42632,190,143
42633,190,144
42634,190,145
42635,190,146
42636,190,147
42637,190,148
42638,190,149
42639,190,150
42640,190,151
42641,190,152
42642,190,153
42643,190,154
42644,190,155
42645,190,156
42646,190,157
42647,190,158
42648,190,159
42649,190,160
42650,190,161
42651,190,162
42652,190,163
42653,190,164
42654,190,165
42655,190,166
42656,190,167
42657,190,168
42658,190,169
42659,190,170
42660,190,171
42661,190,172
42662,190,173
42663,190,174
42664,190,175
42665,190,176
42666,190,177
42667,190,178
42668,190,179
42669,190,180
42670,190,181
42671,190,182
42672,190,183
42673,190,184
42674,190,185
42675,190,186
42676,190,187
42677,190,188
42678,190,189
42679,190,190
42680,190,191
42681,190,192
42682,190,193
42683,190,194
42684,190,195
42685,190,196
42686,190,197
42687,190,198
42688,190,199
42689,190,200
42690,190,201
42691,190,202
42692,190,203
42693,190,204
42694,190,205
42695,190,206
42696,190,207
42697,190,208
42698,190,209
42699,190,210
42700,190,211
42701,190,212
42702,190,213
42703,190,214
42704,190,215
42705,190,216
42706,190,217
42707,190,218
42708,190,219
42709,190,220
42710,190,221
42711,190,222
42712,190,223
42713,190,224
42714,190,225
42715,190,226
42716,190,227
42717,190,228
42718,190,229
42719,190,230
42720,190,231
42721,190,232
42722,190,233
42723,190,234
42724,190,235
42725,190,236
42726,190,237
42727,190,238
42728,190,239
42729,190,240
42730,190,241
42731,190,242
42732,190,243
42733,190,244
42734,191,13
42735,191,14
42736,191,15
42737,191,16
42738,191,17
42739,191,18
42740,191,19
42741,191,20
42742,191,21
42743,191,22
42744,191,23
42745,191,24
42746,191,25
42747,191,26
42748,191,27
42749,191,28
42750,191,29
42751,191,30
42752,191,31
42753,191,32
42754,191,33
42755,191,34
42756,191,35
42757,191,36
42758,191,37
42759,191,38
42760,191,39
42761,191,40
42762,191,41
42763,191,42
42764,191,43
42765,191,44
42766,191,45
42767,191,46
42768,191,47
42769,191,48
42770,191,49
42771,191,50
42772,191,51
42773,191,52
42774,191,53
42775,191,54
42776,191,55
42777,191,56
42778,191,57
42779,191,58
42780,191,59
42781,191,60
42782,191,61
42783,191,62
42784,191,63
42785,191,64
42786,191,65
42787,191,66
42788,191,67
42789,191,68
42790,191,69
42791,191,70
42792,191,71
42793,191,72
42794,191,73
42795,191,74
42796,191,75
42797,191,76
42798,191,77
42799,191,78
42800,191,79
42801,191,80
42802,191,81
42803,191,82
42804,191,83
42805,191,84
42806,191,85
42807,191,86
42808,191,87
42809,191,88
42810,191,89
42811,191,90
42812,191,91
42813,191,92
42814,191,93
42815,191,94
42816,191,95
42817,191,96
42818,191,97
42819,191,98
42820,191,99
42821,191,100
42822,191,101
42823,191,102
42824,191,103
42825,191,104
42826,191,105
42827,191,106
42828,191,107
42829,191,108
42830,191,109
42831,191,110
42832,191,111
42833,191,112
42834,191,113
42835,191,114
42836,191,115
42837,191,116
42838,191,117
42839,191,118
42840,191,119
42841,191,120
42842,191,121
42843,191,122
42844,191,123
42845,191,124
42846,191,125
42847,191,126
42848,191,127
42849,191,128
42850,191,129
42851,191,130
42852,191,131
42853,191,132
42854,191,133
42855,191,134
42856,191,135
42857,191,136
42858,191,137
42859,191,138
42860,191,139
42861,191,140
42862,191,141
42863,191,142
42864,191,143
42865,191,144
42866,191,145
42867,191,146
42868,191,147
42869,191,148
42870,191,149
42871,191,150
42872,191,151
42873,191,152
42874,191,153
42875,191,154
42876,191,155
42877,191,156
42878,191,157
42879,191,158
42880,191,159
42881,191,160
42882,191,161
42883,191,162
42884,191,163
42885,191,164
42886,191,165
42887,191,166
42888,191,167
42889,191,168
42890,191,169
42891,191,170
42892,191,171
42893,191,172
42894,191,173
42895,191,174
42896,191,175
42897,191,176
42898,191,177
42899,191,178
42900,191,179
42901,191,180
42902,191,181
42903,191,182
42904,191,183
42905,191,184
42906,191,185
42907,191,186
42908,191,187
42909,191,188
42910,191,189
42911,191,190
42912,191,191
42913,191,192
42914,191,193
42915,191,194
42916,191,195
42917,191,196
42918,191,197
42919,191,198
42920,191,199
42921,191,200
42922,191,201
42923,191,202
42924,191,203
42925,191,204
42926,191,205
42927,191,206
42928,191,207
42929,191,208
42930,191,209
42931,191,210
42932,191,211
42933,191,212
42934,191,213
42935,191,214
42936,191,215
42937,191,216
42938,191,217
42939,191,218
42940,191,219
42941,191,220
42942,191,221
42943,191,222
42944,191,223
42945,191,224
42946,191,225
42947,191,226
42948,191,227
42949,191,228
42950,191,229
42951,191,230
42952,191,231
42953,191,232
42954,191,233
42955,191,234
42956,191,235
42957,191,236
42958,191,237
42959,191,238
42960,191,239
42961,191,240
42962,191,241
42963,191,242
42964,191,243
42965,192,13
42966,192,14
42967,192,15
42968,192,16
42969,192,17
42970,192,18
42971,192,19
42972,192,20
42973,192,21
42974,192,22
42975,192,23
42976,192,24
42977,192,25
42978,192,26
42979,192,27
42980,192,28
42981,192,29
42982,192,30
42983,192,31
42984,192,32
42985,192,33
42986,192,34
42987,192,35
42988,192,36
42989,192,37
42990,192,38
42991,192,39
42992,192,40
42993,192,41
42994,192,42
42995,192,43
42996,192,44
42997,192,45
42998,192,46
42999,192,47
43000,192,48
43001,192,49
43002,192,50
43003,192,51
43004,192,52
43005,192,53
43006,192,54
43007,192,55
43008,192,56
43009,192,57
43010,192,58
43011,192,59
43012,192,60
43013,192,61
43014,192,62
43015,192,63
43016,192,64
43017,192,65
43018,192,66
43019,192,67
43020,192,68
43021,192,69
43022,192,70
43023,192,71
43024,192,72
43025,192,73
43026,192,74
43027,192,75
43028,192,76
43029,192,77
43030,192,78
43031,192,79
43032,192,80
43033,192,81
43034,192,82
43035,192,83
43036,192,84
43037,192,85
43038,192,86
43039,192,87
43040,192,88
43041,192,89
43042,192,90
43043,192,91
43044,192,92
43045,192,93
43046,192,94
43047,192,95
43048,192,96
43049,192,97
43050,192,98
43051,192,99
43052,192,100
43053,192,101
43054,192,102
43055,192,103
43056,192,104
43057,192,105
43058,192,106
43059,192,107
43060,192,108
43061,192,109
43062,192,110
43063,192,111
43064,192,112
43065,192,113
43066,192,114
43067,192,115
43068,192,116
43069,192,117
43070,192,118
43071,192,119
43072,192,120
43073,192,121
43074,192,122
43075,192,123
43076,192,124
43077,192,125
43078,192,126
43079,192,127
43080,192,128
43081,192,129
43082,192,130
43083,192,131
43084,192,132
43085,192,133
43086,192,134
43087,192,135
43088,192,136
43089,192,137
43090,192,138
43091,192,139
43092,192,140
43093,192,141
43094,192,142
43095,192,143
43096,192,144
43097,192,145
43098,192,146
43099,192,147
43100,192,148
43101,192,149
43102,192,150
43103,192,151
43104,192,152
43105,192,153
43106,192,154
43107,192,155
43108,192,156
43109,192,157
43110,192,158
43111,192,159
43112,192,160
43113,192,161
43114,192,162
43115,192,163
43116,192,164
43117,192,165
43118,192,166
43119,192,167
43120,192,168
43121,192,169
43122,192,170
43123,192,171
43124,192,172
43125,192,173
43126,192,174
43127,192,175
43128,192,176
43129,192,177
43130,192,178
43131,192,179
43132,192,180
43133,192,181
43134,192,182
43135,192,183
43136,192,184
43137,192,185
43138,192,186
43139,192,187
43140,192,188
43141,192,189
43142,192,190
43143,192,191
43144,192,192
43145,192,193
43146,192,194
43147,192,195
43148,192,196
43149,192,197
43150,192,198
43151,192,199
43152,192,200
43153,192,201
43154,192,202
43155,192,203
43156,192,204
43157,192,205
43158,192,206
43159,192,207
43160,192,208
43161,192,209
43162,192,210
43163,192,211
43164,192,212
43165,192,213
43166,192,214
43167,192,215
43168,192,216
43169,192,217
43170,192,218
43171,192,219
43172,192,220
43173,192,221
43174,192,222
43175,192,223
43176,192,224
43177,192,225
43178,192,226
43179,192,227
43180,192,228
43181,192,229
43182,192,230
43183,192,231
43184,192,232
43185,192,233
43186,192,234
43187,192,235
43188,192,236
43189,192,237
43190,192,238
43191,192,239
43192,192,240
43193,192,241
43194,192,242
43195,192,243
43196,193,14
43197,193,15
43198,193,16
43199,193,17
43200,193,18
43201,193,19
43202,193,20
43203,193,21
43204,193,22
43205,193,23
43206,193,24
43207,193,25
43208,193,26
43209,193,27
43210,193,28
43211,193,29
43212,193,30
43213,193,31
43214,193,32
43215,193,33
43216,193,34
43217,193,35
43218,193,36
43219,193,37
43220,193,38
43221,193,39
43222,193,40
43223,193,41
43224,193,42
43225,193,43
43226,193,44
43227,193,45
43228,193,46
43229,193,47
43230,193,48
43231,193,49
43232,193,50
43233,193,51
43234,193,52
43235,193,53
43236,193,54
43237,193,55
43238,193,56
43239,193,57
43240,193,58
43241,193,59
43242,193,60
43243,193,61
43244,193,62
43245,193,63
43246,193,64
43247,193,65
43248,193,66
43249,193,67
43250,193,68
43251,193,69
43252,193,70
43253,193,71
43254,193,72
43255,193,73
43256,193,74
43257,193,75
43258,193,76
43259,193,77
43260,193,78
43261,193,79
43262,193,80
43263,193,81
43264,193,82
43265,193,83
43266,193,84
43267,193,85
43268,193,86
43269,193,87
43270,193,88
43271,193,89
43272,193,90
43273,193,91
43274,193,92
43275,193,93
43276,193,94
43277,193,95
43278,193,96
43279,193,97
43280,193,98
43281,193,99
43282,193,100
43283,193,101
43284,193,102
43285,193,103
43286,193,104
43287,193,105
43288,193,106
43289,193,107
43290,193,108
43291,193,109
43292,193,110
43293,193,111
43294,193,112
43295,193,113
43296,193,114
43297,193,115
43298,193,116
43299,193,117
43300,193,118
43301,193,119
43302,193,120
43303,193,121
43304,193,122
43305,193,123
43306,193,124
43307,193,125
43308,193,126
43309,193,127
43310,193,128
43311,193,129
43312,193,130
43313,193,131
43314,193,132
43315,193,133
43316,193,134
43317,193,135
43318,193,136
43319,193,137
43320,193,138
43321,193,139
43322,193,140
43323,193,141
43324,193,142
43325,193,143
43326,193,144
43327,193,145
43328,193,146
43329,193,147
43330,193,148
43331,193,149
43332,193,150
43333,193,151
43334,193,152
43335,193,153
43336,193,154
43337,193,155
43338,193,156
43339,193,157
43340,193,158
43341,193,159
43342,193,160
43343,193,161
43344,193,162
43345,193,163
43346,193,164
43347,193,165
43348,193,166
43349,193,167
43350,193,168
43351,193,169
43352,193,170
43353,193,171
43354,193,172
43355,193,173
43356,193,174
43357,193,175
43358,193,176
43359,193,177
43360,193,178
43361,193,179
43362,193,180
43363,193,181
43364,193,182
43365,193,183
43366,193,184
43367,193,185
43368,193,186
43369,193,187
43370,193,188
43371,193,189
43372,193,190
43373,193,191
43374,193,192
43375,193,193
43376,193,194
43377,193,195
43378,193,196
43379,193,197
43380,193,198
43381,193,199
43382,193,200
43383,193,201
43384,193,202
43385,193,203
43386,193,204
43387,193,205
43388,193,206
43389,193,207
43390,193,208
43391,193,209
43392,193,210
43393,193,211
43394,193,212
43395,193,213
43396,193,214
43397,193,215
43398,193,216
43399,193,217
43400,193,218
43401,193,219
43402,193,220
43403,193,221
43404,193,222
43405,193,223
43406,193,224
43407,193,225
43408,193,226
43409,193,227
43410,193,228
43411,193,229
43412,193,230
43413,193,231
43414,193,232
43415,193,233
43416,193,234
43417,193,235
43418,193,236
43419,193,237
43420,193,238
43421,193,239
43422,193,240
43423,193,241
43424,193,242
43425,194,14
43426,194,15
43427,194,16
43428,194,17
43429,194,18
43430,194,19
43431,194,20
43432,194,21
43433,194,22
43434,194,23
43435,194,24
43436,194,25
43437,194,26
43438,194,27
43439,194,28
43440,194,29
43441,194,30
43442,194,31
43443,194,32
43444,194,33
43445,194,34
43446,194,35
43447,194,36
43448,194,37
43449,194,38
43450,194,39
43451,194,40
43452,194,41
43453,194,42
43454,194,43
43455,194,44
43456,194,45
43457,194,46
43458,194,47
43459,194,48
43460,194,49
43461,194,50
43462,194,51
43463,194,52
43464,194,53
43465,194,54
43466,194,55
43467,194,56
43468,194,57
43469,194,58
43470,194,59
43471,194,60
43472,194,61
43473,194,62
43474,194,63
43475,194,64
43476,194,65
43477,194,66
43478,194,67
43479,194,68
43480,194,69
43481,194,70
43482,194,71
43483,194,72
43484,194,73
43485,194,74
43486,194,75
43487,194,76
43488,194,77
43489,194,78
43490,194,79
43491,194,80
43492,194,81
43493,194,82
43494,194,83
43495,194,84
43496,194,85
43497,194,86
43498,194,87
43499,194,88
43500,194,89
43501,194,90
43502,194,91
43503,194,92
43504,194,93
43505,194,94
43506,194,95
43507,194,96
43508,194,97
43509,194,98
43510,194,99
43511,194,100
43512,194,101
43513,194,102
43514,194,103
43515,194,104
43516,194,105
43517,194,106
43518,194,107
43519,194,108
43520,194,109
43521,194,110
43522,194,111
43523,194,112
43524,194,113
43525,194,114
43526,194,115
43527,194,116
43528,194,117
43529,194,118
43530,194,119
43531,194,120
43532,194,121
43533,194,122
43534,194,123
43535,194,124
43536,194,125
43537,194,126
43538,194,127
43539,194,128
43540,194,129
43541,194,130
43542,194,131
43543,194,132
43544,194,133
43545,194,134
43546,194,135
43547,194,136
43548,194,137
43549,194,138
43550,194,139
43551,194,140
43552,194,141
43553,194,142
43554,194,143
43555,194,144
43556,194,145
43557,194,146
43558,194,147
43559,194,148
43560,194,149
43561,194,150
43562,194,151
43563,194,152
43564,194,153
43565,194,154
43566,194,155
43567,194,156
43568,194,157
43569,194,158
43570,194,159
43571,194,160
43572,194,161
43573,194,162
43574,194,163
43575,194,164
43576,194,165
43577,194,166
43578,194,167
43579,194,168
43580,194,169
43581,194,170
43582,194,171
43583,194,172
43584,194,173
43585,194,174
43586,194,175
43587,194,176
43588,194,177
43589,194,178
43590,194,179
43591,194,180
43592,194,181
43593,194,182
43594,194,183
43595,194,184
43596,194,185
43597,194,186
43598,194,187
43599,194,188
43600,194,189
43601,194,190
43602,194,191
43603,194,192
43604,194,193
43605,194,194
43606,194,195
43607,194,196
43608,194,197
43609,194,198
43610,194,199
43611,194,200
43612,194,201
43613,194,202
43614,194,203
43615,194,204
43616,194,205
43617,194,206
43618,194,207
43619,194,208
43620,194,209
43621,194,210
43622,194,211
43623,194,212
43624,194,213
43625,194,214
43626,194,215
43627,194,216
43628,194,217
43629,194,218
43630,194,219
43631,194,220
43632,194,221
43633,194,222
43634,194,223
43635,194,224
43636,194,225
43637,194,226
43638,194,227
43639,194,228
43640,194,229
43641,194,230
43642,194,231
43643,194,232
43644,194,233
43645,194,234
43646,194,235
43647,194,236
43648,194,237
43649,194,238
43650,194,239
43651,194,240
43652,194,241
43653,194,242
43654,195,15
43655,195,16
43656,195,17
43657,195,18
43658,195,19
43659,195,20
43660,195,21
43661,195,22
43662,195,23
43663,195,24
43664,195,25
43665,195,26
43666,195,27
43667,195,28
43668,195,29
43669,195,30
43670,195,31
43671,195,32
43672,195,33
43673,195,34
43674,195,35
43675,195,36
43676,195,37
43677,195,38
43678,195,39
43679,195,40
43680,195,41
43681,195,42
43682,195,43
43683,195,44
43684,195,45
43685,195,46
43686,195,47
43687,195,48
43688,195,49
43689,195,50
43690,195,51
43691,195,52
43692,195,53
43693,195,54
43694,195,55
43695,195,56
43696,195,57
43697,195,58
43698,195,59
43699,195,60
43700,195,61
43701,195,62
43702,195,63
43703,195,64
43704,195,65
43705,195,66
43706,195,67
43707,195,68
43708,195,69
43709,195,70
43710,195,71
43711,195,72
43712,195,73
43713,195,74
43714,195,75
43715,195,76
43716,195,77
43717,195,78
43718,195,79
43719,195,80
43720,195,81
43721,195,82
43722,195,83
43723,195,84
43724,195,85
43725,195,86
43726,195,87
43727,195,88
43728,195,89
43729,195,90
43730,195,91
43731,195,92
43732,195,93
43733,195,94
43734,195,95
43735,195,96
43736,195,97
43737,195,98
43738,195,99
43739,195,100
43740,195,101
43741,195,102
43742,195,103
43743,195,104
43744,195,105
43745,195,106
43746,195,107
43747,195,108
43748,195,109
43749,195,110
43750,195,111
43751,195,112
43752,195,113
43753,195,114
43754,195,115
43755,195,116
43756,195,117
43757,195,118
43758,195,119
43759,195,120
43760,195,121
43761,195,122
43762,195,123
43763,195,124
43764,195,125
43765,195,126
43766,195,127
43767,195,128
43768,195,129
43769,195,130
43770,195,131
43771,195,132
43772,195,133
43773,195,134
43774,195,135
43775,195,136
43776,195,137
43777,195,138
43778,195,139
43779,195,140
43780,195,141
43781,195,142
43782,195,143
43783,195,144
43784,195,145
43785,195,146
43786,195,147
43787,195,148
43788,195,149
43789,195,150
43790,195,151
43791,195,152
43792,195,153
43793,195,154
43794,195,155
43795,195,156
43796,195,157
43797,195,158
43798,195,159
43799,195,160
43800,195,161
43801,195,162
43802,195,163
43803,195,164
43804,195,165
43805,195,166
43806,195,167
43807,195,168
43808,195,169
43809,195,170
43810,195,171
43811,195,172
43812,195,173
43813,195,174
43814,195,175
43815,195,176
43816,195,177
43817,195,178
43818,195,179
43819,195,180
43820,195,181
43821,195,182
43822,195,183
43823,195,184
43824,195,185
43825,195,186
43826,195,187
43827,195,188
43828,195,189
43829,195,190
43830,195,191
43831,195,192
43832,195,193
43833,195,194
43834,195,195
43835,195,196
43836,195,197
43837,195,198
43838,195,199
43839,195,200
43840,195,201
43841,195,202
43842,195,203
43843,195,204
43844,195,205
43845,195,206
43846,195,207
43847,195,208
43848,195,209
43849,195,210
43850,195,211
43851,195,212
43852,195,213
43853,195,214
43854,195,215
43855,195,216
43856,195,217
43857,195,218
43858,195,219
43859,195,220
43860,195,221
43861,195,222
43862,195,223
43863,195,224
43864,195,225
43865,195,226
43866,195,227
43867,195,228
43868,195,229
43869,195,230
43870,195,231
43871,195,232
43872,195,233
43873,195,234
43874,195,235
43875,195,236
43876,195,237
43877,195,238
43878,195,239
43879,195,240
43880,195,241
43881,196,15
43882,196,16
43883,196,17
43884,196,18
43885,196,19
43886,196,20
43887,196,21
43888,196,22
43889,196,23
43890,196,24
43891,196,25
43892,196,26
43893,196,27
43894,196,28
43895,196,29
43896,196,30
43897,196,31
43898,196,32
43899,196,33
43900,196,34
43901,196,35
43902,196,36
43903,196,37
43904,196,38
43905,196,39
43906,196,40
43907,196,41
43908,196,42
43909,196,43
43910,196,44
43911,196,45
43912,196,46
43913,196,47
43914,196,48
43915,196,49
43916,196,50
43917,196,51
43918,196,52
43919,196,53
43920,196,54
43921,196,55
43922,196,56
43923,196,57
43924,196,58
43925,196,59
43926,196,60
43927,196,61
43928,196,62
43929,196,63
43930,196,64
43931,196,65
43932,196,66
43933,196,67
43934,196,68
43935,196,69
43936,196,70
43937,196,71
43938,196,72
43939,196,73
43940,196,74
43941,196,75
43942,196,76
43943,196,77
43944,196,78
43945,196,79
43946,196,80
43947,196,81
43948,196,82
43949,196,83
43950,196,84
43951,196,85
43952,196,86
43953,196,87
43954,196,88
43955,196,89
43956,196,90
43957,196,91
43958,196,92
43959,196,93
43960,196,94
43961,196,95
43962,196,96
43963,196,97
43964,196,98
43965,196,99
43966,196,100
43967,196,101
43968,196,102
43969,196,103
43970,196,104
43971,196,105
43972,196,106
43973,196,107
43974,196,108
43975,196,109
43976,196,110
43977,196,111
43978,196,112
43979,196,113
43980,196,114
43981,196,115
43982,196,116
43983,196,117
43984,196,118
43985,196,119
43986,196,120
43987,196,121
43988,196,122
43989,196,123
43990,196,124
43991,196,125
43992,196,126
43993,196,127
43994,196,128
43995,196,129
43996,196,130
43997,196,131
43998,196,132
43999,196,133
44000,196,134
44001,196,135
44002,196,136
44003,196,137
44004,196,138
44005,196,139
44006,196,140
44007,196,141
44008,196,142
44009,196,143
44010,196,144
44011,196,145
44012,196,146
44013,196,147
44014,196,148
44015,196,149
44016,196,150
44017,196,151
44018,196,152
44019,196,153
44020,196,154
44021,196,155
44022,196,156
44023,196,157
44024,196,158
44025,196,159
44026,196,160
44027,196,161
44028,196,162
44029,196,163
44030,196,164
44031,196,165
44032,196,166
44033,196,167
44034,196,168
44035,196,169
44036,196,170
44037,196,171
44038,196,172
44039,196,173
44040,196,174
44041,196,175
44042,196,176
44043,196,177
44044,196,178
44045,196,179
44046,196,180
44047,196,181
44048,196,182
44049,196,183
44050,196,184
44051,196,185
44052,196,186
44053,196,187
44054,196,188
44055,196,189
44056,196,190
44057,196,191
44058,196,192
44059,196,193
44060,196,194
44061,196,195
44062,196,196
44063,196,197
44064,196,198
44065,196,199
44066,196,200
44067,196,201
44068,196,202
44069,196,203
44070,196,204
44071,196,205
44072,196,206
44073,196,207
44074,196,208
44075,196,209
44076,196,210
44077,196,211
44078,196,212
44079,196,213
44080,196,214
44081,196,215
44082,196,216
44083,196,217
44084,196,218
44085,196,219
44086,196,220
44087,196,221
44088,196,222
44089,196,223
44090,196,224
44091,196,225
44092,196,226
44093,196,227
44094,196,228
44095,196,229
44096,196,230
44097,196,231
44098,196,232
44099,196,233
44100,196,234
44101,196,235
44102,196,236
44103,196,237
44104,196,238
44105,196,239
44106,196,240
44107,196,241
44108,197,16
44109,197,17
44110,197,18
44111,197,19
44112,197,20
44113,197,21
44114,197,22
44115,197,23
44116,197,24
44117,197,25
44118,197,26
44119,197,27
44120,197,28
44121,197,29
44122,197,30
44123,197,31
44124,197,32
44125,197,33
44126,197,34
44127,197,35
44128,197,36
44129,197,37
44130,197,38
44131,197,39
44132,197,40
44133,197,41
44134,197,42
44135,197,43
44136,197,44
44137,197,45
44138,197,46
44139,197,47
44140,197,48
44141,197,49
44142,197,50
44143,197,51
44144,197,52
44145,197,53
44146,197,54
44147,197,55
44148,197,56
44149,197,57
44150,197,58
44151,197,59
44152,197,60
44153,197,61
44154,197,62
44155,197,63
44156,197,64
44157,197,65
44158,197,66
44159,197,67
44160,197,68
44161,197,69
44162,197,70
44163,197,71
44164,197,72
44165,197,73
44166,197,74
44167,197,75
44168,197,76
44169,197,77
44170,197,78
44171,197,79
44172,197,80
44173,197,81
44174,197,82
44175,197,83
44176,197,84
44177,197,85
44178,197,86
44179,197,87
44180,197,88
44181,197,89
44182,197,90
44183,197,91
44184,197,92
44185,197,93
44186,197,94
44187,197,95
44188,197,96
44189,197,97
44190,197,98
44191,197,99
44192,197,100
44193,197,101
44194,197,102
44195,197,103
44196,197,104
44197,197,105
44198,197,106
44199,197,107
44200,197,108
44201,197,109
44202,197,110
44203,197,111
44204,197,112
44205,197,113
44206,197,114
44207,197,115
44208,197,116
44209,197,117
44210,197,118
44211,197,119
44212,197,120
44213,197,121
44214,197,122
44215,197,123
44216,197,124
44217,197,125
44218,197,126
44219,197,127
44220,197,128
44221,197,129
44222,197,130
44223,197,131
44224,197,132
44225,197,133
44226,197,134
44227,197,135
44228,197,136
44229,197,137
44230,197,138
44231,197,139
44232,197,140
44233,197,141
44234,197,142
44235,197,143
44236,197,144
44237,197,145
44238,197,146
44239,197,147
44240,197,148
44241,197,149
44242,197,150
44243,197,151
44244,197,152
44245,197,153
44246,197,154
44247,197,155
44248,197,156
44249,197,157
44250,197,158
44251,197,159
44252,197,160
44253,197,161
44254,197,162
44255,197,163
44256,197,164
44257,197,165
44258,197,166
44259,197,167
44260,197,168
44261,197,169
44262,197,170
44263,197,171
44264,197,172
44265,197,173
44266,197,174
44267,197,175
44268,197,176
44269,197,177
44270,197,178
44271,197,179
44272,197,180
44273,197,181
44274,197,182
44275,197,183
44276,197,184
44277,197,185
44278,197,186
44279,197,187
44280,197,188
44281,197,189
44282,197,190
44283,197,191
44284,197,192
44285,197,193
44286,197,194
44287,197,195
44288,197,196
44289,197,197
44290,197,198
44291,197,199
44292,197,200
44293,197,201
44294,197,202
44295,197,203
44296,197,204
44297,197,205
44298,197,206
44299,197,207
44300,197,208
44301,197,209
44302,197,210
44303,197,211
44304,197,212
44305,197,213
44306,197,214
44307,197,215
44308,197,216
44309,197,217
44310,197,218
44311,197,219
44312,197,220
44313,197,221
44314,197,222
44315,197,223
44316,197,224
44317,197,225
44318,197,226
44319,197,227
44320,197,228
44321,197,229
44322,197,230
44323,197,231
44324,197,232
44325,197,233
44326,197,234
44327,197,235
44328,197,236
44329,197,237
44330,197,238
44331,197,239
44332,197,240
44333,198,17
44334,198,18
44335,198,19
44336,198,20
44337,198,21
44338,198,22
44339,198,23
44340,198,24
44341,198,25
44342,198,26
44343,198,27
44344,198,28
44345,198,29
44346,198,30
44347,198,31
44348,198,32
44349,198,33
44350,198,34
44351,198,35
44352,198,36
44353,198,37
44354,198,38
44355,198,39
44356,198,40
44357,198,41
44358,198,42
44359,198,43
44360,198,44
44361,198,45
44362,198,46
44363,198,47
44364,198,48
44365,198,49
44366,198,50
44367,198,51
44368,198,52
44369,198,53
44370,198,54
44371,198,55
44372,198,56
44373,198,57
44374,198,58
44375,198,59
44376,198,60
44377,198,61
44378,198,62
44379,198,63
44380,198,64
44381,198,65
44382,198,66
44383,198,67
44384,198,68
44385,198,69
44386,198,70
44387,198,71
44388,198,72
44389,198,73
44390,198,74
44391,198,75
44392,198,76
44393,198,77
44394,198,78
44395,198,79
44396,198,80
44397,198,81
44398,198,82
44399,198,83
44400,198,84
44401,198,85
44402,198,86
44403,198,87
44404,198,88
44405,198,89
44406,198,90
44407,198,91
44408,198,92
44409,198,93
44410,198,94
44411,198,95
44412,198,96
44413,198,97
44414,198,98
44415,198,99
44416,198,100
44417,198,101
44418,198,102
44419,198,103
44420,198,104
44421,198,105
44422,198,106
44423,198,107
44424,198,108
44425,198,109
44426,198,110
44427,198,111
44428,198,112
44429,198,113
44430,198,114
44431,198,115
44432,198,116
44433,198,117
44434,198,118
44435,198,119
44436,198,120
44437,198,121
44438,198,122
44439,198,123
44440,198,124
44441,198,125
44442,198,126
44443,198,127
44444,198,128
44445,198,129
44446,198,130
44447,198,131
44448,198,132
44449,198,133
44450,198,134
44451,198,135
44452,198,136
44453,198,137
44454,198,138
44455,198,139
44456,198,140
44457,198,141
44458,198,142
44459,198,143
44460,198,144
44461,198,145
44462,198,146
44463,198,147
44464,198,148
44465,198,149
44466,198,150
44467,198,151
44468,198,152
44469,198,153
44470,198,154
44471,198,155
44472,198,156
44473,198,157
44474,198,158
44475,198,159
44476,198,160
44477,198,161
44478,198,162
44479,198,163
44480,198,164
44481,198,165
44482,198,166
44483,198,167
44484,198,168
44485,198,169
44486,198,170
44487,198,171
44488,198,172
44489,198,173
44490,198,174
44491,198,175
44492,198,176
44493,198,177
44494,198,178
44495,198,179
44496,198,180
44497,198,181
44498,198,182
44499,198,183
44500,198,184
44501,198,185
44502,198,186
44503,198,187
44504,198,188
44505,198,189
44506,198,190
44507,198,191
44508,198,192
44509,198,193
44510,198,194
44511,198,195
44512,198,196
44513,198,197
44514,198,198
44515,198,199
44516,198,200
44517,198,201
44518,198,202
44519,198,203
44520,198,204
44521,198,205
44522,198,206
44523,198,207
44524,198,208
44525,198,209
44526,198,210
44527,198,211
44528,198,212
44529,198,213
44530,198,214
44531,198,215
44532,198,216
44533,198,217
44534,198,218
44535,198,219
44536,198,220
44537,198,221
44538,198,222
44539,198,223
44540,198,224
44541,198,225
44542,198,226
44543,198,227
44544,198,228
44545,198,229
44546,198,230
44547,198,231
44548,198,232
44549,198,233
44550,198,234
44551,198,235
44552,198,236
44553,198,237
44554,198,238
44555,198,239
44556,199,17
44557,199,18
44558,199,19
44559,199,20
44560,199,21
44561,199,22
44562,199,23
44563,199,24
44564,199,25
44565,199,26
44566,199,27
44567,199,28
44568,199,29
44569,199,30
44570,199,31
44571,199,32
44572,199,33
44573,199,34
44574,199,35
44575,199,36
44576,199,37
44577,199,38
44578,199,39
44579,199,40
44580,199,41
44581,199,42
44582,199,43
44583,199,44
44584,199,45
44585,199,46
44586,199,47
44587,199,48
44588,199,49
44589,199,50
44590,199,51
44591,199,52
44592,199,53
44593,199,54
44594,199,55
44595,199,56
44596,199,57
44597,199,58
44598,199,59
44599,199,60
44600,199,61
44601,199,62
44602,199,63
44603,199,64
44604,199,65
44605,199,66
44606,199,67
44607,199,68
44608,199,69
44609,199,70
44610,199,71
44611,199,72
44612,199,73
44613,199,74
44614,199,75
44615,199,76
44616,199,77
44617,199,78
44618,199,79
44619,199,80
44620,199,81
44621,199,82
44622,199,83
44623,199,84
44624,199,85
44625,199,86
44626,199,87
44627,199,88
44628,199,89
44629,199,90
44630,199,91
44631,199,92
44632,199,93
44633,199,94
44634,199,95
44635,199,96
44636,199,97
44637,199,98
44638,199,99
44639,199,100
44640,199,101
44641,199,102
44642,199,103
44643,199,104
44644,199,105
44645,199,106
44646,199,107
44647,199,108
44648,199,109
44649,199,110
44650,199,111
44651,199,112
44652,199,113
44653,199,114
44654,199,115
44655,199,116
44656,199,117
44657,199,118
44658,199,119
44659,199,120
44660,199,121
44661,199,122
44662,199,123
44663,199,124
44664,199,125
44665,199,126
44666,199,127
44667,199,128
44668,199,129
44669,199,130
44670,199,131
44671,199,132
44672,199,133
44673,199,134
44674,199,135
44675,199,136
44676,199,137
44677,199,138
44678,199,139
44679,199,140
44680,199,141
44681,199,142
44682,199,143
44683,199,144
44684,199,145
44685,199,146
44686,199,147
44687,199,148
44688,199,149
44689,199,150
44690,199,151
44691,199,152
44692,199,153
44693,199,154
44694,199,155
44695,199,156
44696,199,157
44697,199,158
44698,199,159
44699,199,160
44700,199,161
44701,199,162
44702,199,163
44703,199,164
44704,199,165
44705,199,166
44706,199,167
44707,199,168
44708,199,169
44709,199,170
44710,199,171
44711,199,172
44712,199,173
44713,199,174
44714,199,175
44715,199,176
44716,199,177
44717,199,178
44718,199,179
44719,199,180
44720,199,181
44721,199,182
44722,199,183
44723,199,184
44724,199,185
44725,199,186
44726,199,187
44727,199,188
44728,199,189
44729,199,190
44730,199,191
44731,199,192
44732,199,193
44733,199,194
44734,199,195
44735,199,196
44736,199,197
44737,199,198
44738,199,199
44739,199,200
44740,199,201
44741,199,202
44742,199,203
44743,199,204
44744,199,205
44745,199,206
44746,199,207
44747,199,208
44748,199,209
44749,199,210
44750,199,211
44751,199,212
44752,199,213
44753,199,214
44754,199,215
44755,199,216
44756,199,217
44757,199,218
44758,199,219
44759,199,220
44760,199,221
44761,199,222
44762,199,223
44763,199,224
44764,199,225
44765,199,226
44766,199,227
44767,199,228
44768,199,229
44769,199,230
44770,199,231
44771,199,232
44772,199,233
44773,199,234
44774,199,235
44775,199,236
44776,199,237
44777,199,238
44778,199,239
44779,200,18
44780,200,19
44781,200,20
44782,200,21
44783,200,22
44784,200,23
44785,200,24
44786,200,25
44787,200,26
44788,200,27
44789,200,28
44790,200,29
44791,200,30
44792,200,31
44793,200,32
44794,200,33
44795,200,34
44796,200,35
44797,200,36
44798,200,37
44799,200,38
44800,200,39
44801,200,40
44802,200,41
44803,200,42
44804,200,43
44805,200,44
44806,200,45
44807,200,46
44808,200,47
44809,200,48
44810,200,49
44811,200,50
44812,200,51
44813,200,52
44814,200,53
44815,200,54
44816,200,55
44817,200,56
44818,200,57
44819,200,58
44820,200,59
44821,200,60
44822,200,61
44823,200,62
44824,200,63
44825,200,64
44826,200,65
44827,200,66
44828,200,67
44829,200,68
44830,200,69
44831,200,70
44832,200,71
44833,200,72
44834,200,73
44835,200,74
44836,200,75
44837,200,76
44838,200,77
44839,200,78
44840,200,79
44841,200,80
44842,200,81
44843,200,82
44844,200,83
44845,200,84
44846,200,85
44847,200,86
44848,200,87
44849,200,88
44850,200,89
44851,200,90
44852,200,91
44853,200,92
44854,200,93
44855,200,94
44856,200,95
44857,200,96
44858,200,97
44859,200,98
44860,200,99
44861,200,100
44862,200,101
44863,200,102
44864,200,103
44865,200,104
44866,200,105
44867,200,106
44868,200,107
44869,200,108
44870,200,109
44871,200,110
44872,200,111
44873,200,112
44874,200,113
44875,200,114
44876,200,115
44877,200,116
44878,200,117
44879,200,118
44880,200,119
44881,200,120
44882,200,121
44883,200,122
44884,200,123
44885,200,124
44886,200,125
44887,200,126
44888,200,127
44889,200,128
44890,200,129
44891,200,130
44892,200,131
44893,200,132
44894,200,133
44895,200,134
44896,200,135
44897,200,136
44898,200,137
44899,200,138
44900,200,139
44901,200,140
44902,200,141
44903,200,142
44904,200,143
44905,200,144
44906,200,145
44907,200,146
44908,200,147
44909,200,148
44910,200,149
44911,200,150
44912,200,151
44913,200,152
44914,200,153
44915,200,154
44916,200,155
44917,200,156
44918,200,157
44919,200,158
44920,200,159
44921,200,160
44922,200,161
44923,200,162
44924,200,163
44925,200,164
44926,200,165
44927,200,166
44928,200,167
44929,200,168
44930,200,169
44931,200,170
44932,200,171
44933,200,172
44934,200,173
44935,200,174
44936,200,175
44937,200,176
44938,200,177
44939,200,178
44940,200,179
44941,200,180
44942,200,181
44943,200,182
44944,200,183
44945,200,184
44946,200,185
44947,200,186
44948,200,187
44949,200,188
44950,200,189
44951,200,190
44952,200,191
44953,200,192
44954,200,193
44955,200,194
44956,200,195
44957,200,196
44958,200,197
44959,200,198
44960,200,199
44961,200,200
44962,200,201
44963,200,202
44964,200,203
44965,200,204
44966,200,205
44967,200,206
44968,200,207
44969,200,208
44970,200,209
44971,200,210
44972,200,211
44973,200,212
44974,200,213
44975,200,214
44976,200,215
44977,200,216
44978,200,217
44979,200,218
44980,200,219
44981,200,220
44982,200,221
44983,200,222
44984,200,223
44985,200,224
44986,200,225
44987,200,226
44988,200,227
44989,200,228
44990,200,229
44991,200,230
44992,200,231
44993,200,232
44994,200,233
44995,200,234
44996,200,235
44997,200,236
44998,200,237
44999,200,238
45000,201,19
45001,201,20
45002,201,21
45003,201,22
45004,201,23
45005,201,24
45006,201,25
45007,201,26
45008,201,27
45009,201,28
45010,201,29
45011,201,30
45012,201,31
45013,201,32
45014,201,33
45015,201,34
45016,201,35
45017,201,36
45018,201,37
45019,201,38
45020,201,39
45021,201,40
45022,201,41
45023,201,42
45024,201,43
45025,201,44
45026,201,45
45027,201,46
45028,201,47
45029,201,48
45030,201,49
45031,201,50
45032,201,51
45033,201,52
45034,201,53
45035,201,54
45036,201,55
45037,201,56
45038,201,57
45039,201,58
45040,201,59
45041,201,60
45042,201,61
45043,201,62
45044,201,63
45045,201,64
45046,201,65
45047,201,66
45048,201,67
45049,201,68
45050,201,69
45051,201,70
45052,201,71
45053,201,72
45054,201,73
45055,201,74
45056,201,75
45057,201,76
45058,201,77
45059,201,78
45060,201,79
45061,201,80
45062,201,81
45063,201,82
45064,201,83
45065,201,84
45066,201,85
45067,201,86
45068,201,87
45069,201,88
45070,201,89
45071,201,90
45072,201,91
45073,201,92
45074,201,93
45075,201,94
45076,201,95
45077,201,96
45078,201,97
45079,201,98
45080,201,99
45081,201,100
45082,201,101
45083,201,102
45084,201,103
45085,201,104
45086,201,105
45087,201,106
45088,201,107
45089,201,108
45090,201,109
45091,201,110
45092,201,111
45093,201,112
45094,201,113
45095,201,114
45096,201,115
45097,201,116
45098,201,117
45099,201,118
45100,201,119
45101,201,120
45102,201,121
45103,201,122
45104,201,123
45105,201,124
45106,201,125
45107,201,126
45108,201,127
45109,201,128
45110,201,129
45111,201,130
45112,201,131
45113,201,132
45114,201,133
45115,201,134
45116,201,135
45117,201,136
45118,201,137
45119,201,138
45120,201,139
45121,201,140
45122,201,141
45123,201,142
45124,201,143
45125,201,144
45126,201,145
45127,201,146
45128,201,147
45129,201,148
45130,201,149
45131,201,150
45132,201,151
45133,201,152
45134,201,153
45135,201,154
45136,201,155
45137,201,156
45138,201,157
45139,201,158
45140,201,159
45141,201,160
45142,201,161
45143,201,162
45144,201,163
45145,201,164
45146,201,165
45147,201,166
45148,201,167
45149,201,168
45150,201,169
45151,201,170
45152,201,171
45153,201,172
45154,201,173
45155,201,174
45156,201,175
45157,201,176
45158,201,177
45159,201,178
45160,201,179
45161,201,180
45162,201,181
45163,201,182
45164,201,183
45165,201,184
45166,201,185
45167,201,186
45168,201,187
45169,201,188
45170,201,189
45171,201,190
45172,201,191
45173,201,192
45174,201,193
45175,201,194
45176,201,195
45177,201,196
45178,201,197
45179,201,198
45180,201,199
45181,201,200
45182,201,201
45183,201,202
45184,201,203
45185,201,204
45186,201,205
45187,201,206
45188,201,207
45189,201,208
45190,201,209
45191,201,210
45192,201,211
45193,201,212
45194,201,213
45195,201,214
45196,201,215
45197,201,216
45198,201,217
45199,201,218
45200,201,219
45201,201,220
45202,201,221
45203,201,222
45204,201,223
45205,201,224
45206,201,225
45207,201,226
45208,201,227
45209,201,228
45210,201,229
45211,201,230
45212,201,231
45213,201,232
45214,201,233
45215,201,234
45216,201,235
45217,201,236
45218,201,237
45219,202,19
45220,202,20
45221,202,21
45222,202,22
45223,202,23
45224,202,24
45225,202,25
45226,202,26
45227,202,27
45228,202,28
45229,202,29
45230,202,30
45231,202,31
45232,202,32
45233,202,33
45234,202,34
45235,202,35
45236,202,36
45237,202,37
45238,202,38
45239,202,39
45240,202,40
45241,202,41
45242,202,42
45243,202,43
45244,202,44
45245,202,45
45246,202,46
45247,202,47
45248,202,48
45249,202,49
45250,202,50
45251,202,51
45252,202,52
45253,202,53
45254,202,54
45255,202,55
45256,202,56
45257,202,57
45258,202,58
45259,202,59
45260,202,60
45261,202,61
45262,202,62
45263,202,63
45264,202,64
45265,202,65
45266,202,66
45267,202,67
45268,202,68
45269,202,69
45270,202,70
45271,202,71
45272,202,72
45273,202,73
45274,202,74
45275,202,75
45276,202,76
45277,202,77
45278,202,78
45279,202,79
45280,202,80
45281,202,81
45282,202,82
45283,202,83
45284,202,84
45285,202,85
45286,202,86
45287,202,87
45288,202,88
45289,202,89
45290,202,90
45291,202,91
45292,202,92
45293,202,93
45294,202,94
45295,202,95
45296,202,96
45297,202,97
45298,202,98
45299,202,99
45300,202,100
45301,202,101
45302,202,102
45303,202,103
45304,202,104
45305,202,105
45306,202,106
45307,202,107
45308,202,108
45309,202,109
45310,202,110
45311,202,111
45312,202,112
45313,202,113
45314,202,114
45315,202,115
45316,202,116
45317,202,117
45318,202,118
45319,202,119
45320,202,120
45321,202,121
45322,202,122
45323,202,123
45324,202,124
45325,202,125
45326,202,126
45327,202,127
45328,202,128
45329,202,129
45330,202,130
45331,202,131
45332,202,132
45333,202,133
45334,202,134
45335,202,135
45336,202,136
45337,202,137
45338,202,138
45339,202,139
45340,202,140
45341,202,141
45342,202,142
45343,202,143
45344,202,144
45345,202,145
45346,202,146
45347,202,147
45348,202,148
45349,202,149
45350,202,150
45351,202,151
45352,202,152
45353,202,153
45354,202,154
45355,202,155
45356,202,156
45357,202,157
45358,202,158
45359,202,159
45360,202,160
45361,202,161
45362,202,162
45363,202,163
45364,202,164
45365,202,165
45366,202,166
45367,202,167
45368,202,168
45369,202,169
45370,202,170
45371,202,171
45372,202,172
45373,202,173
45374,202,174
45375,202,175
45376,202,176
45377,202,177
45378,202,178
45379,202,179
45380,202,180
45381,202,181
45382,202,182
45383,202,183
45384,202,184
45385,202,185
45386,202,186
45387,202,187
45388,202,188
45389,202,189
45390,202,190
45391,202,191
45392,202,192
45393,202,193
45394,202,194
45395,202,195
45396,202,196
45397,202,197
45398,202,198
45399,202,199
45400,202,200
45401,202,201
45402,202,202
45403,202,203
45404,202,204
45405,202,205
45406,202,206
45407,202,207
45408,202,208
45409,202,209
45410,202,210
45411,202,211
45412,202,212
45413,202,213
45414,202,214
45415,202,215
45416,202,216
45417,202,217
45418,202,218
45419,202,219
45420,202,220
45421,202,221
45422,202,222
45423,202,223
45424,202,224
45425,202,225
45426,202,226
45427,202,227
45428,202,228
45429,202,229
45430,202,230
45431,202,231
45432,202,232
45433,202,233
45434,202,234
45435,202,235
45436,202,236
45437,202,237
45438,203,20
45439,203,21
45440,203,22
45441,203,23
45442,203,24
45443,203,25
45444,203,26
45445,203,27
45446,203,28
45447,203,29
45448,203,30
45449,203,31
45450,203,32
45451,203,33
45452,203,34
45453,203,35
45454,203,36
45455,203,37
45456,203,38
45457,203,39
45458,203,40
45459,203,41
45460,203,42
45461,203,43
45462,203,44
45463,203,45
45464,203,46
45465,203,47
45466,203,48
45467,203,49
45468,203,50
45469,203,51
45470,203,52
45471,203,53
45472,203,54
45473,203,55
45474,203,56
45475,203,57
45476,203,58
45477,203,59
45478,203,60
45479,203,61
45480,203,62
45481,203,63
45482,203,64
45483,203,65
45484,203,66
45485,203,67
45486,203,68
45487,203,69
45488,203,70
45489,203,71
45490,203,72
45491,203,73
45492,203,74
45493,203,75
45494,203,76
45495,203,77
45496,203,78
45497,203,79
45498,203,80
45499,203,81
45500,203,82
45501,203,83
45502,203,84
45503,203,85
45504,203,86
45505,203,87
45506,203,88
45507,203,89
45508,203,90
45509,203,91
45510,203,92
45511,203,93
45512,203,94
45513,203,95
45514,203,96
45515,203,97
45516,203,98
45517,203,99
45518,203,100
45519,203,101
45520,203,102
45521,203,103
45522,203,104
45523,203,105
45524,203,106
45525,203,107
45526,203,108
45527,203,109
45528,203,110
45529,203,111
45530,203,112
45531,203,113
45532,203,114
45533,203,115
45534,203,116
45535,203,117
45536,203,118
45537,203,119
45538,203,120
45539,203,121
45540,203,122
45541,203,123
45542,203,124
45543,203,125
45544,203,126
45545,203,127
45546,203,128
45547,203,129
45548,203,130
45549,203,131
45550,203,132
45551,203,133
45552,203,134
45553,203,135
45554,203,136
45555,203,137
45556,203,138
45557,203,139
45558,203,140
45559,203,141
45560,203,142
45561,203,143
45562,203,144
45563,203,145
45564,203,146
45565,203,147
45566,203,148
45567,203,149
45568,203,150
45569,203,151
45570,203,152
45571,203,153
45572,203,154
45573,203,155
45574,203,156
45575,203,157
45576,203,158
45577,203,159
45578,203,160
45579,203,161
45580,203,162
45581,203,163
45582,203,164
45583,203,165
45584,203,166
45585,203,167
45586,203,168
45587,203,169
45588,203,170
45589,203,171
45590,203,172
45591,203,173
45592,203,174
45593,203,175
45594,203,176
45595,203,177
45596,203,178
45597,203,179
45598,203,180
45599,203,181
45600,203,182
45601,203,183
45602,203,184
45603,203,185
45604,203,186
45605,203,187
45606,203,188
45607,203,189
45608,203,190
45609,203,191
45610,203,192
45611,203,193
45612,203,194
45613,203,195
45614,203,196
45615,203,197
45616,203,198
45617,203,199
45618,203,200
45619,203,201
45620,203,202
45621,203,203
45622,203,204
45623,203,205
45624,203,206
45625,203,207
45626,203,208
45627,203,209
45628,203,210
45629,203,211
45630,203,212
45631,203,213
45632,203,214
45633,203,215
45634,203,216
45635,203,217
45636,203,218
45637,203,219
45638,203,220
45639,203,221
45640,203,222
45641,203,223
45642,203,224
45643,203,225
45644,203,226
45645,203,227
45646,203,228
45647,203,229
45648,203,230
45649,203,231
45650,203,232
45651,203,233
45652,203,234
45653,203,235
45654,203,236
45655,204,21
45656,204,22
45657,204,23
45658,204,24
45659,204,25
45660,204,26
45661,204,27
45662,204,28
45663,204,29
45664,204,30
45665,204,31
45666,204,32
45667,204,33
45668,204,34
45669,204,35
45670,204,36
45671,204,37
45672,204,38
45673,204,39
45674,204,40
45675,204,41
45676,204,42
45677,204,43
45678,204,44
45679,204,45
45680,204,46
45681,204,47
45682,204,48
45683,204,49
45684,204,50
45685,204,51
45686,204,52
45687,204,53
45688,204,54
45689,204,55
45690,204,56
45691,204,57
45692,204,58
45693,204,59
45694,204,60
45695,204,61
45696,204,62
45697,204,63
45698,204,64
45699,204,65
45700,204,66
45701,204,67
45702,204,68
45703,204,69
45704,204,70
45705,204,71
45706,204,72
45707,204,73
45708,204,74
45709,204,75
45710,204,76
45711,204,77
45712,204,78
45713,204,79
45714,204,80
45715,204,81
45716,204,82
45717,204,83
45718,204,84
45719,204,85
45720,204,86
45721,204,87
45722,204,88
45723,204,89
45724,204,90
45725,204,91
45726,204,92
45727,204,93
45728,204,94
45729,204,95
45730,204,96
45731,204,97
45732,204,98
45733,204,99
45734,204,100
45735,204,101
45736,204,102
45737,204,103
45738,204,104
45739,204,105
45740,204,106
45741,204,107
45742,204,108
45743,204,109
45744,204,110
45745,204,111
45746,204,112
45747,204,113
45748,204,114
45749,204,115
45750,204,116
45751,204,117
45752,204,118
45753,204,119
45754,204,120
45755,204,121
45756,204,122
45757,204,123
45758,204,124
45759,204,125
45760,204,126
45761,204,127
45762,204,128
45763,204,129
45764,204,130
45765,204,131
45766,204,132
45767,204,133
45768,204,134
45769,204,135
45770,204,136
45771,204,137
45772,204,138
45773,204,139
45774,204,140
45775,204,141
45776,204,142
45777,204,143
45778,204,144
45779,204,145
45780,204,146
45781,204,147
45782,204,148
45783,204,149
45784,204,150
45785,204,151
45786,204,152
45787,204,153
45788,204,154
45789,204,155
45790,204,156
45791,204,157
45792,204,158
45793,204,159
45794,204,160
45795,204,161
45796,204,162
45797,204,163
45798,204,164
45799,204,165
45800,204,166
45801,204,167
45802,204,168
45803,204,169
45804,204,170
45805,204,171
45806,204,172
45807,204,173
45808,204,174
45809,204,175
45810,204,176
45811,204,177
45812,204,178
45813,204,179
45814,204,180
45815,204,181
45816,204,182
45817,204,183
45818,204,184
45819,204,185
45820,204,186
45821,204,187
45822,204,188
45823,204,189
45824,204,190
45825,204,191
45826,204,192
45827,204,193
45828,204,194
45829,204,195
45830,204,196
45831,204,197
45832,204,198
45833,204,199
45834,204,200
45835,204,201
45836,204,202
45837,204,203
45838,204,204
45839,204,205
45840,204,206
45841,204,207
45842,204,208
45843,204,209
45844,204,210
45845,204,211
45846,204,212
45847,204,213
45848,204,214
45849,204,215
45850,204,216
45851,204,217
45852,204,218
45853,204,219
45854,204,220
45855,204,221
45856,204,222
45857,204,223
45858,204,224
45859,204,225
45860,204,226
45861,204,227
45862,204,228
45863,204,229
45864,204,230
45865,204,231
45866,204,232
45867,204,233
45868,204,234
45869,204,235
45870,205,21
45871,205,22
45872,205,23
45873,205,24
45874,205,25
45875,205,26
45876,205,27
45877,205,28
45878,205,29
45879,205,30
45880,205,31
45881,205,32
45882,205,33
45883,205,34
45884,205,35
45885,205,36
45886,205,37
45887,205,38
45888,205,39
45889,205,40
45890,205,41
45891,205,42
45892,205,43
45893,205,44
45894,205,45
45895,205,46
45896,205,47
45897,205,48
45898,205,49
45899,205,50
45900,205,51
45901,205,52
45902,205,53
45903,205,54
45904,205,55
45905,205,56
45906,205,57
45907,205,58
45908,205,59
45909,205,60
45910,205,61
45911,205,62
45912,205,63
45913,205,64
45914,205,65
45915,205,66
45916,205,67
45917,205,68
45918,205,69
45919,205,70
45920,205,71
45921,205,72
45922,205,73
45923,205,74
45924,205,75
45925,205,76
45926,205,77
45927,205,78
45928,205,79
45929,205,80
45930,205,81
45931,205,82
45932,205,83
45933,205,84
45934,205,85
45935,205,86
45936,205,87
45937,205,88
45938,205,89
45939,205,90
45940,205,91
45941,205,92
45942,205,93
45943,205,94
45944,205,95
45945,205,96
45946,205,97
45947,205,98
45948,205,99
45949,205,100
45950,205,101
45951,205,102
45952,205,103
45953,205,104
45954,205,105
45955,205,106
45956,205,107
45957,205,108
45958,205,109
45959,205,110
45960,205,111
45961,205,112
45962,205,113
45963,205,114
45964,205,115
45965,205,116
45966,205,117
45967,205,118
45968,205,119
45969,205,120
45970,205,121
45971,205,122
45972,205,123
45973,205,124
45974,205,125
45975,205,126
45976,205,127
45977,205,128
45978,205,129
45979,205,130
45980,205,131
45981,205,132
45982,205,133
45983,205,134
45984,205,135
45985,205,136
45986,205,137
45987,205,138
45988,205,139
45989,205,140
45990,205,141
45991,205,142
45992,205,143
45993,205,144
45994,205,145
45995,205,146
45996,205,147
45997,205,148
45998,205,149
45999,205,150
46000,205,151
46001,205,152
46002,205,153
46003,205,154
46004,205,155
46005,205,156
46006,205,157
46007,205,158
46008,205,159
46009,205,160
46010,205,161
46011,205,162
46012,205,163
46013,205,164
46014,205,165
46015,205,166
46016,205,167
46017,205,168
46018,205,169
46019,205,170
46020,205,171
46021,205,172
46022,205,173
46023,205,174
46024,205,175
46025,205,176
46026,205,177
46027,205,178
46028,205,179
46029,205,180
46030,205,181
46031,205,182
46032,205,183
46033,205,184
46034,205,185
46035,205,186
46036,205,187
46037,205,188
46038,205,189
46039,205,190
46040,205,191
46041,205,192
46042,205,193
46043,205,194
46044,205,195
46045,205,196
46046,205,197
46047,205,198
46048,205,199
46049,205,200
46050,205,201
46051,205,202
46052,205,203
46053,205,204
46054,205,205
46055,205,206
46056,205,207
46057,205,208
46058,205,209
46059,205,210
46060,205,211
46061,205,212
46062,205,213
46063,205,214
46064,205,215
46065,205,216
46066,205,217
46067,205,218
46068,205,219
46069,205,220
46070,205,221
46071,205,222
46072,205,223
46073,205,224
46074,205,225
46075,205,226
46076,205,227
46077,205,228
46078,205,229
46079,205,230
46080,205,231
46081,205,232
46082,205,233
46083,205,234
46084,205,235
46085,206,22
46086,206,23
46087,206,24
46088,206,25
46089,206,26
46090,206,27
46091,206,28
46092,206,29
46093,206,30
46094,206,31
46095,206,32
46096,206,33
46097,206,34
46098,206,35
46099,206,36
46100,206,37
46101,206,38
46102,206,39
46103,206,40
46104,206,41
46105,206,42
46106,206,43
46107,206,44
46108,206,45
46109,206,46
46110,206,47
46111,206,48
46112,206,49
46113,206,50
46114,206,51
46115,206,52
46116,206,53
46117,206,54
46118,206,55
46119,206,56
46120,206,57
46121,206,58
46122,206,59
46123,206,60
46124,206,61
46125,206,62
46126,206,63
46127,206,64
46128,206,65
46129,206,66
46130,206,67
46131,206,68
46132,206,69
46133,206,70
46134,206,71
46135,206,72
46136,206,73
46137,206,74
46138,206,75
46139,206,76
46140,206,77
46141,206,78
46142,206,79
46143,206,80
46144,206,81
46145,206,82
46146,206,83
46147,206,84
46148,206,85
46149,206,86
46150,206,87
46151,206,88
46152,206,89
46153,206,90
46154,206,91
46155,206,92
46156,206,93
46157,206,94
46158,206,95
46159,206,96
46160,206,97
46161,206,98
46162,206,99
46163,206,100
46164,206,101
46165,206,102
46166,206,103
46167,206,104
46168,206,105
46169,206,106
46170,206,107
46171,206,108
46172,206,109
46173,206,110
46174,206,111
46175,206,112
46176,206,113
46177,206,114
46178,206,115
46179,206,116
46180,206,117
46181,206,118
46182,206,119
46183,206,120
46184,206,121
46185,206,122
46186,206,123
46187,206,124
46188,206,125
46189,206,126
46190,206,127
46191,206,128
46192,206,129
46193,206,130
46194,206,131
46195,206,132
46196,206,133
46197,206,134
46198,206,135
46199,206,136
46200,206,137
46201,206,138
46202,206,139
46203,206,140
46204,206,141
46205,206,142
46206,206,143
46207,206,144
46208,206,145
46209,206,146
46210,206,147
46211,206,148
46212,206,149
46213,206,150
46214,206,151
46215,206,152
46216,206,153
46217,206,154
46218,206,155
46219,206,156
46220,206,157
46221,206,158
46222,206,159
46223,206,160
46224,206,161
46225,206,162
46226,206,163
46227,206,164
46228,206,165
46229,206,166
46230,206,167
46231,206,168
46232,206,169
46233,206,170
46234,206,171
46235,206,172
46236,206,173
46237,206,174
46238,206,175
46239,206,176
46240,206,177
46241,206,178
46242,206,179
46243,206,180
46244,206,181
46245,206,182
46246,206,183
46247,206,184
46248,206,185
46249,206,186
46250,206,187
46251,206,188
46252,206,189
46253,206,190
46254,206,191
46255,206,192
46256,206,193
46257,206,194
46258,206,195
46259,206,196
46260,206,197
46261,206,198
46262,206,199
46263,206,200
46264,206,201
46265,206,202
46266,206,203
46267,206,204
46268,206,205
46269,206,206
46270,206,207
46271,206,208
46272,206,209
46273,206,210
46274,206,211
46275,206,212
46276,206,213
46277,206,214
46278,206,215
46279,206,216
46280,206,217
46281,206,218
46282,206,219
46283,206,220
46284,206,221
46285,206,222
46286,206,223
46287,206,224
46288,206,225
46289,206,226
46290,206,227
46291,206,228
46292,206,229
46293,206,230
46294,206,231
46295,206,232
46296,206,233
46297,206,234
46298,207,23
46299,207,24
46300,207,25
46301,207,26
46302,207,27
46303,207,28
46304,207,29
46305,207,30
46306,207,31
46307,207,32
46308,207,33
46309,207,34
46310,207,35
46311,207,36
46312,207,37
46313,207,38
46314,207,39
46315,207,40
46316,207,41
46317,207,42
46318,207,43
46319,207,44
46320,207,45
46321,207,46
46322,207,47
46323,207,48
46324,207,49
46325,207,50
46326,207,51
46327,207,52
46328,207,53
46329,207,54
46330,207,55
46331,207,56
46332,207,57
46333,207,58
46334,207,59
46335,207,60
46336,207,61
46337,207,62
46338,207,63
46339,207,64
46340,207,65
46341,207,66
46342,207,67
46343,207,68
46344,207,69
46345,207,70
46346,207,71
46347,207,72
46348,207,73
46349,207,74
46350,207,75
46351,207,76
46352,207,77
46353,207,78
46354,207,79
46355,207,80
46356,207,81
46357,207,82
46358,207,83
46359,207,84
46360,207,85
46361,207,86
46362,207,87
46363,207,88
46364,207,89
46365,207,90
46366,207,91
46367,207,92
46368,207,93
46369,207,94
46370,207,95
46371,207,96
46372,207,97
46373,207,98
46374,207,99
46375,207,100
46376,207,101
46377,207,102
46378,207,103
46379,207,104
46380,207,105
46381,207,106
46382,207,107
46383,207,108
46384,207,109
46385,207,110
46386,207,111
46387,207,112
46388,207,113
46389,207,114
46390,207,115
46391,207,116
46392,207,117
46393,207,118
46394,207,119
46395,207,120
46396,207,121
46397,207,122
46398,207,123
46399,207,124
46400,207,125
46401,207,126
46402,207,127
46403,207,128
46404,207,129
46405,207,130
46406,207,131
46407,207,132
46408,207,133
46409,207,134
46410,207,135
46411,207,136
46412,207,137
46413,207,138
46414,207,139
46415,207,140
46416,207,141
46417,207,142
46418,207,143
46419,207,144
46420,207,145
46421,207,146
46422,207,147
46423,207,148
46424,207,149
46425,207,150
46426,207,151
46427,207,152
46428,207,153
46429,207,154
46430,207,155
46431,207,156
46432,207,157
46433,207,158
46434,207,159
46435,207,160
46436,207,161
46437,207,162
46438,207,163
46439,207,164
46440,207,165
46441,207,166
46442,207,167
46443,207,168
46444,207,169
46445,207,170
46446,207,171
46447,207,172
46448,207,173
46449,207,174
46450,207,175
46451,207,176
46452,207,177
46453,207,178
46454,207,179
46455,207,180
46456,207,181
46457,207,182
46458,207,183
46459,207,184
46460,207,185
46461,207,186
46462,207,187
46463,207,188
46464,207,189
46465,207,190
46466,207,191
46467,207,192
46468,207,193
46469,207,194
46470,207,195
46471,207,196
46472,207,197
46473,207,198
46474,207,199
46475,207,200
46476,207,201
46477,207,202
46478,207,203
46479,207,204
46480,207,205
46481,207,206
46482,207,207
46483,207,208
46484,207,209
46485,207,210
46486,207,211
46487,207,212
46488,207,213
46489,207,214
46490,207,215
46491,207,216
46492,207,217
46493,207,218
46494,207,219
46495,207,220
46496,207,221
46497,207,222
46498,207,223
46499,207,224
46500,207,225
46501,207,226
46502,207,227
46503,207,228
46504,207,229
46505,207,230
46506,207,231
46507,207,232
46508,207,233
46509,208,24
46510,208,25
46511,208,26
46512,208,27
46513,208,28
46514,208,29
46515,208,30
46516,208,31
46517,208,32
46518,208,33
46519,208,34
46520,208,35
46521,208,36
46522,208,37
46523,208,38
46524,208,39
46525,208,40
46526,208,41
46527,208,42
46528,208,43
46529,208,44
46530,208,45
46531,208,46
46532,208,47
46533,208,48
46534,208,49
46535,208,50
46536,208,51
46537,208,52
46538,208,53
46539,208,54
46540,208,55
46541,208,56
46542,208,57
46543,208,58
46544,208,59
46545,208,60
46546,208,61
46547,208,62
46548,208,63
46549,208,64
46550,208,65
46551,208,66
46552,208,67
46553,208,68
46554,208,69
46555,208,70
46556,208,71
46557,208,72
46558,208,73
46559,208,74
46560,208,75
46561,208,76
46562,208,77
46563,208,78
46564,208,79
46565,208,80
46566,208,81
46567,208,82
46568,208,83
46569,208,84
46570,208,85
46571,208,86
46572,208,87
46573,208,88
46574,208,89
46575,208,90
46576,208,91
46577,208,92
46578,208,93
46579,208,94
46580,208,95
46581,208,96
46582,208,97
46583,208,98
46584,208,99
46585,208,100
46586,208,101
46587,208,102
46588,208,103
46589,208,104
46590,208,105
46591,208,106
46592,208,107
46593,208,108
46594,208,109
46595,208,110
46596,208,111
46597,208,112
46598,208,113
46599,208,114
46600,208,115
46601,208,116
46602,208,117
46603,208,118
46604,208,119
46605,208,120
46606,208,121
46607,208,122
46608,208,123
46609,208,124
46610,208,125
46611,208,126
46612,208,127
46613,208,128
46614,208,129
46615,208,130
46616,208,131
46617,208,132
46618,208,133
46619,208,134
46620,208,135
46621,208,136
46622,208,137
46623,208,138
46624,208,139
46625,208,140
46626,208,141
46627,208,142
46628,208,143
46629,208,144
46630,208,145
46631,208,146
46632,208,147
46633,208,148
46634,208,149
46635,208,150
46636,208,151
46637,208,152
46638,208,153
46639,208,154
46640,208,155
46641,208,156
46642,208,157
46643,208,158
46644,208,159
46645,208,160
46646,208,161
46647,208,162
46648,208,163
46649,208,164
46650,208,165
46651,208,166
46652,208,167
46653,208,168
46654,208,169
46655,208,170
46656,208,171
46657,208,172
46658,208,173
46659,208,174
46660,208,175
46661,208,176
46662,208,177
46663,208,178
46664,208,179
46665,208,180
46666,208,181
46667,208,182
46668,208,183
46669,208,184
46670,208,185
46671,208,186
46672,208,187
46673,208,188
46674,208,189
46675,208,190
46676,208,191
46677,208,192
46678,208,193
46679,208,194
46680,208,195
46681,208,196
46682,208,197
46683,208,198
46684,208,199
46685,208,200
46686,208,201
46687,208,202
46688,208,203
46689,208,204
46690,208,205
46691,208,206
46692,208,207
46693,208,208
46694,208,209
46695,208,210
46696,208,211
46697,208,212
46698,208,213
46699,208,214
46700,208,215
46701,208,216
46702,208,217
46703,208,218
46704,208,219
46705,208,220
46706,208,221
46707,208,222
46708,208,223
46709,208,224
46710,208,225
46711,208,226
46712,208,227
46713,208,228
46714,208,229
46715,208,230
46716,208,231
46717,208,232
46718,209,24
46719,209,25
46720,209,26
46721,209,27
46722,209,28
46723,209,29
46724,209,30
46725,209,31
46726,209,32
46727,209,33
46728,209,34
46729,209,35
46730,209,36
46731,209,37
46732,209,38
46733,209,39
46734,209,40
46735,209,41
46736,209,42
46737,209,43
46738,209,44
46739,209,45
46740,209,46
46741,209,47
46742,209,48
46743,209,49
46744,209,50
46745,209,51
46746,209,52
46747,209,53
46748,209,54
46749,209,55
46750,209,56
46751,209,57
46752,209,58
46753,209,59
46754,209,60
46755,209,61
46756,209,62
46757,209,63
46758,209,64
46759,209,65
46760,209,66
46761,209,67
46762,209,68
46763,209,69
46764,209,70
46765,209,71
46766,209,72
46767,209,73
46768,209,74
46769,209,75
46770,209,76
46771,209,77
46772,209,78
46773,209,79
46774,209,80
46775,209,81
46776,209,82
46777,209,83
46778,209,84
46779,209,85
46780,209,86
46781,209,87
46782,209,88
46783,209,89
46784,209,90
46785,209,91
46786,209,92
46787,209,93
46788,209,94
46789,209,95
46790,209,96
46791,209,97
46792,209,98
46793,209,99
46794,209,100
46795,209,101
46796,209,102
46797,209,103
46798,209,104
46799,209,105
46800,209,106
46801,209,107
46802,209,108
46803,209,109
46804,209,110
46805,209,111
46806,209,112
46807,209,113
46808,209,114
46809,209,115
46810,209,116
46811,209,117
46812,209,118
46813,209,119
46814,209,120
46815,209,121
46816,209,122
46817,209,123
46818,209,124
46819,209,125
46820,209,126
46821,209,127
46822,209,128
46823,209,129
46824,209,130
46825,209,131
46826,209,132
46827,209,133
46828,209,134
46829,209,135
46830,209,136
46831,209,137
46832,209,138
46833,209,139
46834,209,140
46835,209,141
46836,209,142
46837,209,143
46838,209,144
46839,209,145
46840,209,146
46841,209,147
46842,209,148
46843,209,149
46844,209,150
46845,209,151
46846,209,152
46847,209,153
46848,209,154
46849,209,155
46850,209,156
46851,209,157
46852,209,158
46853,209,159
46854,209,160
46855,209,161
46856,209,162
46857,209,163
46858,209,164
46859,209,165
46860,209,166
46861,209,167
46862,209,168
46863,209,169
46864,209,170
46865,209,171
46866,209,172
46867,209,173
46868,209,174
46869,209,175
46870,209,176
46871,209,177
46872,209,178
46873,209,179
46874,209,180
46875,209,181
46876,209,182
46877,209,183
46878,209,184
46879,209,185
46880,209,186
46881,209,187
46882,209,188
46883,209,189
46884,209,190
46885,209,191
46886,209,192
46887,209,193
46888,209,194
46889,209,195
46890,209,196
46891,209,197
46892,209,198
46893,209,199
46894,209,200
46895,209,201
46896,209,202
46897,209,203
46898,209,204
46899,209,205
46900,209,206
46901,209,207
46902,209,208
46903,209,209
46904,209,210
46905,209,211
46906,209,212
46907,209,213
46908,209,214
46909,209,215
46910,209,216
46911,209,217
46912,209,218
46913,209,219
46914,209,220
46915,209,221
46916,209,222
46917,209,223
46918,209,224
46919,209,225
46920,209,226
46921,209,227
46922,209,228
46923,209,229
46924,209,230
46925,209,231
46926,209,232
46927,210,25
46928,210,26
46929,210,27
46930,210,28
46931,210,29
46932,210,30
46933,210,31
46934,210,32
46935,210,33
46936,210,34
46937,210,35
46938,210,36
46939,210,37
46940,210,38
46941,210,39
46942,210,40
46943,210,41
46944,210,42
46945,210,43
46946,210,44
46947,210,45
46948,210,46
46949,210,47
46950,210,48
46951,210,49
46952,210,50
46953,210,51
46954,210,52
46955,210,53
46956,210,54
46957,210,55
46958,210,56
46959,210,57
46960,210,58
46961,210,59
46962,210,60
46963,210,61
46964,210,62
46965,210,63
46966,210,64
46967,210,65
46968,210,66
46969,210,67
46970,210,68
46971,210,69
46972,210,70
46973,210,71
46974,210,72
46975,210,73
46976,210,74
46977,210,75
46978,210,76
46979,210,77
46980,210,78
46981,210,79
46982,210,80
46983,210,81
46984,210,82
46985,210,83
46986,210,84
46987,210,85
46988,210,86
46989,210,87
46990,210,88
46991,210,89
46992,210,90
46993,210,91
46994,210,92
46995,210,93
46996,210,94
46997,210,95
46998,210,96
46999,210,97
47000,210,98
47001,210,99
47002,210,100
47003,210,101
47004,210,102
47005,210,103
47006,210,104
47007,210,105
47008,210,106
47009,210,107
47010,210,108
47011,210,109
47012,210,110
47013,210,111
47014,210,112
47015,210,113
47016,210,114
47017,210,115
47018,210,116
47019,210,117
47020,210,118
47021,210,119
47022,210,120
47023,210,121
47024,210,122
47025,210,123
47026,210,124
47027,210,125
47028,210,126
47029,210,127
47030,210,128
47031,210,129
47032,210,130
47033,210,131
47034,210,132
47035,210,133
47036,210,134
47037,210,135
47038,210,136
47039,210,137
47040,210,138
47041,210,139
47042,210,140
47043,210,141
47044,210,142
47045,210,143
47046,210,144
47047,210,145
47048,210,146
47049,210,147
47050,210,148
47051,210,149
47052,210,150
47053,210,151
47054,210,152
47055,210,153
47056,210,154
47057,210,155
47058,210,156
47059,210,157
47060,210,158
47061,210,159
47062,210,160
47063,210,161
47064,210,162
47065,210,163
47066,210,164
47067,210,165
47068,210,166
47069,210,167
47070,210,168
47071,210,169
47072,210,170
47073,210,171
47074,210,172
47075,210,173
47076,210,174
47077,210,175
47078,210,176
47079,210,177
47080,210,178
47081,210,179
47082,210,180
47083,210,181
47084,210,182
47085,210,183
47086,210,184
47087,210,185
47088,210,186
47089,210,187
47090,210,188
47091,210,189
47092,210,190
47093,210,191
47094,210,192
47095,210,193
47096,210,194
47097,210,195
47098,210,196
47099,210,197
47100,210,198
47101,210,199
47102,210,200
47103,210,201
47104,210,202
47105,210,203
47106,210,204
47107,210,205
47108,210,206
47109,210,207
47110,210,208
47111,210,209
47112,210,210
47113,210,211
47114,210,212
47115,210,213
47116,210,214
47117,210,215
47118,210,216
47119,210,217
47120,210,218
47121,210,219
47122,210,220
47123,210,221
47124,210,222
47125,210,223
47126,210,224
47127,210,225
47128,210,226
47129,210,227
47130,210,228
47131,210,229
47132,210,230
47133,210,231
47134,211,26
47135,211,27
47136,211,28
47137,211,29
47138,211,30
47139,211,31
47140,211,32
47141,211,33
47142,211,34
47143,211,35
47144,211,36
47145,211,37
47146,211,38
47147,211,39
47148,211,40
47149,211,41
47150,211,42
47151,211,43
47152,211,44
47153,211,45
47154,211,46
47155,211,47
47156,211,48
47157,211,49
47158,211,50
47159,211,51
47160,211,52
47161,211,53
47162,211,54
47163,211,55
47164,211,56
47165,211,57
47166,211,58
47167,211,59
47168,211,60
47169,211,61
47170,211,62
47171,211,63
47172,211,64
47173,211,65
47174,211,66
47175,211,67
47176,211,68
47177,211,69
47178,211,70
47179,211,71
47180,211,72
47181,211,73
47182,211,74
47183,211,75
47184,211,76
47185,211,77
47186,211,78
47187,211,79
47188,211,80
47189,211,81
47190,211,82
47191,211,83
47192,211,84
47193,211,85
47194,211,86
47195,211,87
47196,211,88
47197,211,89
47198,211,90
47199,211,91
47200,211,92
47201,211,93
47202,211,94
47203,211,95
47204,211,96
47205,211,97
47206,211,98
47207,211,99
47208,211,100
47209,211,101
47210,211,102
47211,211,103
47212,211,104
47213,211,105
47214,211,106
47215,211,107
47216,211,108
47217,211,109
47218,211,110
47219,211,111
47220,211,112
47221,211,113
47222,211,114
47223,211,115
47224,211,116
47225,211,117
47226,211,118
47227,211,119
47228,211,120
47229,211,121
47230,211,122
47231,211,123
47232,211,124
47233,211,125
47234,211,126
47235,211,127
47236,211,128
47237,211,129
47238,211,130
47239,211,131
47240,211,132
47241,211,133
47242,211,134
47243,211,135
47244,211,136
47245,211,137
47246,211,138
47247,211,139
47248,211,140
47249,211,141
47250,211,142
47251,211,143
47252,211,144
47253,211,145
47254,211,146
47255,211,147
47256,211,148
47257,211,149
47258,211,150
47259,211,151
47260,211,152
47261,211,153
47262,211,154
47263,211,155
47264,211,156
47265,211,157
47266,211,158
47267,211,159
47268,211,160
47269,211,161
47270,211,162
47271,211,163
47272,211,164
47273,211,165
47274,211,166
47275,211,167
47276,211,168
47277,211,169
47278,211,170
47279,211,171
47280,211,172
47281,211,173
47282,211,174
47283,211,175
47284,211,176
47285,211,177
47286,211,178
47287,211,179
47288,211,180
47289,211,181
47290,211,182
47291,211,183
47292,211,184
47293,211,185
47294,211,186
47295,211,187
47296,211,188
47297,211,189
47298,211,190
47299,211,191
47300,211,192
47301,211,193
47302,211,194
47303,211,195
47304,211,196
47305,211,197
47306,211,198
47307,211,199
47308,211,200
47309,211,201
47310,211,202
47311,211,203
47312,211,204
47313,211,205
47314,211,206
47315,211,207
47316,211,208
47317,211,209
47318,211,210
47319,211,211
47320,211,212
47321,211,213
47322,211,214
47323,211,215
47324,211,216
47325,211,217
47326,211,218
47327,211,219
47328,211,220
47329,211,221
47330,211,222
47331,211,223
47332,211,224
47333,211,225
47334,211,226
47335,211,227
47336,211,228
47337,211,229
47338,211,230
47339,212,27
47340,212,28
47341,212,29
47342,212,30
47343,212,31
47344,212,32
47345,212,33
47346,212,34
47347,212,35
47348,212,36
47349,212,37
47350,212,38
47351,212,39
47352,212,40
47353,212,41
47354,212,42
47355,212,43
47356,212,44
47357,212,45
47358,212,46
47359,212,47
47360,212,48
47361,212,49
47362,212,50
47363,212,51
47364,212,52
47365,212,53
47366,212,54
47367,212,55
47368,212,56
47369,212,57
47370,212,58
47371,212,59
47372,212,60
47373,212,61
47374,212,62
47375,212,63
47376,212,64
47377,212,65
47378,212,66
47379,212,67
47380,212,68
47381,212,69
47382,212,70
47383,212,71
47384,212,72
47385,212,73
47386,212,74
47387,212,75
47388,212,76
47389,212,77
47390,212,78
47391,212,79
47392,212,80
47393,212,81
47394,212,82
47395,212,83
47396,212,84
47397,212,85
47398,212,86
47399,212,87
47400,212,88
47401,212,89
47402,212,90
47403,212,91
47404,212,92
47405,212,93
47406,212,94
47407,212,95
47408,212,96
47409,212,97
47410,212,98
47411,212,99
47412,212,100
47413,212,101
47414,212,102
47415,212,103
47416,212,104
47417,212,105
47418,212,106
47419,212,107
47420,212,108
47421,212,109
47422,212,110
47423,212,111
47424,212,112
47425,212,113
47426,212,114
47427,212,115
47428,212,116
47429,212,117
47430,212,118
47431,212,119
47432,212,120
47433,212,121
47434,212,122
47435,212,123
47436,212,124
47437,212,125
47438,212,126
47439,212,127
47440,212,128
47441,212,129
47442,212,130
47443,212,131
47444,212,132
47445,212,133
47446,212,134
47447,212,135
47448,212,136
47449,212,137
47450,212,138
47451,212,139
47452,212,140
47453,212,141
47454,212,142
47455,212,143
47456,212,144
47457,212,145
47458,212,146
47459,212,147
47460,212,148
47461,212,149
47462,212,150
47463,212,151
47464,212,152
47465,212,153
47466,212,154
47467,212,155
47468,212,156
47469,212,157
47470,212,158
47471,212,159
47472,212,160
47473,212,161
47474,212,162
47475,212,163
47476,212,164
47477,212,165
47478,212,166
47479,212,167
47480,212,168
47481,212,169
47482,212,170
47483,212,171
47484,212,172
47485,212,173
47486,212,174
47487,212,175
47488,212,176
47489,212,177
47490,212,178
47491,212,179
47492,212,180
47493,212,181
47494,212,182
47495,212,183
47496,212,184
47497,212,185
47498,212,186
47499,212,187
47500,212,188
47501,212,189
47502,212,190
47503,212,191
47504,212,192
47505,212,193
47506,212,194
47507,212,195
47508,212,196
47509,212,197
47510,212,198
47511,212,199
47512,212,200
47513,212,201
47514,212,202
47515,212,203
47516,212,204
47517,212,205
47518,212,206
47519,212,207
47520,212,208
47521,212,209
47522,212,210
47523,212,211
47524,212,212
47525,212,213
47526,212,214
47527,212,215
47528,212,216
47529,212,217
47530,212,218
47531,212,219
47532,212,220
47533,212,221
47534,212,222
47535,212,223
47536,212,224
47537,212,225
47538,212,226
47539,212,227
47540,212,228
47541,212,229
47542,213,28
47543,213,29
47544,213,30
47545,213,31
47546,213,32
47547,213,33
47548,213,34
47549,213,35
47550,213,36
47551,213,37
47552,213,38
47553,213,39
47554,213,40
47555,213,41
47556,213,42
47557,213,43
47558,213,44
47559,213,45
47560,213,46
47561,213,47
47562,213,48
47563,213,49
47564,213,50
47565,213,51
47566,213,52
47567,213,53
47568,213,54
47569,213,55
47570,213,56
47571,213,57
47572,213,58
47573,213,59
47574,213,60
47575,213,61
47576,213,62
47577,213,63
47578,213,64
47579,213,65
47580,213,66
47581,213,67
47582,213,68
47583,213,69
47584,213,70
47585,213,71
47586,213,72
47587,213,73
47588,213,74
47589,213,75
47590,213,76
47591,213,77
47592,213,78
47593,213,79
47594,213,80
47595,213,81
47596,213,82
47597,213,83
47598,213,84
47599,213,85
47600,213,86
47601,213,87
47602,213,88
47603,213,89
47604,213,90
47605,213,91
47606,213,92
47607,213,93
47608,213,94
47609,213,95
47610,213,96
47611,213,97
47612,213,98
47613,213,99
47614,213,100
47615,213,101
47616,213,102
47617,213,103
47618,213,104
47619,213,105
47620,213,106
47621,213,107
47622,213,108
47623,213,109
47624,213,110
47625,213,111
47626,213,112
47627,213,113
47628,213,114
47629,213,115
47630,213,116
47631,213,117
47632,213,118
47633,213,119
47634,213,120
47635,213,121
47636,213,122
47637,213,123
47638,213,124
47639,213,125
47640,213,126
47641,213,127
47642,213,128
47643,213,129
47644,213,130
47645,213,131
47646,213,132
47647,213,133
47648,213,134
47649,213,135
47650,213,136
47651,213,137
47652,213,138
47653,213,139
47654,213,140
47655,213,141
47656,213,142
47657,213,143
47658,213,144
47659,213,145
47660,213,146
47661,213,147
47662,213,148
47663,213,149
47664,213,150
47665,213,151
47666,213,152
47667,213,153
47668,213,154
47669,213,155
47670,213,156
47671,213,157
47672,213,158
47673,213,159
47674,213,160
47675,213,161
47676,213,162
47677,213,163
47678,213,164
47679,213,165
47680,213,166
47681,213,167
47682,213,168
47683,213,169
47684,213,170
47685,213,171
47686,213,172
47687,213,173
47688,213,174
47689,213,175
47690,213,176
47691,213,177
47692,213,178
47693,213,179
47694,213,180
47695,213,181
47696,213,182
47697,213,183
47698,213,184
47699,213,185
47700,213,186
47701,213,187
47702,213,188
47703,213,189
47704,213,190
47705,213,191
47706,213,192
47707,213,193
47708,213,194
47709,213,195
47710,213,196
47711,213,197
47712,213,198
47713,213,199
47714,213,200
47715,213,201
47716,213,202
47717,213,203
47718,213,204
47719,213,205
47720,213,206
47721,213,207
47722,213,208
47723,213,209
47724,213,210
47725,213,211
47726,213,212
47727,213,213
47728,213,214
47729,213,215
47730,213,216
47731,213,217
47732,213,218
47733,213,219
47734,213,220
47735,213,221
47736,213,222
47737,213,223
47738,213,224
47739,213,225
47740,213,226
47741,213,227
47742,213,228
47743,214,28
47744,214,29
47745,214,30
47746,214,31
47747,214,32
47748,214,33
47749,214,34
47750,214,35
47751,214,36
47752,214,37
47753,214,38
47754,214,39
47755,214,40
47756,214,41
47757,214,42
47758,214,43
47759,214,44
47760,214,45
47761,214,46
47762,214,47
47763,214,48
47764,214,49
47765,214,50
47766,214,51
47767,214,52
47768,214,53
47769,214,54
47770,214,55
47771,214,56
47772,214,57
47773,214,58
47774,214,59
47775,214,60
47776,214,61
47777,214,62
47778,214,63
47779,214,64
47780,214,65
47781,214,66
47782,214,67
47783,214,68
47784,214,69
47785,214,70
47786,214,71
47787,214,72
47788,214,73
47789,214,74
47790,214,75
47791,214,76
47792,214,77
47793,214,78
47794,214,79
47795,214,80
47796,214,81
47797,214,82
47798,214,83
47799,214,84
47800,214,85
47801,214,86
47802,214,87
47803,214,88
47804,214,89
47805,214,90
47806,214,91
47807,214,92
47808,214,93
47809,214,94
47810,214,95
47811,214,96
47812,214,97
47813,214,98
47814,214,99
47815,214,100
47816,214,101
47817,214,102
47818,214,103
47819,214,104
47820,214,105
47821,214,106
47822,214,107
47823,214,108
47824,214,109
47825,214,110
47826,214,111
47827,214,112
47828,214,113
47829,214,114
47830,214,115
47831,214,116
47832,214,117
47833,214,118
47834,214,119
47835,214,120
47836,214,121
47837,214,122
47838,214,123
47839,214,124
47840,214,125
47841,214,126
47842,214,127
47843,214,128
47844,214,129
47845,214,130
47846,214,131
47847,214,132
47848,214,133
47849,214,134
47850,214,135
47851,214,136
47852,214,137
47853,214,138
47854,214,139
47855,214,140
47856,214,141
47857,214,142
47858,214,143
47859,214,144
47860,214,145
47861,214,146
47862,214,147
47863,214,148
47864,214,149
47865,214,150
47866,214,151
47867,214,152
47868,214,153
47869,214,154
47870,214,155
47871,214,156
47872,214,157
47873,214,158
47874,214,159
47875,214,160
47876,214,161
47877,214,162
47878,214,163
47879,214,164
47880,214,165
47881,214,166
47882,214,167
47883,214,168
47884,214,169
47885,214,170
47886,214,171
47887,214,172
47888,214,173
47889,214,174
47890,214,175
47891,214,176
47892,214,177
47893,214,178
47894,214,179
47895,214,180
47896,214,181
47897,214,182
47898,214,183
47899,214,184
47900,214,185
47901,214,186
47902,214,187
47903,214,188
47904,214,189
47905,214,190
47906,214,191
47907,214,192
47908,214,193
47909,214,194
47910,214,195
47911,214,196
47912,214,197
47913,214,198
47914,214,199
47915,214,200
47916,214,201
47917,214,202
47918,214,203
47919,214,204
47920,214,205
47921,214,206
47922,214,207
47923,214,208
47924,214,209
47925,214,210
47926,214,211
47927,214,212
47928,214,213
47929,214,214
47930,214,215
47931,214,216
47932,214,217
47933,214,218
47934,214,219
47935,214,220
47936,214,221
47937,214,222
47938,214,223
47939,214,224
47940,214,225
47941,214,226
47942,214,227
47943,214,228
47944,215,29
47945,215,30
47946,215,31
47947,215,32
47948,215,33
47949,215,34
47950,215,35
47951,215,36
47952,215,37
47953,215,38
47954,215,39
47955,215,40
47956,215,41
47957,215,42
47958,215,43
47959,215,44
47960,215,45
47961,215,46
47962,215,47
47963,215,48
47964,215,49
47965,215,50
47966,215,51
47967,215,52
47968,215,53
47969,215,54
47970,215,55
47971,215,56
47972,215,57
47973,215,58
47974,215,59
47975,215,60
47976,215,61
47977,215,62
47978,215,63
47979,215,64
47980,215,65
47981,215,66
47982,215,67
47983,215,68
47984,215,69
47985,215,70
47986,215,71
47987,215,72
47988,215,73
47989,215,74
47990,215,75
47991,215,76
47992,215,77
47993,215,78
47994,215,79
47995,215,80
47996,215,81
47997,215,82
47998,215,83
47999,215,84
48000,215,85
48001,215,86
48002,215,87
48003,215,88
48004,215,89
48005,215,90
48006,215,91
48007,215,92
48008,215,93
48009,215,94
48010,215,95
48011,215,96
48012,215,97
48013,215,98
48014,215,99
48015,215,100
48016,215,101
48017,215,102
48018,215,103
48019,215,104
48020,215,105
48021,215,106
48022,215,107
48023,215,108
48024,215,109
48025,215,110
48026,215,111
48027,215,112
48028,215,113
48029,215,114
48030,215,115
48031,215,116
48032,215,117
48033,215,118
48034,215,119
48035,215,120
48036,215,121
48037,215,122
48038,215,123
48039,215,124
48040,215,125
48041,215,126
48042,215,127
48043,215,128
48044,215,129
48045,215,130
48046,215,131
48047,215,132
48048,215,133
48049,215,134
48050,215,135
48051,215,136
48052,215,137
48053,215,138
48054,215,139
48055,215,140
48056,215,141
48057,215,142
48058,215,143
48059,215,144
48060,215,145
48061,215,146
48062,215,147
48063,215,148
48064,215,149
48065,215,150
48066,215,151
48067,215,152
48068,215,153
48069,215,154
48070,215,155
48071,215,156
48072,215,157
48073,215,158
48074,215,159
48075,215,160
48076,215,161
48077,215,162
48078,215,163
48079,215,164
48080,215,165
48081,215,166
48082,215,167
48083,215,168
48084,215,169
48085,215,170
48086,215,171
48087,215,172
48088,215,173
48089,215,174
48090,215,175
48091,215,176
48092,215,177
48093,215,178
48094,215,179
48095,215,180
48096,215,181
48097,215,182
48098,215,183
48099,215,184
48100,215,185
48101,215,186
48102,215,187
48103,215,188
48104,215,189
48105,215,190
48106,215,191
48107,215,192
48108,215,193
48109,215,194
48110,215,195
48111,215,196
48112,215,197
48113,215,198
48114,215,199
48115,215,200
48116,215,201
48117,215,202
48118,215,203
48119,215,204
48120,215,205
48121,215,206
48122,215,207
48123,215,208
48124,215,209
48125,215,210
48126,215,211
48127,215,212
48128,215,213
48129,215,214
48130,215,215
48131,215,216
48132,215,217
48133,215,218
48134,215,219
48135,215,220
48136,215,221
48137,215,222
48138,215,223
48139,215,224
48140,215,225
48141,215,226
48142,215,227
48143,216,30
48144,216,31
48145,216,32
48146,216,33
48147,216,34
48148,216,35
48149,216,36
48150,216,37
48151,216,38
48152,216,39
48153,216,40
48154,216,41
48155,216,42
48156,216,43
48157,216,44
48158,216,45
48159,216,46
48160,216,47
48161,216,48
48162,216,49
48163,216,50
48164,216,51
48165,216,52
48166,216,53
48167,216,54
48168,216,55
48169,216,56
48170,216,57
48171,216,58
48172,216,59
48173,216,60
48174,216,61
48175,216,62
48176,216,63
48177,216,64
48178,216,65
48179,216,66
48180,216,67
48181,216,68
48182,216,69
48183,216,70
48184,216,71
48185,216,72
48186,216,73
48187,216,74
48188,216,75
48189,216,76
48190,216,77
48191,216,78
48192,216,79
48193,216,80
48194,216,81
48195,216,82
48196,216,83
48197,216,84
48198,216,85
48199,216,86
48200,216,87
48201,216,88
48202,216,89
48203,216,90
48204,216,91
48205,216,92
48206,216,93
48207,216,94
48208,216,95
48209,216,96
48210,216,97
48211,216,98
48212,216,99
48213,216,100
48214,216,101
48215,216,102
48216,216,103
48217,216,104
48218,216,105
48219,216,106
48220,216,107
48221,216,108
48222,216,109
48223,216,110
48224,216,111
48225,216,112
48226,216,113
48227,216,114
48228,216,115
48229,216,116
48230,216,117
48231,216,118
48232,216,119
48233,216,120
48234,216,121
48235,216,122
48236,216,123
48237,216,124
48238,216,125
48239,216,126
48240,216,127
48241,216,128
48242,216,129
48243,216,130
48244,216,131
48245,216,132
48246,216,133
48247,216,134
48248,216,135
48249,216,136
48250,216,137
48251,216,138
48252,216,139
48253,216,140
48254,216,141
48255,216,142
48256,216,143
48257,216,144
48258,216,145
48259,216,146
48260,216,147
48261,216,148
48262,216,149
48263,216,150
48264,216,151
48265,216,152
48266,216,153
48267,216,154
48268,216,155
48269,216,156
48270,216,157
48271,216,158
48272,216,159
48273,216,160
48274,216,161
48275,216,162
48276,216,163
48277,216,164
48278,216,165
48279,216,166
48280,216,167
48281,216,168
48282,216,169
48283,216,170
48284,216,171
48285,216,172
48286,216,173
48287,216,174
48288,216,175
48289,216,176
48290,216,177
48291,216,178
48292,216,179
48293,216,180
48294,216,181
48295,216,182
48296,216,183
48297,216,184
48298,216,185
48299,216,186
48300,216,187
48301,216,188
48302,216,189
48303,216,190
48304,216,191
48305,216,192
48306,216,193
48307,216,194
48308,216,195
48309,216,196
48310,216,197
48311,216,198
48312,216,199
48313,216,200
48314,216,201
48315,216,202
48316,216,203
48317,216,204
48318,216,205
48319,216,206
48320,216,207
48321,216,208
48322,216,209
48323,216,210
48324,216,211
48325,216,212
48326,216,213
48327,216,214
48328,216,215
48329,216,216
48330,216,217
48331,216,218
48332,216,219
48333,216,220
48334,216,221
48335,216,222
48336,216,223
48337,216,224
48338,216,225
48339,216,226
48340,217,31
48341,217,32
48342,217,33
48343,217,34
48344,217,35
48345,217,36
48346,217,37
48347,217,38
48348,217,39
48349,217,40
48350,217,41
48351,217,42
48352,217,43
48353,217,44
48354,217,45
48355,217,46
48356,217,47
48357,217,48
48358,217,49
48359,217,50
48360,217,51
48361,217,52
48362,217,53
48363,217,54
48364,217,55
48365,217,56
48366,217,57
48367,217,58
48368,217,59
48369,217,60
48370,217,61
48371,217,62
48372,217,63
48373,217,64
48374,217,65
48375,217,66
48376,217,67
48377,217,68
48378,217,69
48379,217,70
48380,217,71
48381,217,72
48382,217,73
48383,217,74
48384,217,75
48385,217,76
48386,217,77
48387,217,78
48388,217,79
48389,217,80
48390,217,81
48391,217,82
48392,217,83
48393,217,84
48394,217,85
48395,217,86
48396,217,87
48397,217,88
48398,217,89
48399,217,90
48400,217,91
48401,217,92
48402,217,93
48403,217,94
48404,217,95
48405,217,96
48406,217,97
48407,217,98
48408,217,99
48409,217,100
48410,217,101
48411,217,102
48412,217,103
48413,217,104
48414,217,105
48415,217,106
48416,217,107
48417,217,108
48418,217,109
48419,217,110
48420,217,111
48421,217,112
48422,217,113
48423,217,114
48424,217,115
48425,217,116
48426,217,117
48427,217,118
48428,217,119
48429,217,120
48430,217,121
48431,217,122
48432,217,123
48433,217,124
48434,217,125
48435,217,126
48436,217,127
48437,217,128
48438,217,129
48439,217,130
48440,217,131
48441,217,132
48442,217,133
48443,217,134
48444,217,135
48445,217,136
48446,217,137
48447,217,138
48448,217,139
48449,217,140
48450,217,141
48451,217,142
48452,217,143
48453,217,144
48454,217,145
48455,217,146
48456,217,147
48457,217,148
48458,217,149
48459,217,150
48460,217,151
48461,217,152
48462,217,153
48463,217,154
48464,217,155
48465,217,156
48466,217,157
48467,217,158
48468,217,159
48469,217,160
48470,217,161
48471,217,162
48472,217,163
48473,217,164
48474,217,165
48475,217,166
48476,217,167
48477,217,168
48478,217,169
48479,217,170
48480,217,171
48481,217,172
48482,217,173
48483,217,174
48484,217,175
48485,217,176
48486,217,177
48487,217,178
48488,217,179
48489,217,180
48490,217,181
48491,217,182
48492,217,183
48493,217,184
48494,217,185
48495,217,186
48496,217,187
48497,217,188
48498,217,189
48499,217,190
48500,217,191
48501,217,192
48502,217,193
48503,217,194
48504,217,195
48505,217,196
48506,217,197
48507,217,198
48508,217,199
48509,217,200
48510,217,201
48511,217,202
48512,217,203
48513,217,204
48514,217,205
48515,217,206
48516,217,207
48517,217,208
48518,217,209
48519,217,210
48520,217,211
48521,217,212
48522,217,213
48523,217,214
48524,217,215
48525,217,216
48526,217,217
48527,217,218
48528,217,219
48529,217,220
48530,217,221
48531,217,222
48532,217,223
48533,217,224
48534,217,225
48535,218,32
48536,218,33
48537,218,34
48538,218,35
48539,218,36
48540,218,37
48541,218,38
48542,218,39
48543,218,40
48544,218,41
48545,218,42
48546,218,43
48547,218,44
48548,218,45
48549,218,46
48550,218,47
48551,218,48
48552,218,49
48553,218,50
48554,218,51
48555,218,52
48556,218,53
48557,218,54
48558,218,55
48559,218,56
48560,218,57
48561,218,58
48562,218,59
48563,218,60
48564,218,61
48565,218,62
48566,218,63
48567,218,64
48568,218,65
48569,218,66
48570,218,67
48571,218,68
48572,218,69
48573,218,70
48574,218,71
48575,218,72
48576,218,73
48577,218,74
48578,218,75
48579,218,76
48580,218,77
48581,218,78
48582,218,79
48583,218,80
48584,218,81
48585,218,82
48586,218,83
48587,218,84
48588,218,85
48589,218,86
48590,218,87
48591,218,88
48592,218,89
48593,218,90
48594,218,91
48595,218,92
48596,218,93
48597,218,94
48598,218,95
48599,218,96
48600,218,97
48601,218,98
48602,218,99
48603,218,100
48604,218,101
48605,218,102
48606,218,103
48607,218,104
48608,218,105
48609,218,106
48610,218,107
48611,218,108
48612,218,109
48613,218,110
48614,218,111
48615,218,112
48616,218,113
48617,218,114
48618,218,115
48619,218,116
48620,218,117
48621,218,118
48622,218,119
48623,218,120
48624,218,121
48625,218,122
48626,218,123
48627,218,124
48628,218,125
48629,218,126
48630,218,127
48631,218,128
48632,218,129
48633,218,130
48634,218,131
48635,218,132
48636,218,133
48637,218,134
48638,218,135
48639,218,136
48640,218,137
48641,218,138
48642,218,139
48643,218,140
48644,218,141
48645,218,142
48646,218,143
48647,218,144
48648,218,145
48649,218,146
48650,218,147
48651,218,148
48652,218,149
48653,218,150
48654,218,151
48655,218,152
48656,218,153
48657,218,154
48658,218,155
48659,218,156
48660,218,157
48661,218,158
48662,218,159
48663,218,160
48664,218,161
48665,218,162
48666,218,163
48667,218,164
48668,218,165
48669,218,166
48670,218,167
48671,218,168
48672,218,169
48673,218,170
48674,218,171
48675,218,172
48676,218,173
48677,218,174
48678,218,175
48679,218,176
48680,218,177
48681,218,178
48682,218,179
48683,218,180
48684,218,181
48685,218,182
48686,218,183
48687,218,184
48688,218,185
48689,218,186
48690,218,187
48691,218,188
48692,218,189
48693,218,190
48694,218,191
48695,218,192
48696,218,193
48697,218,194
48698,218,195
48699,218,196
48700,218,197
48701,218,198
48702,218,199
48703,218,200
48704,218,201
48705,218,202
48706,218,203
48707,218,204
48708,218,205
48709,218,206
48710,218,207
48711,218,208
48712,218,209
48713,218,210
48714,218,211
48715,218,212
48716,218,213
48717,218,214
48718,218,215
48719,218,216
48720,218,217
48721,218,218
48722,218,219
48723,218,220
48724,218,221
48725,218,222
48726,218,223
48727,218,224
48728,219,33
48729,219,34
48730,219,35
48731,219,36
48732,219,37
48733,219,38
48734,219,39
48735,219,40
48736,219,41
48737,219,42
48738,219,43
48739,219,44
48740,219,45
48741,219,46
48742,219,47
48743,219,48
48744,219,49
48745,219,50
48746,219,51
48747,219,52
48748,219,53
48749,219,54
48750,219,55
48751,219,56
48752,219,57
48753,219,58
48754,219,59
48755,219,60
48756,219,61
48757,219,62
48758,219,63
48759,219,64
48760,219,65
48761,219,66
48762,219,67
48763,219,68
48764,219,69
48765,219,70
48766,219,71
48767,219,72
48768,219,73
48769,219,74
48770,219,75
48771,219,76
48772,219,77
48773,219,78
48774,219,79
48775,219,80
48776,219,81
48777,219,82
48778,219,83
48779,219,84
48780,219,85
48781,219,86
48782,219,87
48783,219,88
48784,219,89
48785,219,90
48786,219,91
48787,219,92
48788,219,93
48789,219,94
48790,219,95
48791,219,96
48792,219,97
48793,219,98
48794,219,99
48795,219,100
48796,219,101
48797,219,102
48798,219,103
48799,219,104
48800,219,105
48801,219,106
48802,219,107
48803,219,108
48804,219,109
48805,219,110
48806,219,111
48807,219,112
48808,219,113
48809,219,114
48810,219,115
48811,219,116
48812,219,117
48813,219,118
48814,219,119
48815,219,120
48816,219,121
48817,219,122
48818,219,123
48819,219,124
48820,219,125
48821,219,126
48822,219,127
48823,219,128
48824,219,129
48825,219,130
48826,219,131
48827,219,132
48828,219,133
48829,219,134
48830,219,135
48831,219,136
48832,219,137
48833,219,138
48834,219,139
48835,219,140
48836,219,141
48837,219,142
48838,219,143
48839,219,144
48840,219,145
48841,219,146
48842,219,147
48843,219,148
48844,219,149
48845,219,150
48846,219,151
48847,219,152
48848,219,153
48849,219,154
48850,219,155
48851,219,156
48852,219,157
48853,219,158
48854,219,159
48855,219,160
48856,219,161
48857,219,162
48858,219,163
48859,219,164
48860,219,165
48861,219,166
48862,219,167
48863,219,168
48864,219,169
48865,219,170
48866,219,171
48867,219,172
48868,219,173
48869,219,174
48870,219,175
48871,219,176
48872,219,177
48873,219,178
48874,219,179
48875,219,180
48876,219,181
48877,219,182
48878,219,183
48879,219,184
48880,219,185
48881,219,186
48882,219,187
48883,219,188
48884,219,189
48885,219,190
48886,219,191
48887,219,192
48888,219,193
48889,219,194
48890,219,195
48891,219,196
48892,219,197
48893,219,198
48894,219,199
48895,219,200
48896,219,201
48897,219,202
48898,219,203
48899,219,204
48900,219,205
48901,219,206
48902,219,207
48903,219,208
48904,219,209
48905,219,210
48906,219,211
48907,219,212
48908,219,213
48909,219,214
48910,219,215
48911,219,216
48912,219,217
48913,219,218
48914,219,219
48915,219,220
48916,219,221
48917,219,222
48918,219,223
48919,220,34
48920,220,35
48921,220,36
48922,220,37
48923,220,38
48924,220,39
48925,220,40
48926,220,41
48927,220,42
48928,220,43
48929,220,44
48930,220,45
48931,220,46
48932,220,47
48933,220,48
48934,220,49
48935,220,50
48936,220,51
48937,220,52
48938,220,53
48939,220,54
48940,220,55
48941,220,56
48942,220,57
48943,220,58
48944,220,59
48945,220,60
48946,220,61
48947,220,62
48948,220,63
48949,220,64
48950,220,65
48951,220,66
48952,220,67
48953,220,68
48954,220,69
48955,220,70
48956,220,71
48957,220,72
48958,220,73
48959,220,74
48960,220,75
48961,220,76
48962,220,77
48963,220,78
48964,220,79
48965,220,80
48966,220,81
48967,220,82
48968,220,83
48969,220,84
48970,220,85
48971,220,86
48972,220,87
48973,220,88
48974,220,89
48975,220,90
48976,220,91
48977,220,92
48978,220,93
48979,220,94
48980,220,95
48981,220,96
48982,220,97
48983,220,98
48984,220,99
48985,220,100
48986,220,101
48987,220,102
48988,220,103
48989,220,104
48990,220,105
48991,220,106
48992,220,107
48993,220,108
48994,220,109
48995,220,110
48996,220,111
48997,220,112
48998,220,113
48999,220,114
49000,220,115
49001,220,116
49002,220,117
49003,220,118
49004,220,119
49005,220,120
49006,220,121
49007,220,122
49008,220,123
49009,220,124
49010,220,125
49011,220,126
49012,220,127
49013,220,128
49014,220,129
49015,220,130
49016,220,131
49017,220,132
49018,220,133
49019,220,134
49020,220,135
49021,220,136
49022,220,137
49023,220,138
49024,220,139
49025,220,140
49026,220,141
49027,220,142
49028,220,143
49029,220,144
49030,220,145
49031,220,146
49032,220,147
49033,220,148
49034,220,149
49035,220,150
49036,220,151
49037,220,152
49038,220,153
49039,220,154
49040,220,155
49041,220,156
49042,220,157
49043,220,158
49044,220,159
49045,220,160
49046,220,161
49047,220,162
49048,220,163
49049,220,164
49050,220,165
49051,220,166
49052,220,167
49053,220,168
49054,220,169
49055,220,170
49056,220,171
49057,220,172
49058,220,173
49059,220,174
49060,220,175
49061,220,176
49062,220,177
49063,220,178
49064,220,179
49065,220,180
49066,220,181
49067,220,182
49068,220,183
49069,220,184
49070,220,185
49071,220,186
49072,220,187
49073,220,188
49074,220,189
49075,220,190
49076,220,191
49077,220,192
49078,220,193
49079,220,194
49080,220,195
49081,220,196
49082,220,197
49083,220,198
49084,220,199
49085,220,200
49086,220,201
49087,220,202
49088,220,203
49089,220,204
49090,220,205
49091,220,206
49092,220,207
49093,220,208
49094,220,209
49095,220,210
49096,220,211
49097,220,212
49098,220,213
49099,220,214
49100,220,215
49101,220,216
49102,220,217
49103,220,218
49104,220,219
49105,220,220
49106,220,221
49107,220,222
49108,221,35
49109,221,36
49110,221,37
49111,221,38
49112,221,39
49113,221,40
49114,221,41
49115,221,42
49116,221,43
49117,221,44
49118,221,45
49119,221,46
49120,221,47
49121,221,48
49122,221,49
49123,221,50
49124,221,51
49125,221,52
49126,221,53
49127,221,54
49128,221,55
49129,221,56
49130,221,57
49131,221,58
49132,221,59
49133,221,60
49134,221,61
49135,221,62
49136,221,63
49137,221,64
49138,221,65
49139,221,66
49140,221,67
49141,221,68
49142,221,69
49143,221,70
49144,221,71
49145,221,72
49146,221,73
49147,221,74
49148,221,75
49149,221,76
49150,221,77
49151,221,78
49152,221,79
49153,221,80
49154,221,81
49155,221,82
49156,221,83
49157,221,84
49158,221,85
49159,221,86
49160,221,87
49161,221,88
49162,221,89
49163,221,90
49164,221,91
49165,221,92
49166,221,93
49167,221,94
49168,221,95
49169,221,96
49170,221,97
49171,221,98
49172,221,99
49173,221,100
49174,221,101
49175,221,102
49176,221,103
49177,221,104
49178,221,105
49179,221,106
49180,221,107
49181,221,108
49182,221,109
49183,221,110
49184,221,111
49185,221,112
49186,221,113
49187,221,114
49188,221,115
49189,221,116
49190,221,117
49191,221,118
49192,221,119
49193,221,120
49194,221,121
49195,221,122
49196,221,123
49197,221,124
49198,221,125
49199,221,126
49200,221,127
49201,221,128
49202,221,129
49203,221,130
49204,221,131
49205,221,132
49206,221,133
49207,221,134
49208,221,135
49209,221,136
49210,221,137
49211,221,138
49212,221,139
49213,221,140
49214,221,141
49215,221,142
49216,221,143
49217,221,144
49218,221,145
49219,221,146
49220,221,147
49221,221,148
49222,221,149
49223,221,150
49224,221,151
49225,221,152
49226,221,153
49227,221,154
49228,221,155
49229,221,156
49230,221,157
49231,221,158
49232,221,159
49233,221,160
49234,221,161
49235,221,162
49236,221,163
49237,221,164
49238,221,165
49239,221,166
49240,221,167
49241,221,168
49242,221,169
49243,221,170
49244,221,171
49245,221,172
49246,221,173
49247,221,174
49248,221,175
49249,221,176
49250,221,177
49251,221,178
49252,221,179
49253,221,180
49254,221,181
49255,221,182
49256,221,183
49257,221,184
49258,221,185
49259,221,186
49260,221,187
49261,221,188
49262,221,189
49263,221,190
49264,221,191
49265,221,192
49266,221,193
49267,221,194
49268,221,195
49269,221,196
49270,221,197
49271,221,198
49272,221,199
49273,221,200
49274,221,201
49275,221,202
49276,221,203
49277,221,204
49278,221,205
49279,221,206
49280,221,207
49281,221,208
49282,221,209
49283,221,210
49284,221,211
49285,221,212
49286,221,213
49287,221,214
49288,221,215
49289,221,216
49290,221,217
49291,221,218
49292,221,219
49293,221,220
49294,221,221
49295,222,36
49296,222,37
49297,222,38
49298,222,39
49299,222,40
49300,222,41
49301,222,42
49302,222,43
49303,222,44
49304,222,45
49305,222,46
49306,222,47
49307,222,48
49308,222,49
49309,222,50
49310,222,51
49311,222,52
49312,222,53
49313,222,54
49314,222,55
49315,222,56
49316,222,57
49317,222,58
49318,222,59
49319,222,60
49320,222,61
49321,222,62
49322,222,63
49323,222,64
49324,222,65
49325,222,66
49326,222,67
49327,222,68
49328,222,69
49329,222,70
49330,222,71
49331,222,72
49332,222,73
49333,222,74
49334,222,75
49335,222,76
49336,222,77
49337,222,78
49338,222,79
49339,222,80
49340,222,81
49341,222,82
49342,222,83
49343,222,84
49344,222,85
49345,222,86
49346,222,87
49347,222,88
49348,222,89
49349,222,90
49350,222,91
49351,222,92
49352,222,93
49353,222,94
49354,222,95
49355,222,96
49356,222,97
49357,222,98
49358,222,99
49359,222,100
49360,222,101
49361,222,102
49362,222,103
49363,222,104
49364,222,105
49365,222,106
49366,222,107
49367,222,108
49368,222,109
49369,222,110
49370,222,111
49371,222,112
49372,222,113
49373,222,114
49374,222,115
49375,222,116
49376,222,117
49377,222,118
49378,222,119
49379,222,120
49380,222,121
49381,222,122
49382,222,123
49383,222,124
49384,222,125
49385,222,126
49386,222,127
49387,222,128
49388,222,129
49389,222,130
49390,222,131
49391,222,132
49392,222,133
49393,222,134
49394,222,135
49395,222,136
49396,222,137
49397,222,138
49398,222,139
49399,222,140
49400,222,141
49401,222,142
49402,222,143
49403,222,144
49404,222,145
49405,222,146
49406,222,147
49407,222,148
49408,222,149
49409,222,150
49410,222,151
49411,222,152
49412,222,153
49413,222,154
49414,222,155
49415,222,156
49416,222,157
49417,222,158
49418,222,159
49419,222,160
49420,222,161
49421,222,162
49422,222,163
49423,222,164
49424,222,165
49425,222,166
49426,222,167
49427,222,168
49428,222,169
49429,222,170
49430,222,171
49431,222,172
49432,222,173
49433,222,174
49434,222,175
49435,222,176
49436,222,177
49437,222,178
49438,222,179
49439,222,180
49440,222,181
49441,222,182
49442,222,183
49443,222,184
49444,222,185
49445,222,186
49446,222,187
49447,222,188
49448,222,189
49449,222,190
49450,222,191
49451,222,192
49452,222,193
49453,222,194
49454,222,195
49455,222,196
49456,222,197
49457,222,198
49458,222,199
49459,222,200
49460,222,201
49461,222,202
49462,222,203
49463,222,204
49464,222,205
49465,222,206
49466,222,207
49467,222,208
49468,222,209
49469,222,210
49470,222,211
49471,222,212
49472,222,213
49473,222,214
49474,222,215
49475,222,216
49476,222,217
49477,222,218
49478,222,219
49479,222,220
49480,223,37
49481,223,38
49482,223,39
49483,223,40
49484,223,41
49485,223,42
49486,223,43
49487,223,44
49488,223,45
49489,223,46
49490,223,47
49491,223,48
49492,223,49
49493,223,50
49494,223,51
49495,223,52
49496,223,53
49497,223,54
49498,223,55
49499,223,56
49500,223,57
49501,223,58
49502,223,59
49503,223,60
49504,223,61
49505,223,62
49506,223,63
49507,223,64
49508,223,65
49509,223,66
49510,223,67
49511,223,68
49512,223,69
49513,223,70
49514,223,71
49515,223,72
49516,223,73
49517,223,74
49518,223,75
49519,223,76
49520,223,77
49521,223,78
49522,223,79
49523,223,80
49524,223,81
49525,223,82
49526,223,83
49527,223,84
49528,223,85
49529,223,86
49530,223,87
49531,223,88
49532,223,89
49533,223,90
49534,223,91
49535,223,92
49536,223,93
49537,223,94
49538,223,95
49539,223,96
49540,223,97
49541,223,98
49542,223,99
49543,223,100
49544,223,101
49545,223,102
49546,223,103
49547,223,104
49548,223,105
49549,223,106
49550,223,107
49551,223,108
49552,223,109
49553,223,110
49554,223,111
49555,223,112
49556,223,113
49557,223,114
49558,223,115
49559,223,116
49560,223,117
49561,223,118
49562,223,119
49563,223,120
49564,223,121
49565,223,122
49566,223,123
49567,223,124
49568,223,125
49569,223,126
49570,223,127
49571,223,128
49572,223,129
49573,223,130
49574,223,131
49575,223,132
49576,223,133
49577,223,134
49578,223,135
49579,223,136
49580,223,137
49581,223,138
49582,223,139
49583,223,140
49584,223,141
49585,223,142
49586,223,143
49587,223,144
49588,223,145
49589,223,146
49590,223,147
49591,223,148
49592,223,149
49593,223,150
49594,223,151
49595,223,152
49596,223,153
49597,223,154
49598,223,155
49599,223,156
49600,223,157
49601,223,158
49602,223,159
49603,223,160
49604,223,161
49605,223,162
49606,223,163
49607,223,164
49608,223,165
49609,223,166
49610,223,167
49611,223,168
49612,223,169
49613,223,170
49614,223,171
49615,223,172
49616,223,173
49617,223,174
49618,223,175
49619,223,176
49620,223,177
49621,223,178
49622,223,179
49623,223,180
49624,223,181
49625,223,182
49626,223,183
49627,223,184
49628,223,185
49629,223,186
49630,223,187
49631,223,188
49632,223,189
49633,223,190
49634,223,191
49635,223,192
49636,223,193
49637,223,194
49638,223,195
49639,223,196
49640,223,197
49641,223,198
49642,223,199
49643,223,200
49644,223,201
49645,223,202
49646,223,203
49647,223,204
49648,223,205
49649,223,206
49650,223,207
49651,223,208
49652,223,209
49653,223,210
49654,223,211
49655,223,212
49656,223,213
49657,223,214
49658,223,215
49659,223,216
49660,223,217
49661,223,218
49662,223,219
49663,224,38
49664,224,39
49665,224,40
49666,224,41
49667,224,42
49668,224,43
49669,224,44
49670,224,45
49671,224,46
49672,224,47
49673,224,48
49674,224,49
49675,224,50
49676,224,51
49677,224,52
49678,224,53
49679,224,54
49680,224,55
49681,224,56
49682,224,57
49683,224,58
49684,224,59
49685,224,60
49686,224,61
49687,224,62
49688,224,63
49689,224,64
49690,224,65
49691,224,66
49692,224,67
49693,224,68
49694,224,69
49695,224,70
49696,224,71
49697,224,72
49698,224,73
49699,224,74
49700,224,75
49701,224,76
49702,224,77
49703,224,78
49704,224,79
49705,224,80
49706,224,81
49707,224,82
49708,224,83
49709,224,84
49710,224,85
49711,224,86
49712,224,87
49713,224,88
49714,224,89
49715,224,90
49716,224,91
49717,224,92
49718,224,93
49719,224,94
49720,224,95
49721,224,96
49722,224,97
49723,224,98
49724,224,99
49725,224,100
49726,224,101
49727,224,102
49728,224,103
49729,224,104
49730,224,105
49731,224,106
49732,224,107
49733,224,108
49734,224,109
49735,224,110
49736,224,111
49737,224,112
49738,224,113
49739,224,114
49740,224,115
49741,224,116
49742,224,117
49743,224,118
49744,224,119
49745,224,120
49746,224,121
49747,224,122
49748,224,123
49749,224,124
49750,224,125
49751,224,126
49752,224,127
49753,224,128
49754,224,129
49755,224,130
49756,224,131
49757,224,132
49758,224,133
49759,224,134
49760,224,135
49761,224,136
49762,224,137
49763,224,138
49764,224,139
49765,224,140
49766,224,141
49767,224,142
49768,224,143
49769,224,144
49770,224,145
49771,224,146
49772,224,147
49773,224,148
49774,224,149
49775,224,150
49776,224,151
49777,224,152
49778,224,153
49779,224,154
49780,224,155
49781,224,156
49782,224,157
49783,224,158
49784,224,159
49785,224,160
49786,224,161
49787,224,162
49788,224,163
49789,224,164
49790,224,165
49791,224,166
49792,224,167
49793,224,168
49794,224,169
49795,224,170
49796,224,171
49797,224,172
49798,224,173
49799,224,174
49800,224,175
49801,224,176
49802,224,177
49803,224,178
49804,224,179
49805,224,180
49806,224,181
49807,224,182
49808,224,183
49809,224,184
49810,224,185
49811,224,186
49812,224,187
49813,224,188
49814,224,189
49815,224,190
49816,224,191
49817,224,192
49818,224,193
49819,224,194
49820,224,195
49821,224,196
49822,224,197
49823,224,198
49824,224,199
49825,224,200
49826,224,201
49827,224,202
49828,224,203
49829,224,204
49830,224,205
49831,224,206
49832,224,207
49833,224,208
49834,224,209
49835,224,210
49836,224,211
49837,224,212
49838,224,213
49839,224,214
49840,224,215
49841,224,216
49842,224,217
49843,224,218
49844,225,39
49845,225,40
49846,225,41
49847,225,42
49848,225,43
49849,225,44
49850,225,45
49851,225,46
49852,225,47
49853,225,48
49854,225,49
49855,225,50
49856,225,51
49857,225,52
49858,225,53
49859,225,54
49860,225,55
49861,225,56
49862,225,57
49863,225,58
49864,225,59
49865,225,60
49866,225,61
49867,225,62
49868,225,63
49869,225,64
49870,225,65
49871,225,66
49872,225,67
49873,225,68
49874,225,69
49875,225,70
49876,225,71
49877,225,72
49878,225,73
49879,225,74
49880,225,75
49881,225,76
49882,225,77
49883,225,78
49884,225,79
49885,225,80
49886,225,81
49887,225,82
49888,225,83
49889,225,84
49890,225,85
49891,225,86
49892,225,87
49893,225,88
49894,225,89
49895,225,90
49896,225,91
49897,225,92
49898,225,93
49899,225,94
49900,225,95
49901,225,96
49902,225,97
49903,225,98
49904,225,99
49905,225,100
49906,225,101
49907,225,102
49908,225,103
49909,225,104
49910,225,105
49911,225,106
49912,225,107
49913,225,108
49914,225,109
49915,225,110
49916,225,111
49917,225,112
49918,225,113
49919,225,114
49920,225,115
49921,225,116
49922,225,117
49923,225,118
49924,225,119
49925,225,120
49926,225,121
49927,225,122
49928,225,123
49929,225,124
49930,225,125
49931,225,126
49932,225,127
49933,225,128
49934,225,129
49935,225,130
49936,225,131
49937,225,132
49938,225,133
49939,225,134
49940,225,135
49941,225,136
49942,225,137
49943,225,138
49944,225,139
49945,225,140
49946,225,141
49947,225,142
49948,225,143
49949,225,144
49950,225,145
49951,225,146
49952,225,147
49953,225,148
49954,225,149
49955,225,150
49956,225,151
49957,225,152
49958,225,153
49959,225,154
49960,225,155
49961,225,156
49962,225,157
49963,225,158
49964,225,159
49965,225,160
49966,225,161
49967,225,162
49968,225,163
49969,225,164
49970,225,165
49971,225,166
49972,225,167
49973,225,168
49974,225,169
49975,225,170
49976,225,171
49977,225,172
49978,225,173
49979,225,174
49980,225,175
49981,225,176
49982,225,177
49983,225,178
49984,225,179
49985,225,180
49986,225,181
49987,225,182
49988,225,183
49989,225,184
49990,225,185
49991,225,186
49992,225,187
49993,225,188
49994,225,189
49995,225,190
49996,225,191
49997,225,192
49998,225,193
49999,225,194
50000,225,195
50001,225,196
50002,225,197
50003,225,198
50004,225,199
50005,225,200
50006,225,201
50007,225,202
50008,225,203
50009,225,204
50010,225,205
50011,225,206
50012,225,207
50013,225,208
50014,225,209
50015,225,210
50016,225,211
50017,225,212
50018,225,213
50019,225,214
50020,225,215
50021,225,216
50022,225,217
50023,226,40
50024,226,41
50025,226,42
50026,226,43
50027,226,44
50028,226,45
50029,226,46
50030,226,47
50031,226,48
50032,226,49
50033,226,50
50034,226,51
50035,226,52
50036,226,53
50037,226,54
50038,226,55
50039,226,56
50040,226,57
50041,226,58
50042,226,59
50043,226,60
50044,226,61
50045,226,62
50046,226,63
50047,226,64
50048,226,65
50049,226,66
50050,226,67
50051,226,68
50052,226,69
50053,226,70
50054,226,71
50055,226,72
50056,226,73
50057,226,74
50058,226,75
50059,226,76
50060,226,77
50061,226,78
50062,226,79
50063,226,80
50064,226,81
50065,226,82
50066,226,83
50067,226,84
50068,226,85
50069,226,86
50070,226,87
50071,226,88
50072,226,89
50073,226,90
50074,226,91
50075,226,92
50076,226,93
50077,226,94
50078,226,95
50079,226,96
50080,226,97
50081,226,98
50082,226,99
50083,226,100
50084,226,101
50085,226,102
50086,226,103
50087,226,104
50088,226,105
50089,226,106
50090,226,107
50091,226,108
50092,226,109
50093,226,110
50094,226,111
50095,226,112
50096,226,113
50097,226,114
50098,226,115
50099,226,116
50100,226,117
50101,226,118
50102,226,119
50103,226,120
50104,226,121
50105,226,122
50106,226,123
50107,226,124
50108,226,125
50109,226,126
50110,226,127
50111,226,128
50112,226,129
50113,226,130
50114,226,131
50115,226,132
50116,226,133
50117,226,134
50118,226,135
50119,226,136
50120,226,137
50121,226,138
50122,226,139
50123,226,140
50124,226,141
50125,226,142
50126,226,143
50127,226,144
50128,226,145
50129,226,146
50130,226,147
50131,226,148
50132,226,149
50133,226,150
50134,226,151
50135,226,152
50136,226,153
50137,226,154
50138,226,155
50139,226,156
50140,226,157
50141,226,158
50142,226,159
50143,226,160
50144,226,161
50145,226,162
50146,226,163
50147,226,164
50148,226,165
50149,226,166
50150,226,167
50151,226,168
50152,226,169
50153,226,170
50154,226,171
50155,226,172
50156,226,173
50157,226,174
50158,226,175
50159,226,176
50160,226,177
50161,226,178
50162,226,179
50163,226,180
50164,226,181
50165,226,182
50166,226,183
50167,226,184
50168,226,185
50169,226,186
50170,226,187
50171,226,188
50172,226,189
50173,226,190
50174,226,191
50175,226,192
50176,226,193
50177,226,194
50178,226,195
50179,226,196
50180,226,197
50181,226,198
50182,226,199
50183,226,200
50184,226,201
50185,226,202
50186,226,203
50187,226,204
50188,226,205
50189,226,206
50190,226,207
50191,226,208
50192,226,209
50193,226,210
50194,226,211
50195,226,212
50196,226,213
50197,226,214
50198,226,215
50199,226,216
50200,227,41
50201,227,42
50202,227,43
50203,227,44
50204,227,45
50205,227,46
50206,227,47
50207,227,48
50208,227,49
50209,227,50
50210,227,51
50211,227,52
50212,227,53
50213,227,54
50214,227,55
50215,227,56
50216,227,57
50217,227,58
50218,227,59
50219,227,60
50220,227,61
50221,227,62
50222,227,63
50223,227,64
50224,227,65
50225,227,66
50226,227,67
50227,227,68
50228,227,69
50229,227,70
50230,227,71
50231,227,72
50232,227,73
50233,227,74
50234,227,75
50235,227,76
50236,227,77
50237,227,78
50238,227,79
50239,227,80
50240,227,81
50241,227,82
50242,227,83
50243,227,84
50244,227,85
50245,227,86
50246,227,87
50247,227,88
50248,227,89
50249,227,90
50250,227,91
50251,227,92
50252,227,93
50253,227,94
50254,227,95
50255,227,96
50256,227,97
50257,227,98
50258,227,99
50259,227,100
50260,227,101
50261,227,102
50262,227,103
50263,227,104
50264,227,105
50265,227,106
50266,227,107
50267,227,108
50268,227,109
50269,227,110
50270,227,111
50271,227,112
50272,227,113
50273,227,114
50274,227,115
50275,227,116
50276,227,117
50277,227,118
50278,227,119
50279,227,120
50280,227,121
50281,227,122
50282,227,123
50283,227,124
50284,227,125
50285,227,126
50286,227,127
50287,227,128
50288,227,129
50289,227,130
50290,227,131
50291,227,132
50292,227,133
50293,227,134
50294,227,135
50295,227,136
50296,227,137
50297,227,138
50298,227,139
50299,227,140
50300,227,141
50301,227,142
50302,227,143
50303,227,144
50304,227,145
50305,227,146
50306,227,147
50307,227,148
50308,227,149
50309,227,150
50310,227,151
50311,227,152
50312,227,153
50313,227,154
50314,227,155
50315,227,156
50316,227,157
50317,227,158
50318,227,159
50319,227,160
50320,227,161
50321,227,162
50322,227,163
50323,227,164
50324,227,165
50325,227,166
50326,227,167
50327,227,168
50328,227,169
50329,227,170
50330,227,171
50331,227,172
50332,227,173
50333,227,174
50334,227,175
50335,227,176
50336,227,177
50337,227,178
50338,227,179
50339,227,180
50340,227,181
50341,227,182
50342,227,183
50343,227,184
50344,227,185
50345,227,186
50346,227,187
50347,227,188
50348,227,189
50349,227,190
50350,227,191
50351,227,192
50352,227,193
50353,227,194
50354,227,195
50355,227,196
50356,227,197
50357,227,198
50358,227,199
50359,227,200
50360,227,201
50361,227,202
50362,227,203
50363,227,204
50364,227,205
50365,227,206
50366,227,207
50367,227,208
50368,227,209
50369,227,210
50370,227,211
50371,227,212
50372,227,213
50373,227,214
50374,227,215
50375,228,42
50376,228,43
50377,228,44
50378,228,45
50379,228,46
50380,228,47
50381,228,48
50382,228,49
50383,228,50
50384,228,51
50385,228,52
50386,228,53
50387,228,54
50388,228,55
50389,228,56
50390,228,57
50391,228,58
50392,228,59
50393,228,60
50394,228,61
50395,228,62
50396,228,63
50397,228,64
50398,228,65
50399,228,66
50400,228,67
50401,228,68
50402,228,69
50403,228,70
50404,228,71
50405,228,72
50406,228,73
50407,228,74
50408,228,75
50409,228,76
50410,228,77
50411,228,78
50412,228,79
50413,228,80
50414,228,81
50415,228,82
50416,228,83
50417,228,84
50418,228,85
50419,228,86
50420,228,87
50421,228,88
50422,228,89
50423,228,90
50424,228,91
50425,228,92
50426,228,93
50427,228,94
50428,228,95
50429,228,96
50430,228,97
50431,228,98
50432,228,99
50433,228,100
50434,228,101
50435,228,102
50436,228,103
50437,228,104
50438,228,105
50439,228,106
50440,228,107
50441,228,108
50442,228,109
50443,228,110
50444,228,111
50445,228,112
50446,228,113
50447,228,114
50448,228,115
50449,228,116
50450,228,117
50451,228,118
50452,228,119
50453,228,120
50454,228,121
50455,228,122
50456,228,123
50457,228,124
50458,228,125
50459,228,126
50460,228,127
50461,228,128
50462,228,129
50463,228,130
50464,228,131
50465,228,132
50466,228,133
50467,228,134
50468,228,135
50469,228,136
50470,228,137
50471,228,138
50472,228,139
50473,228,140
50474,228,141
50475,228,142
50476,228,143
50477,228,144
50478,228,145
50479,228,146
50480,228,147
50481,228,148
50482,228,149
50483,228,150
50484,228,151
50485,228,152
50486,228,153
50487,228,154
50488,228,155
50489,228,156
50490,228,157
50491,228,158
50492,228,159
50493,228,160
50494,228,161
50495,228,162
50496,228,163
50497,228,164
50498,228,165
50499,228,166
50500,228,167
50501,228,168
50502,228,169
50503,228,170
50504,228,171
50505,228,172
50506,228,173
50507,228,174
50508,228,175
50509,228,176
50510,228,177
50511,228,178
50512,228,179
50513,228,180
50514,228,181
50515,228,182
50516,228,183
50517,228,184
50518,228,185
50519,228,186
50520,228,187
50521,228,188
50522,228,189
50523,228,190
50524,228,191
50525,228,192
50526,228,193
50527,228,194
50528,228,195
50529,228,196
50530,228,197
50531,228,198
50532,228,199
50533,228,200
50534,228,201
50535,228,202
50536,228,203
50537,228,204
50538,228,205
50539,228,206
50540,228,207
50541,228,208
50542,228,209
50543,228,210
50544,228,211
50545,228,212
50546,228,213
50547,228,214
50548,229,44
50549,229,45
50550,229,46
50551,229,47
50552,229,48
50553,229,49
50554,229,50
50555,229,51
50556,229,52
50557,229,53
50558,229,54
50559,229,55
50560,229,56
50561,229,57
50562,229,58
50563,229,59
50564,229,60
50565,229,61
50566,229,62
50567,229,63
50568,229,64
50569,229,65
50570,229,66
50571,229,67
50572,229,68
50573,229,69
50574,229,70
50575,229,71
50576,229,72
50577,229,73
50578,229,74
50579,229,75
50580,229,76
50581,229,77
50582,229,78
50583,229,79
50584,229,80
50585,229,81
50586,229,82
50587,229,83
50588,229,84
50589,229,85
50590,229,86
50591,229,87
50592,229,88
50593,229,89
50594,229,90
50595,229,91
50596,229,92
50597,229,93
50598,229,94
50599,229,95
50600,229,96
50601,229,97
50602,229,98
50603,229,99
50604,229,100
50605,229,101
50606,229,102
50607,229,103
50608,229,104
50609,229,105
50610,229,106
50611,229,107
50612,229,108
50613,229,109
50614,229,110
50615,229,111
50616,229,112
50617,229,113
50618,229,114
50619,229,115
50620,229,116
50621,229,117
50622,229,118
50623,229,119
50624,229,120
50625,229,121
50626,229,122
50627,229,123
50628,229,124
50629,229,125
50630,229,126
50631,229,127
50632,229,128
50633,229,129
50634,229,130
50635,229,131
50636,229,132
50637,229,133
50638,229,134
50639,229,135
50640,229,136
50641,229,137
50642,229,138
50643,229,139
50644,229,140
50645,229,141
50646,229,142
50647,229,143
50648,229,144
50649,229,145
50650,229,146
50651,229,147
50652,229,148
50653,229,149
50654,229,150
50655,229,151
50656,229,152
50657,229,153
50658,229,154
50659,229,155
50660,229,156
50661,229,157
50662,229,158
50663,229,159
50664,229,160
50665,229,161
50666,229,162
50667,229,163
50668,229,164
50669,229,165
50670,229,166
50671,229,167
50672,229,168
50673,229,169
50674,229,170
50675,229,171
50676,229,172
50677,229,173
50678,229,174
50679,229,175
50680,229,176
50681,229,177
50682,229,178
50683,229,179
50684,229,180
50685,229,181
50686,229,182
50687,229,183
50688,229,184
50689,229,185
50690,229,186
50691,229,187
50692,229,188
50693,229,189
50694,229,190
50695,229,191
50696,229,192
50697,229,193
50698,229,194
50699,229,195
50700,229,196
50701,229,197
50702,229,198
50703,229,199
50704,229,200
50705,229,201
50706,229,202
50707,229,203
50708,229,204
50709,229,205
50710,229,206
50711,229,207
50712,229,208
50713,229,209
50714,229,210
50715,229,211
50716,229,212
50717,230,45
50718,230,46
50719,230,47
50720,230,48
50721,230,49
50722,230,50
50723,230,51
50724,230,52
50725,230,53
50726,230,54
50727,230,55
50728,230,56
50729,230,57
50730,230,58
50731,230,59
50732,230,60
50733,230,61
50734,230,62
50735,230,63
50736,230,64
50737,230,65
50738,230,66
50739,230,67
50740,230,68
50741,230,69
50742,230,70
50743,230,71
50744,230,72
50745,230,73
50746,230,74
50747,230,75
50748,230,76
50749,230,77
50750,230,78
50751,230,79
50752,230,80
50753,230,81
50754,230,82
50755,230,83
50756,230,84
50757,230,85
50758,230,86
50759,230,87
50760,230,88
50761,230,89
50762,230,90
50763,230,91
50764,230,92
50765,230,93
50766,230,94
50767,230,95
50768,230,96
50769,230,97
50770,230,98
50771,230,99
50772,230,100
50773,230,101
50774,230,102
50775,230,103
50776,230,104
50777,230,105
50778,230,106
50779,230,107
50780,230,108
50781,230,109
50782,230,110
50783,230,111
50784,230,112
50785,230,113
50786,230,114
50787,230,115
50788,230,116
50789,230,117
50790,230,118
50791,230,119
50792,230,120
50793,230,121
50794,230,122
50795,230,123
50796,230,124
50797,230,125
50798,230,126
50799,230,127
50800,230,128
50801,230,129
50802,230,130
50803,230,131
50804,230,132
50805,230,133
50806,230,134
50807,230,135
50808,230,136
50809,230,137
50810,230,138
50811,230,139
50812,230,140
50813,230,141
50814,230,142
50815,230,143
50816,230,144
50817,230,145
50818,230,146
50819,230,147
50820,230,148
50821,230,149
50822,230,150
50823,230,151
50824,230,152
50825,230,153
50826,230,154
50827,230,155
50828,230,156
50829,230,157
50830,230,158
50831,230,159
50832,230,160
50833,230,161
50834,230,162
50835,230,163
50836,230,164
50837,230,165
50838,230,166
50839,230,167
50840,230,168
50841,230,169
50842,230,170
50843,230,171
50844,230,172
50845,230,173
50846,230,174
50847,230,175
50848,230,176
50849,230,177
50850,230,178
50851,230,179
50852,230,180
50853,230,181
50854,230,182
50855,230,183
50856,230,184
50857,230,185
50858,230,186
50859,230,187
50860,230,188
50861,230,189
50862,230,190
50863,230,191
50864,230,192
50865,230,193
50866,230,194
50867,230,195
50868,230,196
50869,230,197
50870,230,198
50871,230,199
50872,230,200
50873,230,201
50874,230,202
50875,230,203
50876,230,204
50877,230,205
50878,230,206
50879,230,207
50880,230,208
50881,230,209
50882,230,210
50883,230,211
50884,231,46
50885,231,47
50886,231,48
50887,231,49
50888,231,50
50889,231,51
50890,231,52
50891,231,53
50892,231,54
50893,231,55
50894,231,56
50895,231,57
50896,231,58
50897,231,59
50898,231,60
50899,231,61
50900,231,62
50901,231,63
50902,231,64
50903,231,65
50904,231,66
50905,231,67
50906,231,68
50907,231,69
50908,231,70
50909,231,71
50910,231,72
50911,231,73
50912,231,74
50913,231,75
50914,231,76
50915,231,77
50916,231,78
50917,231,79
50918,231,80
50919,231,81
50920,231,82
50921,231,83
50922,231,84
50923,231,85
50924,231,86
50925,231,87
50926,231,88
50927,231,89
50928,231,90
50929,231,91
50930,231,92
50931,231,93
50932,231,94
50933,231,95
50934,231,96
50935,231,97
50936,231,98
50937,231,99
50938,231,100
50939,231,101
50940,231,102
50941,231,103
50942,231,104
50943,231,105
50944,231,106
50945,231,107
50946,231,108
50947,231,109
50948,231,110
50949,231,111
50950,231,112
50951,231,113
50952,231,114
50953,231,115
50954,231,116
50955,231,117
50956,231,118
50957,231,119
50958,231,120
50959,231,121
50960,231,122
50961,231,123
50962,231,124
50963,231,125
50964,231,126
50965,231,127
50966,231,128
50967,231,129
50968,231,130
50969,231,131
50970,231,132
50971,231,133
50972,231,134
50973,231,135
50974,231,136
50975,231,137
50976,231,138
50977,231,139
50978,231,140
50979,231,141
50980,231,142
50981,231,143
50982,231,144
50983,231,145
50984,231,146
50985,231,147
50986,231,148
50987,231,149
50988,231,150
50989,231,151
50990,231,152
50991,231,153
50992,231,154
50993,231,155
50994,231,156
50995,231,157
50996,231,158
50997,231,159
50998,231,160
50999,231,161
51000,231,162
51001,231,163
51002,231,164
51003,231,165
51004,231,166
51005,231,167
51006,231,168
51007,231,169
51008,231,170
51009,231,171
51010,231,172
51011,231,173
51012,231,174
51013,231,175
51014,231,176
51015,231,177
51016,231,178
51017,231,179
51018,231,180
51019,231,181
51020,231,182
51021,231,183
51022,231,184
51023,231,185
51024,231,186
51025,231,187
51026,231,188
51027,231,189
51028,231,190
51029,231,191
51030,231,192
51031,231,193
51032,231,194
51033,231,195
51034,231,196
51035,231,197
51036,231,198
51037,231,199
51038,231,200
51039,231,201
51040,231,202
51041,231,203
51042,231,204
51043,231,205
51044,231,206
51045,231,207
51046,231,208
51047,231,209
51048,231,210
51049,232,47
51050,232,48
51051,232,49
51052,232,50
51053,232,51
51054,232,52
51055,232,53
51056,232,54
51057,232,55
51058,232,56
51059,232,57
51060,232,58
51061,232,59
51062,232,60
51063,232,61
51064,232,62
51065,232,63
51066,232,64
51067,232,65
51068,232,66
51069,232,67
51070,232,68
51071,232,69
51072,232,70
51073,232,71
51074,232,72
51075,232,73
51076,232,74
51077,232,75
51078,232,76
51079,232,77
51080,232,78
51081,232,79
51082,232,80
51083,232,81
51084,232,82
51085,232,83
51086,232,84
51087,232,85
51088,232,86
51089,232,87
51090,232,88
51091,232,89
51092,232,90
51093,232,91
51094,232,92
51095,232,93
51096,232,94
51097,232,95
51098,232,96
51099,232,97
51100,232,98
51101,232,99
51102,232,100
51103,232,101
51104,232,102
51105,232,103
51106,232,104
51107,232,105
51108,232,106
51109,232,107
51110,232,108
51111,232,109
51112,232,110
51113,232,111
51114,232,112
51115,232,113
51116,232,114
51117,232,115
51118,232,116
51119,232,117
51120,232,118
51121,232,119
51122,232,120
51123,232,121
51124,232,122
51125,232,123
51126,232,124
51127,232,125
51128,232,126
51129,232,127
51130,232,128
51131,232,129
51132,232,130
51133,232,131
51134,232,132
51135,232,133
51136,232,134
51137,232,135
51138,232,136
51139,232,137
51140,232,138
51141,232,139
51142,232,140
51143,232,141
51144,232,142
51145,232,143
51146,232,144
51147,232,145
51148,232,146
51149,232,147
51150,232,148
51151,232,149
51152,232,150
51153,232,151
51154,232,152
51155,232,153
51156,232,154
51157,232,155
51158,232,156
51159,232,157
51160,232,158
51161,232,159
51162,232,160
51163,232,161
51164,232,162
51165,232,163
51166,232,164
51167,232,165
51168,232,166
51169,232,167
51170,232,168
51171,232,169
51172,232,170
51173,232,171
51174,232,172
51175,232,173
51176,232,174
51177,232,175
51178,232,176
51179,232,177
51180,232,178
51181,232,179
51182,232,180
51183,232,181
51184,232,182
51185,232,183
51186,232,184
51187,232,185
51188,232,186
51189,232,187
51190,232,188
51191,232,189
51192,232,190
51193,232,191
51194,232,192
51195,232,193
51196,232,194
51197,232,195
51198,232,196
51199,232,197
51200,232,198
51201,232,199
51202,232,200
51203,232,201
51204,232,202
51205,232,203
51206,232,204
51207,232,205
51208,232,206
51209,232,207
51210,232,208
51211,232,209
51212,233,49
51213,233,50
51214,233,51
51215,233,52
51216,233,53
51217,233,54
51218,233,55
51219,233,56
51220,233,57
51221,233,58
51222,233,59
51223,233,60
51224,233,61
51225,233,62
51226,233,63
51227,233,64
51228,233,65
51229,233,66
51230,233,67
51231,233,68
51232,233,69
51233,233,70
51234,233,71
51235,233,72
51236,233,73
51237,233,74
51238,233,75
51239,233,76
51240,233,77
51241,233,78
51242,233,79
51243,233,80
51244,233,81
51245,233,82
51246,233,83
51247,233,84
51248,233,85
51249,233,86
51250,233,87
51251,233,88
51252,233,89
51253,233,90
51254,233,91
51255,233,92
51256,233,93
51257,233,94
51258,233,95
51259,233,96
51260,233,97
51261,233,98
51262,233,99
51263,233,100
51264,233,101
51265,233,102
51266,233,103
51267,233,104
51268,233,105
51269,233,106
51270,233,107
51271,233,108
51272,233,109
51273,233,110
51274,233,111
51275,233,112
51276,233,113
51277,233,114
51278,233,115
51279,233,116
51280,233,117
51281,233,118
51282,233,119
51283,233,120
51284,233,121
51285,233,122
51286,233,123
51287,233,124
51288,233,125
51289,233,126
51290,233,127
51291,233,128
51292,233,129
51293,233,130
51294,233,131
51295,233,132
51296,233,133
51297,233,134
51298,233,135
51299,233,136
51300,233,137
51301,233,138
51302,233,139
51303,233,140
51304,233,141
51305,233,142
51306,233,143
51307,233,144
51308,233,145
51309,233,146
51310,233,147
51311,233,148
51312,233,149
51313,233,150
51314,233,151
51315,233,152
51316,233,153
51317,233,154
51318,233,155
51319,233,156
51320,233,157
51321,233,158
51322,233,159
51323,233,160
51324,233,161
51325,233,162
51326,233,163
51327,233,164
51328,233,165
51329,233,166
51330,233,167
51331,233,168
51332,233,169
51333,233,170
51334,233,171
51335,233,172
51336,233,173
51337,233,174
51338,233,175
51339,233,176
51340,233,177
51341,233,178
51342,233,179
51343,233,180
51344,233,181
51345,233,182
51346,233,183
51347,233,184
51348,233,185
51349,233,186
51350,233,187
51351,233,188
51352,233,189
51353,233,190
51354,233,191
51355,233,192
51356,233,193
51357,233,194
51358,233,195
51359,233,196
51360,233,197
51361,233,198
51362,233,199
51363,233,200
51364,233,201
51365,233,202
51366,233,203
51367,233,204
51368,233,205
51369,233,206
51370,233,207
51371,234,50
51372,234,51
51373,234,52
51374,234,53
51375,234,54
51376,234,55
51377,234,56
51378,234,57
51379,234,58
51380,234,59
51381,234,60
51382,234,61
51383,234,62
51384,234,63
51385,234,64
51386,234,65
51387,234,66
51388,234,67
51389,234,68
51390,234,69
51391,234,70
51392,234,71
51393,234,72
51394,234,73
51395,234,74
51396,234,75
51397,234,76
51398,234,77
51399,234,78
51400,234,79
51401,234,80
51402,234,81
51403,234,82
51404,234,83
51405,234,84
51406,234,85
51407,234,86
51408,234,87
51409,234,88
51410,234,89
51411,234,90
51412,234,91
51413,234,92
51414,234,93
51415,234,94
51416,234,95
51417,234,96
51418,234,97
51419,234,98
51420,234,99
51421,234,100
51422,234,101
51423,234,102
51424,234,103
51425,234,104
51426,234,105
51427,234,106
51428,234,107
51429,234,108
51430,234,109
51431,234,110
51432,234,111
51433,234,112
51434,234,113
51435,234,114
51436,234,115
51437,234,116
51438,234,117
51439,234,118
51440,234,119
51441,234,120
51442,234,121
51443,234,122
51444,234,123
51445,234,124
51446,234,125
51447,234,126
51448,234,127
51449,234,128
51450,234,129
51451,234,130
51452,234,131
51453,234,132
51454,234,133
51455,234,134
51456,234,135
51457,234,136
51458,234,137
51459,234,138
51460,234,139
51461,234,140
51462,234,141
51463,234,142
51464,234,143
51465,234,144
51466,234,145
51467,234,146
51468,234,147
51469,234,148
51470,234,149
51471,234,150
51472,234,151
51473,234,152
51474,234,153
51475,234,154
51476,234,155
51477,234,156
51478,234,157
51479,234,158
51480,234,159
51481,234,160
51482,234,161
51483,234,162
51484,234,163
51485,234,164
51486,234,165
51487,234,166
51488,234,167
51489,234,168
51490,234,169
51491,234,170
51492,234,171
51493,234,172
51494,234,173
51495,234,174
51496,234,175
51497,234,176
51498,234,177
51499,234,178
51500,234,179
51501,234,180
51502,234,181
51503,234,182
51504,234,183
51505,234,184
51506,234,185
51507,234,186
51508,234,187
51509,234,188
51510,234,189
51511,234,190
51512,234,191
51513,234,192
51514,234,193
51515,234,194
51516,234,195
51517,234,196
51518,234,197
51519,234,198
51520,234,199
51521,234,200
51522,234,201
51523,234,202
51524,234,203
51525,234,204
51526,234,205
51527,234,206
51528,235,51
51529,235,52
51530,235,53
51531,235,54
51532,235,55
51533,235,56
51534,235,57
51535,235,58
51536,235,59
51537,235,60
51538,235,61
51539,235,62
51540,235,63
51541,235,64
51542,235,65
51543,235,66
51544,235,67
51545,235,68
51546,235,69
51547,235,70
51548,235,71
51549,235,72
51550,235,73
51551,235,74
51552,235,75
51553,235,76
51554,235,77
51555,235,78
51556,235,79
51557,235,80
51558,235,81
51559,235,82
51560,235,83
51561,235,84
51562,235,85
51563,235,86
51564,235,87
51565,235,88
51566,235,89
51567,235,90
51568,235,91
51569,235,92
51570,235,93
51571,235,94
51572,235,95
51573,235,96
51574,235,97
51575,235,98
51576,235,99
51577,235,100
51578,235,101
51579,235,102
51580,235,103
51581,235,104
51582,235,105
51583,235,106
51584,235,107
51585,235,108
51586,235,109
51587,235,110
51588,235,111
51589,235,112
51590,235,113
51591,235,114
51592,235,115
51593,235,116
51594,235,117
51595,235,118
51596,235,119
51597,235,120
51598,235,121
51599,235,122
51600,235,123
51601,235,124
51602,235,125
51603,235,126
51604,235,127
51605,235,128
51606,235,129
51607,235,130
51608,235,131
51609,235,132
51610,235,133
51611,235,134
51612,235,135
51613,235,136
51614,235,137
51615,235,138
51616,235,139
51617,235,140
51618,235,141
51619,235,142
51620,235,143
51621,235,144
51622,235,145
51623,235,146
51624,235,147
51625,235,148
51626,235,149
51627,235,150
51628,235,151
51629,235,152
51630,235,153
51631,235,154
51632,235,155
51633,235,156
51634,235,157
51635,235,158
51636,235,159
51637,235,160
51638,235,161
51639,235,162
51640,235,163
51641,235,164
51642,235,165
51643,235,166
51644,235,167
51645,235,168
51646,235,169
51647,235,170
51648,235,171
51649,235,172
51650,235,173
51651,235,174
51652,235,175
51653,235,176
51654,235,177
51655,235,178
51656,235,179
51657,235,180
51658,235,181
51659,235,182
51660,235,183
51661,235,184
51662,235,185
51663,235,186
51664,235,187
51665,235,188
51666,235,189
51667,235,190
51668,235,191
51669,235,192
51670,235,193
51671,235,194
51672,235,195
51673,235,196
51674,235,197
51675,235,198
51676,235,199
51677,235,200
51678,235,201
51679,235,202
51680,235,203
51681,235,204
51682,235,205
51683,236,53
51684,236,54
51685,236,55
51686,236,56
51687,236,57
51688,236,58
51689,236,59
51690,236,60
51691,236,61
51692,236,62
51693,236,63
51694,236,64
51695,236,65
51696,236,66
51697,236,67
51698,236,68
51699,236,69
51700,236,70
51701,236,71
51702,236,72
51703,236,73
51704,236,74
51705,236,75
51706,236,76
51707,236,77
51708,236,78
51709,236,79
51710,236,80
51711,236,81
51712,236,82
51713,236,83
51714,236,84
51715,236,85
51716,236,86
51717,236,87
51718,236,88
51719,236,89
51720,236,90
51721,236,91
51722,236,92
51723,236,93
51724,236,94
51725,236,95
51726,236,96
51727,236,97
51728,236,98
51729,236,99
51730,236,100
51731,236,101
51732,236,102
51733,236,103
51734,236,104
51735,236,105
51736,236,106
51737,236,107
51738,236,108
51739,236,109
51740,236,110
51741,236,111
51742,236,112
51743,236,113
51744,236,114
51745,236,115
51746,236,116
51747,236,117
51748,236,118
51749,236,119
51750,236,120
51751,236,121
51752,236,122
51753,236,123
51754,236,124
51755,236,125
51756,236,126
51757,236,127
51758,236,128
51759,236,129
51760,236,130
51761,236,131
51762,236,132
51763,236,133
51764,236,134
51765,236,135
51766,236,136
51767,236,137
51768,236,138
51769,236,139
51770,236,140
51771,236,141
51772,236,142
51773,236,143
51774,236,144
51775,236,145
51776,236,146
51777,236,147
51778,236,148
51779,236,149
51780,236,150
51781,236,151
51782,236,152
51783,236,153
51784,236,154
51785,236,155
51786,236,156
51787,236,157
51788,236,158
51789,236,159
51790,236,160
51791,236,161
51792,236,162
51793,236,163
51794,236,164
51795,236,165
51796,236,166
51797,236,167
51798,236,168
51799,236,169
51800,236,170
51801,236,171
51802,236,172
51803,236,173
51804,236,174
51805,236,175
51806,236,176
51807,236,177
51808,236,178
51809,236,179
51810,236,180
51811,236,181
51812,236,182
51813,236,183
51814,236,184
51815,236,185
51816,236,186
51817,236,187
51818,236,188
51819,236,189
51820,236,190
51821,236,191
51822,236,192
51823,236,193
51824,236,194
51825,236,195
51826,236,196
51827,236,197
51828,236,198
51829,236,199
51830,236,200
51831,236,201
51832,236,202
51833,236,203
51834,237,54
51835,237,55
51836,237,56
51837,237,57
51838,237,58
51839,237,59
51840,237,60
51841,237,61
51842,237,62
51843,237,63
51844,237,64
51845,237,65
51846,237,66
51847,237,67
51848,237,68
51849,237,69
51850,237,70
51851,237,71
51852,237,72
51853,237,73
51854,237,74
51855,237,75
51856,237,76
51857,237,77
51858,237,78
51859,237,79
51860,237,80
51861,237,81
51862,237,82
51863,237,83
51864,237,84
51865,237,85
51866,237,86
51867,237,87
51868,237,88
51869,237,89
51870,237,90
51871,237,91
51872,237,92
51873,237,93
51874,237,94
51875,237,95
51876,237,96
51877,237,97
51878,237,98
51879,237,99
51880,237,100
51881,237,101
51882,237,102
51883,237,103
51884,237,104
51885,237,105
51886,237,106
51887,237,107
51888,237,108
51889,237,109
51890,237,110
51891,237,111
51892,237,112
51893,237,113
51894,237,114
51895,237,115
51896,237,116
51897,237,117
51898,237,118
51899,237,119
51900,237,120
51901,237,121
51902,237,122
51903,237,123
51904,237,124
51905,237,125
51906,237,126
51907,237,127
51908,237,128
51909,237,129
51910,237,130
51911,237,131
51912,237,132
51913,237,133
51914,237,134
51915,237,135
51916,237,136
51917,237,137
51918,237,138
51919,237,139
51920,237,140
51921,237,141
51922,237,142
51923,237,143
51924,237,144
51925,237,145
51926,237,146
51927,237,147
51928,237,148
51929,237,149
51930,237,150
51931,237,151
51932,237,152
51933,237,153
51934,237,154
51935,237,155
51936,237,156
51937,237,157
51938,237,158
51939,237,159
51940,237,160
51941,237,161
51942,237,162
51943,237,163
51944,237,164
51945,237,165
51946,237,166
51947,237,167
51948,237,168
51949,237,169
51950,237,170
51951,237,171
51952,237,172
51953,237,173
51954,237,174
51955,237,175
51956,237,176
51957,237,177
51958,237,178
51959,237,179
51960,237,180
51961,237,181
51962,237,182
51963,237,183
51964,237,184
51965,237,185
51966,237,186
51967,237,187
51968,237,188
51969,237,189
51970,237,190
51971,237,191
51972,237,192
51973,237,193
51974,237,194
51975,237,195
51976,237,196
51977,237,197
51978,237,198
51979,237,199
51980,237,200
51981,237,201
51982,237,202
51983,238,56
51984,238,57
51985,238,58
51986,238,59
51987,238,60
51988,238,61
51989,238,62
51990,238,63
51991,238,64
51992,238,65
51993,238,66
51994,238,67
51995,238,68
51996,238,69
51997,238,70
51998,238,71
51999,238,72
52000,238,73
52001,238,74
52002,238,75
52003,238,76
52004,238,77
52005,238,78
52006,238,79
52007,238,80
52008,238,81
52009,238,82
52010,238,83
52011,238,84
52012,238,85
52013,238,86
52014,238,87
52015,238,88
52016,238,89
52017,238,90
52018,238,91
52019,238,92
52020,238,93
52021,238,94
52022,238,95
52023,238,96
52024,238,97
52025,238,98
52026,238,99
52027,238,100
52028,238,101
52029,238,102
52030,238,103
52031,238,104
52032,238,105
52033,238,106
52034,238,107
52035,238,108
52036,238,109
52037,238,110
52038,238,111
52039,238,112
52040,238,113
52041,238,114
52042,238,115
52043,238,116
52044,238,117
52045,238,118
52046,238,119
52047,238,120
52048,238,121
52049,238,122
52050,238,123
52051,238,124
52052,238,125
52053,238,126
52054,238,127
52055,238,128
52056,238,129
52057,238,130
52058,238,131
52059,238,132
52060,238,133
52061,238,134
52062,238,135
52063,238,136
52064,238,137
52065,238,138
52066,238,139
52067,238,140
52068,238,141
52069,238,142
52070,238,143
52071,238,144
52072,238,145
52073,238,146
52074,238,147
52075,238,148
52076,238,149
52077,238,150
52078,238,151
52079,238,152
52080,238,153
52081,238,154
52082,238,155
52083,238,156
52084,238,157
52085,238,158
52086,238,159
52087,238,160
52088,238,161
52089,238,162
52090,238,163
52091,238,164
52092,238,165
52093,238,166
52094,238,167
52095,238,168
52096,238,169
52097,238,170
52098,238,171
52099,238,172
52100,238,173
52101,238,174
52102,238,175
52103,238,176
52104,238,177
52105,238,178
52106,238,179
52107,238,180
52108,238,181
52109,238,182
52110,238,183
52111,238,184
52112,238,185
52113,238,186
52114,238,187
52115,238,188
52116,238,189
52117,238,190
52118,238,191
52119,238,192
52120,238,193
52121,238,194
52122,238,195
52123,238,196
52124,238,197
52125,238,198
52126,238,199
52127,238,200
52128,239,57
52129,239,58
52130,239,59
52131,239,60
52132,239,61
52133,239,62
52134,239,63
52135,239,64
52136,239,65
52137,239,66
52138,239,67
52139,239,68
52140,239,69
52141,239,70
52142,239,71
52143,239,72
52144,239,73
52145,239,74
52146,239,75
52147,239,76
52148,239,77
52149,239,78
52150,239,79
52151,239,80
52152,239,81
52153,239,82
52154,239,83
52155,239,84
52156,239,85
52157,239,86
52158,239,87
52159,239,88
52160,239,89
52161,239,90
52162,239,91
52163,239,92
52164,239,93
52165,239,94
52166,239,95
52167,239,96
52168,239,97
52169,239,98
52170,239,99
52171,239,100
52172,239,101
52173,239,102
52174,239,103
52175,239,104
52176,239,105
52177,239,106
52178,239,107
52179,239,108
52180,239,109
52181,239,110
52182,239,111
52183,239,112
52184,239,113
52185,239,114
52186,239,115
52187,239,116
52188,239,117
52189,239,118
52190,239,119
52191,239,120
52192,239,121
52193,239,122
52194,239,123
52195,239,124
52196,239,125
52197,239,126
52198,239,127
52199,239,128
52200,239,129
52201,239,130
52202,239,131
52203,239,132
52204,239,133
52205,239,134
52206,239,135
52207,239,136
52208,239,137
52209,239,138
52210,239,139
52211,239,140
52212,239,141
52213,239,142
52214,239,143
52215,239,144
52216,239,145
52217,239,146
52218,239,147
52219,239,148
52220,239,149
52221,239,150
52222,239,151
52223,239,152
52224,239,153
52225,239,154
52226,239,155
52227,239,156
52228,239,157
52229,239,158
52230,239,159
52231,239,160
52232,239,161
52233,239,162
52234,239,163
52235,239,164
52236,239,165
52237,239,166
52238,239,167
52239,239,168
52240,239,169
52241,239,170
52242,239,171
52243,239,172
52244,239,173
52245,239,174
52246,239,175
52247,239,176
52248,239,177
52249,239,178
52250,239,179
52251,239,180
52252,239,181
52253,239,182
52254,239,183
52255,239,184
52256,239,185
52257,239,186
52258,239,187
52259,239,188
52260,239,189
52261,239,190
52262,239,191
52263,239,192
52264,239,193
52265,239,194
52266,239,195
52267,239,196
52268,239,197
52269,239,198
52270,239,199
52271,240,59
52272,240,60
52273,240,61
52274,240,62
52275,240,63
52276,240,64
52277,240,65
52278,240,66
52279,240,67
52280,240,68
52281,240,69
52282,240,70
52283,240,71
52284,240,72
52285,240,73
52286,240,74
52287,240,75
52288,240,76
52289,240,77
52290,240,78
52291,240,79
52292,240,80
52293,240,81
52294,240,82
52295,240,83
52296,240,84
52297,240,85
52298,240,86
52299,240,87
52300,240,88
52301,240,89
52302,240,90
52303,240,91
52304,240,92
52305,240,93
52306,240,94
52307,240,95
52308,240,96
52309,240,97
52310,240,98
52311,240,99
52312,240,100
52313,240,101
52314,240,102
52315,240,103
52316,240,104
52317,240,105
52318,240,106
52319,240,107
52320,240,108
52321,240,109
52322,240,110
52323,240,111
52324,240,112
52325,240,113
52326,240,114
52327,240,115
52328,240,116
52329,240,117
52330,240,118
52331,240,119
52332,240,120
52333,240,121
52334,240,122
52335,240,123
52336,240,124
52337,240,125
52338,240,126
52339,240,127
52340,240,128
52341,240,129
52342,240,130
52343,240,131
52344,240,132
52345,240,133
52346,240,134
52347,240,135
52348,240,136
52349,240,137
52350,240,138
52351,240,139
52352,240,140
52353,240,141
52354,240,142
52355,240,143
52356,240,144
52357,240,145
52358,240,146
52359,240,147
52360,240,148
52361,240,149
52362,240,150
52363,240,151
52364,240,152
52365,240,153
52366,240,154
52367,240,155
52368,240,156
52369,240,157
52370,240,158
52371,240,159
52372,240,160
52373,240,161
52374,240,162
52375,240,163
52376,240,164
52377,240,165
52378,240,166
52379,240,167
52380,240,168
52381,240,169
52382,240,170
52383,240,171
52384,240,172
52385,240,173
52386,240,174
52387,240,175
52388,240,176
52389,240,177
52390,240,178
52391,240,179
52392,240,180
52393,240,181
52394,240,182
52395,240,183
52396,240,184
52397,240,185
52398,240,186
52399,240,187
52400,240,188
52401,240,189
52402,240,190
52403,240,191
52404,240,192
52405,240,193
52406,240,194
52407,240,195
52408,240,196
52409,240,197
52410,241,60
52411,241,61
52412,241,62
52413,241,63
52414,241,64
52415,241,65
52416,241,66
52417,241,67
52418,241,68
52419,241,69
52420,241,70
52421,241,71
52422,241,72
52423,241,73
52424,241,74
52425,241,75
52426,241,76
52427,241,77
52428,241,78
52429,241,79
52430,241,80
52431,241,81
52432,241,82
52433,241,83
52434,241,84
52435,241,85
52436,241,86
52437,241,87
52438,241,88
52439,241,89
52440,241,90
52441,241,91
52442,241,92
52443,241,93
52444,241,94
52445,241,95
52446,241,96
52447,241,97
52448,241,98
52449,241,99
52450,241,100
52451,241,101
52452,241,102
52453,241,103
52454,241,104
52455,241,105
52456,241,106
52457,241,107
52458,241,108
52459,241,109
52460,241,110
52461,241,111
52462,241,112
52463,241,113
52464,241,114
52465,241,115
52466,241,116
52467,241,117
52468,241,118
52469,241,119
52470,241,120
52471,241,121
52472,241,122
52473,241,123
52474,241,124
52475,241,125
52476,241,126
52477,241,127
52478,241,128
52479,241,129
52480,241,130
52481,241,131
52482,241,132
52483,241,133
52484,241,134
52485,241,135
52486,241,136
52487,241,137
52488,241,138
52489,241,139
52490,241,140
52491,241,141
52492,241,142
52493,241,143
52494,241,144
52495,241,145
52496,241,146
52497,241,147
52498,241,148
52499,241,149
52500,241,150
52501,241,151
52502,241,152
52503,241,153
52504,241,154
52505,241,155
52506,241,156
52507,241,157
52508,241,158
52509,241,159
52510,241,160
52511,241,161
52512,241,162
52513,241,163
52514,241,164
52515,241,165
52516,241,166
52517,241,167
52518,241,168
52519,241,169
52520,241,170
52521,241,171
52522,241,172
52523,241,173
52524,241,174
52525,241,175
52526,241,176
52527,241,177
52528,241,178
52529,241,179
52530,241,180
52531,241,181
52532,241,182
52533,241,183
52534,241,184
52535,241,185
52536,241,186
52537,241,187
52538,241,188
52539,241,189
52540,241,190
52541,241,191
52542,241,192
52543,241,193
52544,241,194
52545,241,195
52546,241,196
52547,242,62
52548,242,63
52549,242,64
52550,242,65
52551,242,66
52552,242,67
52553,242,68
52554,242,69
52555,242,70
52556,242,71
52557,242,72
52558,242,73
52559,242,74
52560,242,75
52561,242,76
52562,242,77
52563,242,78
52564,242,79
52565,242,80
52566,242,81
52567,242,82
52568,242,83
52569,242,84
52570,242,85
52571,242,86
52572,242,87
52573,242,88
52574,242,89
52575,242,90
52576,242,91
52577,242,92
52578,242,93
52579,242,94
52580,242,95
52581,242,96
52582,242,97
52583,242,98
52584,242,99
52585,242,100
52586,242,101
52587,242,102
52588,242,103
52589,242,104
52590,242,105
52591,242,106
52592,242,107
52593,242,108
52594,242,109
52595,242,110
52596,242,111
52597,242,112
52598,242,113
52599,242,114
52600,242,115
52601,242,116
52602,242,117
52603,242,118
52604,242,119
52605,242,120
52606,242,121
52607,242,122
52608,242,123
52609,242,124
52610,242,125
52611,242,126
52612,242,127
52613,242,128
52614,242,129
52615,242,130
52616,242,131
52617,242,132
52618,242,133
52619,242,134
52620,242,135
52621,242,136
52622,242,137
52623,242,138
52624,242,139
52625,242,140
52626,242,141
52627,242,142
52628,242,143
52629,242,144
52630,242,145
52631,242,146
52632,242,147
52633,242,148
52634,242,149
52635,242,150
52636,242,151
52637,242,152
52638,242,153
52639,242,154
52640,242,155
52641,242,156
52642,242,157
52643,242,158
52644,242,159
52645,242,160
52646,242,161
52647,242,162
52648,242,163
52649,242,164
52650,242,165
52651,242,166
52652,242,167
52653,242,168
52654,242,169
52655,242,170
52656,242,171
52657,242,172
52658,242,173
52659,242,174
52660,242,175
52661,242,176
52662,242,177
52663,242,178
52664,242,179
52665,242,180
52666,242,181
52667,242,182
52668,242,183
52669,242,184
52670,242,185
52671,242,186
52672,242,187
52673,242,188
52674,242,189
52675,242,190
52676,242,191
52677,242,192
52678,242,193
52679,242,194
52680,243,64
52681,243,65
52682,243,66
52683,243,67
52684,243,68
52685,243,69
52686,243,70
52687,243,71
52688,243,72
52689,243,73
52690,243,74
52691,243,75
52692,243,76
52693,243,77
52694,243,78
52695,243,79
52696,243,80
52697,243,81
52698,243,82
52699,243,83
52700,243,84
52701,243,85
52702,243,86
52703,243,87
52704,243,88
52705,243,89
52706,243,90
52707,243,91
52708,243,92
52709,243,93
52710,243,94
52711,243,95
52712,243,96
52713,243,97
52714,243,98
52715,243,99
52716,243,100
52717,243,101
52718,243,102
52719,243,103
52720,243,104
52721,243,105
52722,243,106
52723,243,107
52724,243,108
52725,243,109
52726,243,110
52727,243,111
52728,243,112
52729,243,113
52730,243,114
52731,243,115
52732,243,116
52733,243,117
52734,243,118
52735,243,119
52736,243,120
52737,243,121
52738,243,122
52739,243,123
52740,243,124
52741,243,125
52742,243,126
52743,243,127
52744,243,128
52745,243,129
52746,243,130
52747,243,131
52748,243,132
52749,243,133
52750,243,134
52751,243,135
52752,243,136
52753,243,137
52754,243,138
52755,243,139
52756,243,140
52757,243,141
52758,243,142
52759,243,143
52760,243,144
52761,243,145
52762,243,146
52763,243,147
52764,243,148
52765,243,149
52766,243,150
52767,243,151
52768,243,152
52769,243,153
52770,243,154
52771,243,155
52772,243,156
52773,243,157
52774,243,158
52775,243,159
52776,243,160
52777,243,161
52778,243,162
52779,243,163
52780,243,164
52781,243,165
52782,243,166
52783,243,167
52784,243,168
52785,243,169
52786,243,170
52787,243,171
52788,243,172
52789,243,173
52790,243,174
52791,243,175
52792,243,176
52793,243,177
52794,243,178
52795,243,179
52796,243,180
52797,243,181
52798,243,182
52799,243,183
52800,243,184
52801,243,185
52802,243,186
52803,243,187
52804,243,188
52805,243,189
52806,243,190
52807,243,191
52808,243,192
52809,244,66
52810,244,67
52811,244,68
52812,244,69
52813,244,70
52814,244,71
52815,244,72
52816,244,73
52817,244,74
52818,244,75
52819,244,76
52820,244,77
52821,244,78
52822,244,79
52823,244,80
52824,244,81
52825,244,82
52826,244,83
52827,244,84
52828,244,85
52829,244,86
52830,244,87
52831,244,88
52832,244,89
52833,244,90
52834,244,91
52835,244,92
52836,244,93
52837,244,94
52838,244,95
52839,244,96
52840,244,97
52841,244,98
52842,244,99
52843,244,100
52844,244,101
52845,244,102
52846,244,103
52847,244,104
52848,244,105
52849,244,106
52850,244,107
52851,244,108
52852,244,109
52853,244,110
52854,244,111
52855,244,112
52856,244,113
52857,244,114
52858,244,115
52859,244,116
52860,244,117
52861,244,118
52862,244,119
52863,244,120
52864,244,121
52865,244,122
52866,244,123
52867,244,124
52868,244,125
52869,244,126
52870,244,127
52871,244,128
52872,244,129
52873,244,130
52874,244,131
52875,244,132
52876,244,133
52877,244,134
52878,244,135
52879,244,136
52880,244,137
52881,244,138
52882,244,139
52883,244,140
52884,244,141
52885,244,142
52886,244,143
52887,244,144
52888,244,145
52889,244,146
52890,244,147
52891,244,148
52892,244,149
52893,244,150
52894,244,151
52895,244,152
52896,244,153
52897,244,154
52898,244,155
52899,244,156
52900,244,157
52901,244,158
52902,244,159
52903,244,160
52904,244,161
52905,244,162
52906,244,163
52907,244,164
52908,244,165
52909,244,166
52910,244,167
52911,244,168
52912,244,169
52913,244,170
52914,244,171
52915,244,172
52916,244,173
52917,244,174
52918,244,175
52919,244,176
52920,244,177
52921,244,178
52922,244,179
52923,244,180
52924,244,181
52925,244,182
52926,244,183
52927,244,184
52928,244,185
52929,244,186
52930,244,187
52931,244,188
52932,244,189
52933,244,190
52934,245,67
52935,245,68
52936,245,69
52937,245,70
52938,245,71
52939,245,72
52940,245,73
52941,245,74
52942,245,75
52943,245,76
52944,245,77
52945,245,78
52946,245,79
52947,245,80
52948,245,81
52949,245,82
52950,245,83
52951,245,84
52952,245,85
52953,245,86
52954,245,87
52955,245,88
52956,245,89
52957,245,90
52958,245,91
52959,245,92
52960,245,93
52961,245,94
52962,245,95
52963,245,96
52964,245,97
52965,245,98
52966,245,99
52967,245,100
52968,245,101
52969,245,102
52970,245,103
52971,245,104
52972,245,105
52973,245,106
52974,245,107
52975,245,108
52976,245,109
52977,245,110
52978,245,111
52979,245,112
52980,245,113
52981,245,114
52982,245,115
52983,245,116
52984,245,117
52985,245,118
52986,245,119
52987,245,120
52988,245,121
52989,245,122
52990,245,123
52991,245,124
52992,245,125
52993,245,126
52994,245,127
52995,245,128
52996,245,129
52997,245,130
52998,245,131
52999,245,132
53000,245,133
53001,245,134
53002,245,135
53003,245,136
53004,245,137
53005,245,138
53006,245,139
53007,245,140
53008,245,141
53009,245,142
53010,245,143
53011,245,144
53012,245,145
53013,245,146
53014,245,147
53015,245,148
53016,245,149
53017,245,150
53018,245,151
53019,245,152
53020,245,153
53021,245,154
53022,245,155
53023,245,156
53024,245,157
53025,245,158
53026,245,159
53027,245,160
53028,245,161
53029,245,162
53030,245,163
53031,245,164
53032,245,165
53033,245,166
53034,245,167
53035,245,168
53036,245,169
53037,245,170
53038,245,171
53039,245,172
53040,245,173
53041,245,174
53042,245,175
53043,245,176
53044,245,177
53045,245,178
53046,245,179
53047,245,180
53048,245,181
53049,245,182
53050,245,183
53051,245,184
53052,245,185
53053,245,186
53054,245,187
53055,245,188
53056,245,189
53057,246,69
53058,246,70
53059,246,71
53060,246,72
53061,246,73
53062,246,74
53063,246,75
53064,246,76
53065,246,77
53066,246,78
53067,246,79
53068,246,80
53069,246,81
53070,246,82
53071,246,83
53072,246,84
53073,246,85
53074,246,86
53075,246,87
53076,246,88
53077,246,89
53078,246,90
53079,246,91
53080,246,92
53081,246,93
53082,246,94
53083,246,95
53084,246,96
53085,246,97
53086,246,98
53087,246,99
53088,246,100
53089,246,101
53090,246,102
53091,246,103
53092,246,104
53093,246,105
53094,246,106
53095,246,107
53096,246,108
53097,246,109
53098,246,110
53099,246,111
53100,246,112
53101,246,113
53102,246,114
53103,246,115
53104,246,116
53105,246,117
53106,246,118
53107,246,119
53108,246,120
53109,246,121
53110,246,122
53111,246,123
53112,246,124
53113,246,125
53114,246,126
53115,246,127
53116,246,128
53117,246,129
53118,246,130
53119,246,131
53120,246,132
53121,246,133
53122,246,134
53123,246,135
53124,246,136
53125,246,137
53126,246,138
53127,246,139
53128,246,140
53129,246,141
53130,246,142
53131,246,143
53132,246,144
53133,246,145
53134,246,146
53135,246,147
53136,246,148
53137,246,149
53138,246,150
53139,246,151
53140,246,152
53141,246,153
53142,246,154
53143,246,155
53144,246,156
53145,246,157
53146,246,158
53147,246,159
53148,246,160
53149,246,161
53150,246,162
53151,246,163
53152,246,164
53153,246,165
53154,246,166
53155,246,167
53156,246,168
53157,246,169
53158,246,170
53159,246,171
53160,246,172
53161,246,173
53162,246,174
53163,246,175
53164,246,176
53165,246,177
53166,246,178
53167,246,179
53168,246,180
53169,246,181
53170,246,182
53171,246,183
53172,246,184
53173,246,185
53174,246,186
53175,246,187
53176,247,71
53177,247,72
53178,247,73
53179,247,74
53180,247,75
53181,247,76
53182,247,77
53183,247,78
53184,247,79
53185,247,80
53186,247,81
53187,247,82
53188,247,83
53189,247,84
53190,247,85
53191,247,86
53192,247,87
53193,247,88
53194,247,89
53195,247,90
53196,247,91
53197,247,92
53198,247,93
53199,247,94
53200,247,95
53201,247,96
53202,247,97
53203,247,98
53204,247,99
53205,247,100
53206,247,101
53207,247,102
53208,247,103
53209,247,104
53210,247,105
53211,247,106
53212,247,107
53213,247,108
53214,247,109
53215,247,110
53216,247,111
53217,247,112
53218,247,113
53219,247,114
53220,247,115
53221,247,116
53222,247,117
53223,247,118
53224,247,119
53225,247,120
53226,247,121
53227,247,122
53228,247,123
53229,247,124
53230,247,125
53231,247,126
53232,247,127
53233,247,128
53234,247,129
53235,247,130
53236,247,131
53237,247,132
53238,247,133
53239,247,134
53240,247,135
53241,247,136
53242,247,137
53243,247,138
53244,247,139
53245,247,140
53246,247,141
53247,247,142
53248,247,143
53249,247,144
53250,247,145
53251,247,146
53252,247,147
53253,247,148
53254,247,149
53255,247,150
53256,247,151
53257,247,152
53258,247,153
53259,247,154
53260,247,155
53261,247,156
53262,247,157
53263,247,158
53264,247,159
53265,247,160
53266,247,161
53267,247,162
53268,247,163
53269,247,164
53270,247,165
53271,247,166
53272,247,167
53273,247,168
53274,247,169
53275,247,170
53276,247,171
53277,247,172
53278,247,173
53279,247,174
53280,247,175
53281,247,176
53282,247,177
53283,247,178
53284,247,179
53285,247,180
53286,247,181
53287,247,182
53288,247,183
53289,247,184
53290,247,185
53291,248,74
53292,248,75
53293,248,76
53294,248,77
53295,248,78
53296,248,79
53297,248,80
53298,248,81
53299,248,82
53300,248,83
53301,248,84
53302,248,85
53303,248,86
53304,248,87
53305,248,88
53306,248,89
53307,248,90
53308,248,91
53309,248,92
53310,248,93
53311,248,94
53312,248,95
53313,248,96
53314,248,97
53315,248,98
53316,248,99
53317,248,100
53318,248,101
53319,248,102
53320,248,103
53321,248,104
53322,248,105
53323,248,106
53324,248,107
53325,248,108
53326,248,109
53327,248,110
53328,248,111
53329,248,112
53330,248,113
53331,248,114
53332,248,115
53333,248,116
53334,248,117
53335,248,118
53336,248,119
53337,248,120
53338,248,121
53339,248,122
53340,248,123
53341,248,124
53342,248,125
53343,248,126
53344,248,127
53345,248,128
53346,248,129
53347,248,130
53348,248,131
53349,248,132
53350,248,133
53351,248,134
53352,248,135
53353,248,136
53354,248,137
53355,248,138
53356,248,139
53357,248,140
53358,248,141
53359,248,142
53360,248,143
53361,248,144
53362,248,145
53363,248,146
53364,248,147
53365,248,148
53366,248,149
53367,248,150
53368,248,151
53369,248,152
53370,248,153
53371,248,154
53372,248,155
53373,248,156
53374,248,157
53375,248,158
53376,248,159
53377,248,160
53378,248,161
53379,248,162
53380,248,163
53381,248,164
53382,248,165
53383,248,166
53384,248,167
53385,248,168
53386,248,169
53387,248,170
53388,248,171
53389,248,172
53390,248,173
53391,248,174
53392,248,175
53393,248,176
53394,248,177
53395,248,178
53396,248,179
53397,248,180
53398,248,181
53399,248,182
53400,249,76
53401,249,77
53402,249,78
53403,249,79
53404,249,80
53405,249,81
53406,249,82
53407,249,83
53408,249,84
53409,249,85
53410,249,86
53411,249,87
53412,249,88
53413,249,89
53414,249,90
53415,249,91
53416,249,92
53417,249,93
53418,249,94
53419,249,95
53420,249,96
53421,249,97
53422,249,98
53423,249,99
53424,249,100
53425,249,101
53426,249,102
53427,249,103
53428,249,104
53429,249,105
53430,249,106
53431,249,107
53432,249,108
53433,249,109
53434,249,110
53435,249,111
53436,249,112
53437,249,113
53438,249,114
53439,249,115
53440,249,116
53441,249,117
53442,249,118
53443,249,119
53444,249,120
53445,249,121
53446,249,122
53447,249,123
53448,249,124
53449,249,125
53450,249,126
53451,249,127
53452,249,128
53453,249,129
53454,249,130
53455,249,131
53456,249,132
53457,249,133
53458,249,134
53459,249,135
53460,249,136
53461,249,137
53462,249,138
53463,249,139
53464,249,140
53465,249,141
53466,249,142
53467,249,143
53468,249,144
53469,249,145
53470,249,146
53471,249,147
53472,249,148
53473,249,149
53474,249,150
53475,249,151
53476,249,152
53477,249,153
53478,249,154
53479,249,155
53480,249,156
53481,249,157
53482,249,158
53483,249,159
53484,249,160
53485,249,161
53486,249,162
53487,249,163
53488,249,164
53489,249,165
53490,249,166
53491,249,167
53492,249,168
53493,249,169
53494,249,170
53495,249,171
53496,249,172
53497,249,173
53498,249,174
53499,249,175
53500,249,176
53501,249,177
53502,249,178
53503,249,179
53504,249,180
53505,250,78
53506,250,79
53507,250,80
53508,250,81
53509,250,82
53510,250,83
53511,250,84
53512,250,85
53513,250,86
53514,250,87
53515,250,88
53516,250,89
53517,250,90
53518,250,91
53519,250,92
53520,250,93
53521,250,94
53522,250,95
53523,250,96
53524,250,97
53525,250,98
53526,250,99
53527,250,100
53528,250,101
53529,250,102
53530,250,103
53531,250,104
53532,250,105
53533,250,106
53534,250,107
53535,250,108
53536,250,109
53537,250,110
53538,250,111
53539,250,112
53540,250,113
53541,250,114
53542,250,115
53543,250,116
53544,250,117
53545,250,118
53546,250,119
53547,250,120
53548,250,121
53549,250,122
53550,250,123
53551,250,124
53552,250,125
53553,250,126
53554,250,127
53555,250,128
53556,250,129
53557,250,130
53558,250,131
53559,250,132
53560,250,133
53561,250,134
53562,250,135
53563,250,136
53564,250,137
53565,250,138
53566,250,139
53567,250,140
53568,250,141
53569,250,142
53570,250,143
53571,250,144
53572,250,145
53573,250,146
53574,250,147
53575,250,148
53576,250,149
53577,250,150
53578,250,151
53579,250,152
53580,250,153
53581,250,154
53582,250,155
53583,250,156
53584,250,157
53585,250,158
53586,250,159
53587,250,160
53588,250,161
53589,250,162
53590,250,163
53591,250,164
53592,250,165
53593,250,166
53594,250,167
53595,250,168
53596,250,169
53597,250,170
53598,250,171
53599,250,172
53600,250,173
53601,250,174
53602,250,175
53603,250,176
53604,250,177
53605,250,178
53606,251,81
53607,251,82
53608,251,83
53609,251,84
53610,251,85
53611,251,86
53612,251,87
53613,251,88
53614,251,89
53615,251,90
53616,251,91
53617,251,92
53618,251,93
53619,251,94
53620,251,95
53621,251,96
53622,251,97
53623,251,98
53624,251,99
53625,251,100
53626,251,101
53627,251,102
53628,251,103
53629,251,104
53630,251,105
53631,251,106
53632,251,107
53633,251,108
53634,251,109
53635,251,110
53636,251,111
53637,251,112
53638,251,113
53639,251,114
53640,251,115
53641,251,116
53642,251,117
53643,251,118
53644,251,119
53645,251,120
53646,251,121
53647,251,122
53648,251,123
53649,251,124
53650,251,125
53651,251,126
53652,251,127
53653,251,128
53654,251,129
53655,251,130
53656,251,131
53657,251,132
53658,251,133
53659,251,134
53660,251,135
53661,251,136
53662,251,137
53663,251,138
53664,251,139
53665,251,140
53666,251,141
53667,251,142
53668,251,143
53669,251,144
53670,251,145
53671,251,146
53672,251,147
53673,251,148
53674,251,149
53675,251,150
53676,251,151
53677,251,152
53678,251,153
53679,251,154
53680,251,155
53681,251,156
53682,251,157
53683,251,158
53684,251,159
53685,251,160
53686,251,161
53687,251,162
53688,251,163
53689,251,164
53690,251,165
53691,251,166
53692,251,167
53693,251,168
53694,251,169
53695,251,170
53696,251,171
53697,251,172
53698,251,173
53699,251,174
53700,251,175
53701,252,83
53702,252,84
53703,252,85
53704,252,86
53705,252,87
53706,252,88
53707,252,89
53708,252,90
53709,252,91
53710,252,92
53711,252,93
53712,252,94
53713,252,95
53714,252,96
53715,252,97
53716,252,98
53717,252,99
53718,252,100
53719,252,101
53720,252,102
53721,252,103
53722,252,104
53723,252,105
53724,252,106
53725,252,107
53726,252,108
53727,252,109
53728,252,110
53729,252,111
53730,252,112
53731,252,113
53732,252,114
53733,252,115
53734,252,116
53735,252,117
53736,252,118
53737,252,119
53738,252,120
53739,252,121
53740,252,122
53741,252,123
53742,252,124
53743,252,125
53744,252,126
53745,252,127
53746,252,128
53747,252,129
53748,252,130
53749,252,131
53750,252,132
53751,252,133
53752,252,134
53753,252,135
53754,252,136
53755,252,137
53756,252,138
53757,252,139
53758,252,140
53759,252,141
53760,252,142
53761,252,143
53762,252,144
53763,252,145
53764,252,146
53765,252,147
53766,252,148
53767,252,149
53768,252,150
53769,252,151
53770,252,152
53771,252,153
53772,252,154
53773,252,155
53774,252,156
53775,252,157
53776,252,158
53777,252,159
53778,252,160
53779,252,161
53780,252,162
53781,252,163
53782,252,164
53783,252,165
53784,252,166
53785,252,167
53786,252,168
53787,252,169
53788,252,170
53789,252,171
53790,252,172
53791,252,173
53792,253,86
53793,253,87
53794,253,88
53795,253,89
53796,253,90
53797,253,91
53798,253,92
53799,253,93
53800,253,94
53801,253,95
53802,253,96
53803,253,97
53804,253,98
53805,253,99
53806,253,100
53807,253,101
53808,253,102
53809,253,103
53810,253,104
53811,253,105
53812,253,106
53813,253,107
53814,253,108
53815,253,109
53816,253,110
53817,253,111
53818,253,112
53819,253,113
53820,253,114
53821,253,115
53822,253,116
53823,253,117
53824,253,118
53825,253,119
53826,253,120
53827,253,121
53828,253,122
53829,253,123
53830,253,124
53831,253,125
53832,253,126
53833,253,127
53834,253,128
53835,253,129
53836,253,130
53837,253,131
53838,253,132
53839,253,133
53840,253,134
53841,253,135
53842,253,136
53843,253,137
53844,253,138
53845,253,139
53846,253,140
53847,253,141
53848,253,142
53849,253,143
53850,253,144
53851,253,145
53852,253,146
53853,253,147
53854,253,148
53855,253,149
53856,253,150
53857,253,151
53858,253,152
53859,253,153
53860,253,154
53861,253,155
53862,253,156
53863,253,157
53864,253,158
53865,253,159
53866,253,160
53867,253,161
53868,253,162
53869,253,163
53870,253,164
53871,253,165
53872,253,166
53873,253,167
53874,253,168
53875,253,169
53876,253,170
53877,254,89
53878,254,90
53879,254,91
53880,254,92
53881,254,93
53882,254,94
53883,254,95
53884,254,96
53885,254,97
53886,254,98
53887,254,99
53888,254,100
53889,254,101
53890,254,102
53891,254,103
53892,254,104
53893,254,105
53894,254,106
53895,254,107
53896,254,108
53897,254,109
53898,254,110
53899,254,111
53900,254,112
53901,254,113
53902,254,114
53903,254,115
53904,254,116
53905,254,117
53906,254,118
53907,254,119
53908,254,120
53909,254,121
53910,254,122
53911,254,123
53912,254,124
53913,254,125
53914,254,126
53915,254,127
53916,254,128
53917,254,129
53918,254,130
53919,254,131
53920,254,132
53921,254,133
53922,254,134
53923,254,135
53924,254,136
53925,254,137
53926,254,138
53927,254,139
53928,254,140
53929,254,141
53930,254,142
53931,254,143
53932,254,144
53933,254,145
53934,254,146
53935,254,147
53936,254,148
53937,254,149
53938,254,150
53939,254,151
53940,254,152
53941,254,153
53942,254,154
53943,254,155
53944,254,156
53945,254,157
53946,254,158
53947,254,159
53948,254,160
53949,254,161
53950,254,162
53951,254,163
53952,254,164
53953,254,165
53954,254,166
53955,254,167
53956,255,93
53957,255,94
53958,255,95
53959,255,96
53960,255,97
53961,255,98
53962,255,99
53963,255,100
53964,255,101
53965,255,102
53966,255,103
53967,255,104
53968,255,105
53969,255,106
53970,255,107
53971,255,108
53972,255,109
53973,255,110
53974,255,111
53975,255,112
53976,255,113
53977,255,114
53978,255,115
53979,255,116
53980,255,117
53981,255,118
53982,255,119
53983,255,120
53984,255,121
53985,255,122
53986,255,123
53987,255,124
53988,255,125
53989,255,126
53990,255,127
53991,255,128
53992,255,129
53993,255,130
53994,255,131
53995,255,132
53996,255,133
53997,255,134
53998,255,135
53999,255,136
54000,255,137
54001,255,138
54002,255,139
54003,255,140
54004,255,141
54005,255,142
54006,255,143
54007,255,144
54008,255,145
54009,255,146
54010,255,147
54011,255,148
54012,255,149
54013,255,150
54014,255,151
54015,255,152
54016,255,153
54017,255,154
54018,255,155
54019,255,156
54020,255,157
54021,255,158
54022,255,159
54023,255,160
54024,255,161
54025,255,162
54026,255,163
